Copyright 1986-2022 Xilinx, Inc. All Rights Reserved.
------------------------------------------------------------------------------------------------------------------------------------------------------------------------------------------------------------------------------------------
| Tool Version : Vivado v.2022.1 (win64) Build 3526262 Mon Apr 18 15:48:16 MDT 2022
| Date         : Tue Oct  6 22:25:16 2026
| Host         : DESKTOP-CVLIU8H running 64-bit major release  (build 9200)
| Command      : report_timing_summary -max_paths 10 -report_unconstrained -file delay_pedal_top_timing_summary_routed.rpt -pb delay_pedal_top_timing_summary_routed.pb -rpx delay_pedal_top_timing_summary_routed.rpx -warn_on_violation
| Design       : delay_pedal_top
| Device       : 7z020-clg484
| Speed File   : -1  PRODUCTION 1.12 2019-11-22
------------------------------------------------------------------------------------------------------------------------------------------------------------------------------------------------------------------------------------------

Timing Summary Report

------------------------------------------------------------------------------------------------
| Timer Settings
| --------------
------------------------------------------------------------------------------------------------

  Enable Multi Corner Analysis               :  Yes
  Enable Pessimism Removal                   :  Yes
  Pessimism Removal Resolution               :  Nearest Common Node
  Enable Input Delay Default Clock           :  No
  Enable Preset / Clear Arcs                 :  No
  Disable Flight Delays                      :  No
  Ignore I/O Paths                           :  No
  Timing Early Launch at Borrowing Latches   :  No
  Borrow Time for Max Delay Exceptions       :  Yes
  Merge Timing Exceptions                    :  Yes

  Corner  Analyze    Analyze    
  Name    Max Paths  Min Paths  
  ------  ---------  ---------  
  Slow    Yes        Yes        
  Fast    Yes        Yes        


------------------------------------------------------------------------------------------------
| Report Methodology
| ------------------
------------------------------------------------------------------------------------------------

Rule       Severity  Description                                                                                            Violations  
---------  --------  -----------------------------------------------------------------------------------------------------  ----------  
TIMING-10  Warning   Missing property on synchronizer                                                                       1           
TIMING-18  Warning   Missing input or output delay                                                                          5           
TIMING-28  Warning   Auto-derived clock referenced by a timing constraint                                                   2           
TIMING-47  Warning   False path, asynchronous clock group or max delay datapath only constraint between synchronous clocks  2           

Note: This report is based on the most recent report_methodology run and may not be up-to-date. Run report_methodology on the current design for the latest report.



check_timing report

Table of Contents
-----------------
1. checking no_clock (0)
2. checking constant_clock (0)
3. checking pulse_width_clock (0)
4. checking unconstrained_internal_endpoints (0)
5. checking no_input_delay (9)
6. checking no_output_delay (4)
7. checking multiple_clock (0)
8. checking generated_clocks (0)
9. checking loops (0)
10. checking partial_input_delay (0)
11. checking partial_output_delay (0)
12. checking latch_loops (0)

1. checking no_clock (0)
------------------------
 There are 0 register/latch pins with no clock.


2. checking constant_clock (0)
------------------------------
 There are 0 register/latch pins with constant_clock.


3. checking pulse_width_clock (0)
---------------------------------
 There are 0 register/latch pins which need pulse_width check


4. checking unconstrained_internal_endpoints (0)
------------------------------------------------
 There are 0 pins that are not constrained for maximum delay.

 There are 0 pins that are not constrained for maximum delay due to constant clock.


5. checking no_input_delay (9)
------------------------------
 There are 9 input ports with no input delay specified. (HIGH)

 There are 0 input ports with no input delay but user has a false path constraint.


6. checking no_output_delay (4)
-------------------------------
 There are 4 ports with no output delay specified. (HIGH)

 There are 0 ports with no output delay but user has a false path constraint

 There are 0 ports with no output delay but with a timing clock defined on it or propagating through it


7. checking multiple_clock (0)
------------------------------
 There are 0 register/latch pins with multiple clocks.


8. checking generated_clocks (0)
--------------------------------
 There are 0 generated clocks that are not connected to a clock source.


9. checking loops (0)
---------------------
 There are 0 combinational loops in the design.


10. checking partial_input_delay (0)
------------------------------------
 There are 0 input ports with partial input delay specified.


11. checking partial_output_delay (0)
-------------------------------------
 There are 0 ports with partial output delay specified.


12. checking latch_loops (0)
----------------------------
 There are 0 combinational latch loops in the design through latch input



------------------------------------------------------------------------------------------------
| Design Timing Summary
| ---------------------
------------------------------------------------------------------------------------------------

    WNS(ns)      TNS(ns)  TNS Failing Endpoints  TNS Total Endpoints      WHS(ns)      THS(ns)  THS Failing Endpoints  THS Total Endpoints     WPWS(ns)     TPWS(ns)  TPWS Failing Endpoints  TPWS Total Endpoints  
    -------      -------  ---------------------  -------------------      -------      -------  ---------------------  -------------------     --------     --------  ----------------------  --------------------  
      3.274        0.000                      0                 6087        0.025        0.000                      0                 6087        3.000        0.000                       0                  2029  


All user specified timing constraints are met.


------------------------------------------------------------------------------------------------
| Clock Summary
| -------------
------------------------------------------------------------------------------------------------

Clock                Waveform(ns)       Period(ns)      Frequency(MHz)
-----                ------------       ----------      --------------
clk_100              {0.000 5.000}      10.000          100.000         
  clk_feedback       {0.000 25.000}     50.000          20.000          
  zed_audio_clk_48M  {0.000 10.417}     20.833          48.000          


------------------------------------------------------------------------------------------------
| Intra Clock Table
| -----------------
------------------------------------------------------------------------------------------------

Clock                    WNS(ns)      TNS(ns)  TNS Failing Endpoints  TNS Total Endpoints      WHS(ns)      THS(ns)  THS Failing Endpoints  THS Total Endpoints     WPWS(ns)     TPWS(ns)  TPWS Failing Endpoints  TPWS Total Endpoints  
-----                    -------      -------  ---------------------  -------------------      -------      -------  ---------------------  -------------------     --------     --------  ----------------------  --------------------  
clk_100                    3.274        0.000                      0                 5636        0.067        0.000                      0                 5636        3.000        0.000                       0                  1799  
  clk_feedback                                                                                                                                                        48.751        0.000                       0                     2  
  zed_audio_clk_48M       13.757        0.000                      0                  451        0.025        0.000                      0                  451        9.437        0.000                       0                   228  


------------------------------------------------------------------------------------------------
| Inter Clock Table
| -----------------
------------------------------------------------------------------------------------------------

From Clock    To Clock          WNS(ns)      TNS(ns)  TNS Failing Endpoints  TNS Total Endpoints      WHS(ns)      THS(ns)  THS Failing Endpoints  THS Total Endpoints  
----------    --------          -------      -------  ---------------------  -------------------      -------      -------  ---------------------  -------------------  


------------------------------------------------------------------------------------------------
| Other Path Groups Table
| -----------------------
------------------------------------------------------------------------------------------------

Path Group    From Clock    To Clock          WNS(ns)      TNS(ns)  TNS Failing Endpoints  TNS Total Endpoints      WHS(ns)      THS(ns)  THS Failing Endpoints  THS Total Endpoints  
----------    ----------    --------          -------      -------  ---------------------  -------------------      -------      -------  ---------------------  -------------------  


------------------------------------------------------------------------------------------------
| User Ignored Path Table
| -----------------------
------------------------------------------------------------------------------------------------

Path Group         From Clock         To Clock         
----------         ----------         --------         
(none)             clk_100            clk_100            
(none)             zed_audio_clk_48M  clk_100            
(none)             clk_100            zed_audio_clk_48M  


------------------------------------------------------------------------------------------------
| Unconstrained Path Table
| ------------------------
------------------------------------------------------------------------------------------------

Path Group         From Clock         To Clock         
----------         ----------         --------         
(none)             clk_feedback                          
(none)             zed_audio_clk_48M                     
(none)                                clk_100            
(none)                                zed_audio_clk_48M  


------------------------------------------------------------------------------------------------
| Timing Details
| --------------
------------------------------------------------------------------------------------------------


---------------------------------------------------------------------------------------------------
From Clock:  clk_100
  To Clock:  clk_100

Setup :            0  Failing Endpoints,  Worst Slack        3.274ns,  Total Violation        0.000ns
Hold  :            0  Failing Endpoints,  Worst Slack        0.067ns,  Total Violation        0.000ns
PW    :            0  Failing Endpoints,  Worst Slack        3.000ns,  Total Violation        0.000ns
---------------------------------------------------------------------------------------------------


Max Delay Paths
--------------------------------------------------------------------------------------
Slack (MET) :             3.274ns  (required time - arrival time)
  Source:                 lvl_lp_reg[2]/C
                            (rising edge-triggered cell FDRE clocked by clk_100  {rise@0.000ns fall@5.000ns period=10.000ns})
  Destination:            chan_r/p_lp_reg/B[7]
                            (rising edge-triggered cell DSP48E1 clocked by clk_100  {rise@0.000ns fall@5.000ns period=10.000ns})
  Path Group:             clk_100
  Path Type:              Setup (Max at Slow Process Corner)
  Requirement:            10.000ns  (clk_100 rise@10.000ns - clk_100 rise@0.000ns)
  Data Path Delay:        3.018ns  (logic 0.718ns (23.787%)  route 2.300ns (76.213%))
  Logic Levels:           1  (LUT3=1)
  Clock Path Skew:        -0.136ns (DCD - SCD + CPR)
    Destination Clock Delay (DCD):    5.056ns = ( 15.056 - 10.000 ) 
    Source Clock Delay      (SCD):    5.485ns
    Clock Pessimism Removal (CPR):    0.294ns
  Clock Uncertainty:      0.035ns  ((TSJ^2 + TIJ^2)^1/2 + DJ) / 2 + PE
    Total System Jitter     (TSJ):    0.071ns
    Total Input Jitter      (TIJ):    0.000ns
    Discrete Jitter          (DJ):    0.000ns
    Phase Error              (PE):    0.000ns

    Location             Delay type                Incr(ns)  Path(ns)    Netlist Resource(s)
  -------------------------------------------------------------------    -------------------
                         (clock clk_100 rise edge)    0.000     0.000 r  
    Y9                                                0.000     0.000 r  clk_100 (IN)
                         net (fo=0)                   0.000     0.000    i_audio/i_clocking/clk_100
    Y9                   IBUF (Prop_ibuf_I_O)         1.490     1.490 r  i_audio/i_clocking/clkin1_buf/O
                         net (fo=1, routed)           2.171     3.661    i_audio/i_clocking/o_CLK_100
    BUFGCTRL_X0Y0        BUFG (Prop_bufg_I_O)         0.101     3.762 r  i_audio/i_clocking/o_CLK_100_BUFG_inst/O
                         net (fo=1798, routed)        1.723     5.485    clk
    SLICE_X60Y14         FDRE                                         r  lvl_lp_reg[2]/C
  -------------------------------------------------------------------    -------------------
    SLICE_X60Y14         FDRE (Prop_fdre_C_Q)         0.419     5.904 f  lvl_lp_reg[2]/Q
                         net (fo=5, routed)           0.849     6.754    chan_r/lvl_lp[2]
    SLICE_X60Y13         LUT3 (Prop_lut3_I2_O)        0.299     7.053 r  chan_r/p_lp_reg_i_2/O
                         net (fo=2, routed)           1.451     8.504    chan_r/B[1]
    DSP48_X2Y7           DSP48E1                                      r  chan_r/p_lp_reg/B[7]
  -------------------------------------------------------------------    -------------------

                         (clock clk_100 rise edge)   10.000    10.000 r  
    Y9                                                0.000    10.000 r  clk_100 (IN)
                         net (fo=0)                   0.000    10.000    i_audio/i_clocking/clk_100
    Y9                   IBUF (Prop_ibuf_I_O)         1.420    11.420 r  i_audio/i_clocking/clkin1_buf/O
                         net (fo=1, routed)           1.972    13.392    i_audio/i_clocking/o_CLK_100
    BUFGCTRL_X0Y0        BUFG (Prop_bufg_I_O)         0.091    13.483 r  i_audio/i_clocking/o_CLK_100_BUFG_inst/O
                         net (fo=1798, routed)        1.573    15.056    chan_r/o_clk_100
    DSP48_X2Y7           DSP48E1                                      r  chan_r/p_lp_reg/CLK
                         clock pessimism              0.294    15.349    
                         clock uncertainty           -0.035    15.314    
    DSP48_X2Y7           DSP48E1 (Setup_dsp48e1_CLK_B[7])
                                                     -3.536    11.778    chan_r/p_lp_reg
  -------------------------------------------------------------------
                         required time                         11.778    
                         arrival time                          -8.504    
  -------------------------------------------------------------------
                         slack                                  3.274    

Slack (MET) :             3.317ns  (required time - arrival time)
  Source:                 effect_on_reg/C
                            (rising edge-triggered cell FDSE clocked by clk_100  {rise@0.000ns fall@5.000ns period=10.000ns})
  Destination:            chan_r/p_hp_reg/B[8]
                            (rising edge-triggered cell DSP48E1 clocked by clk_100  {rise@0.000ns fall@5.000ns period=10.000ns})
  Path Group:             clk_100
  Path Type:              Setup (Max at Slow Process Corner)
  Requirement:            10.000ns  (clk_100 rise@10.000ns - clk_100 rise@0.000ns)
  Data Path Delay:        2.777ns  (logic 0.610ns (21.962%)  route 2.167ns (78.038%))
  Logic Levels:           1  (LUT4=1)
  Clock Path Skew:        -0.131ns (DCD - SCD + CPR)
    Destination Clock Delay (DCD):    5.061ns = ( 15.061 - 10.000 ) 
    Source Clock Delay      (SCD):    5.485ns
    Clock Pessimism Removal (CPR):    0.294ns
  Clock Uncertainty:      0.035ns  ((TSJ^2 + TIJ^2)^1/2 + DJ) / 2 + PE
    Total System Jitter     (TSJ):    0.071ns
    Total Input Jitter      (TIJ):    0.000ns
    Discrete Jitter          (DJ):    0.000ns
    Phase Error              (PE):    0.000ns

    Location             Delay type                Incr(ns)  Path(ns)    Netlist Resource(s)
  -------------------------------------------------------------------    -------------------
                         (clock clk_100 rise edge)    0.000     0.000 r  
    Y9                                                0.000     0.000 r  clk_100 (IN)
                         net (fo=0)                   0.000     0.000    i_audio/i_clocking/clk_100
    Y9                   IBUF (Prop_ibuf_I_O)         1.490     1.490 r  i_audio/i_clocking/clkin1_buf/O
                         net (fo=1, routed)           2.171     3.661    i_audio/i_clocking/o_CLK_100
    BUFGCTRL_X0Y0        BUFG (Prop_bufg_I_O)         0.101     3.762 r  i_audio/i_clocking/o_CLK_100_BUFG_inst/O
                         net (fo=1798, routed)        1.723     5.485    clk
    SLICE_X60Y14         FDSE                                         r  effect_on_reg/C
  -------------------------------------------------------------------    -------------------
    SLICE_X60Y14         FDSE (Prop_fdse_C_Q)         0.456     5.941 r  effect_on_reg/Q
                         net (fo=7, routed)           0.839     6.780    chan_r/effect_on
    SLICE_X60Y12         LUT4 (Prop_lut4_I0_O)        0.154     6.934 r  chan_r/p_hp_reg_i_1/O
                         net (fo=2, routed)           1.329     8.263    chan_r/effect_on_reg[2]
    DSP48_X2Y5           DSP48E1                                      r  chan_r/p_hp_reg/B[8]
  -------------------------------------------------------------------    -------------------

                         (clock clk_100 rise edge)   10.000    10.000 r  
    Y9                                                0.000    10.000 r  clk_100 (IN)
                         net (fo=0)                   0.000    10.000    i_audio/i_clocking/clk_100
    Y9                   IBUF (Prop_ibuf_I_O)         1.420    11.420 r  i_audio/i_clocking/clkin1_buf/O
                         net (fo=1, routed)           1.972    13.392    i_audio/i_clocking/o_CLK_100
    BUFGCTRL_X0Y0        BUFG (Prop_bufg_I_O)         0.091    13.483 r  i_audio/i_clocking/o_CLK_100_BUFG_inst/O
                         net (fo=1798, routed)        1.578    15.061    chan_r/o_clk_100
    DSP48_X2Y5           DSP48E1                                      r  chan_r/p_hp_reg/CLK
                         clock pessimism              0.294    15.354    
                         clock uncertainty           -0.035    15.319    
    DSP48_X2Y5           DSP48E1 (Setup_dsp48e1_CLK_B[8])
                                                     -3.739    11.580    chan_r/p_hp_reg
  -------------------------------------------------------------------
                         required time                         11.580    
                         arrival time                          -8.263    
  -------------------------------------------------------------------
                         slack                                  3.317    

Slack (MET) :             3.329ns  (required time - arrival time)
  Source:                 effect_on_reg/C
                            (rising edge-triggered cell FDSE clocked by clk_100  {rise@0.000ns fall@5.000ns period=10.000ns})
  Destination:            chan_l/p_hp_reg/B[8]
                            (rising edge-triggered cell DSP48E1 clocked by clk_100  {rise@0.000ns fall@5.000ns period=10.000ns})
  Path Group:             clk_100
  Path Type:              Setup (Max at Slow Process Corner)
  Requirement:            10.000ns  (clk_100 rise@10.000ns - clk_100 rise@0.000ns)
  Data Path Delay:        2.987ns  (logic 0.610ns (20.419%)  route 2.377ns (79.581%))
  Logic Levels:           1  (LUT4=1)
  Clock Path Skew:        0.091ns (DCD - SCD + CPR)
    Destination Clock Delay (DCD):    5.182ns = ( 15.182 - 10.000 ) 
    Source Clock Delay      (SCD):    5.485ns
    Clock Pessimism Removal (CPR):    0.394ns
  Clock Uncertainty:      0.035ns  ((TSJ^2 + TIJ^2)^1/2 + DJ) / 2 + PE
    Total System Jitter     (TSJ):    0.071ns
    Total Input Jitter      (TIJ):    0.000ns
    Discrete Jitter          (DJ):    0.000ns
    Phase Error              (PE):    0.000ns

    Location             Delay type                Incr(ns)  Path(ns)    Netlist Resource(s)
  -------------------------------------------------------------------    -------------------
                         (clock clk_100 rise edge)    0.000     0.000 r  
    Y9                                                0.000     0.000 r  clk_100 (IN)
                         net (fo=0)                   0.000     0.000    i_audio/i_clocking/clk_100
    Y9                   IBUF (Prop_ibuf_I_O)         1.490     1.490 r  i_audio/i_clocking/clkin1_buf/O
                         net (fo=1, routed)           2.171     3.661    i_audio/i_clocking/o_CLK_100
    BUFGCTRL_X0Y0        BUFG (Prop_bufg_I_O)         0.101     3.762 r  i_audio/i_clocking/o_CLK_100_BUFG_inst/O
                         net (fo=1798, routed)        1.723     5.485    clk
    SLICE_X60Y14         FDSE                                         r  effect_on_reg/C
  -------------------------------------------------------------------    -------------------
    SLICE_X60Y14         FDSE (Prop_fdse_C_Q)         0.456     5.941 r  effect_on_reg/Q
                         net (fo=7, routed)           0.839     6.780    chan_r/effect_on
    SLICE_X60Y12         LUT4 (Prop_lut4_I0_O)        0.154     6.934 r  chan_r/p_hp_reg_i_1/O
                         net (fo=2, routed)           1.538     8.473    chan_l/p_hp_reg_0[2]
    DSP48_X3Y7           DSP48E1                                      r  chan_l/p_hp_reg/B[8]
  -------------------------------------------------------------------    -------------------

                         (clock clk_100 rise edge)   10.000    10.000 r  
    Y9                                                0.000    10.000 r  clk_100 (IN)
                         net (fo=0)                   0.000    10.000    i_audio/i_clocking/clk_100
    Y9                   IBUF (Prop_ibuf_I_O)         1.420    11.420 r  i_audio/i_clocking/clkin1_buf/O
                         net (fo=1, routed)           1.972    13.392    i_audio/i_clocking/o_CLK_100
    BUFGCTRL_X0Y0        BUFG (Prop_bufg_I_O)         0.091    13.483 r  i_audio/i_clocking/o_CLK_100_BUFG_inst/O
                         net (fo=1798, routed)        1.699    15.182    chan_l/o_clk_100
    DSP48_X3Y7           DSP48E1                                      r  chan_l/p_hp_reg/CLK
                         clock pessimism              0.394    15.576    
                         clock uncertainty           -0.035    15.541    
    DSP48_X3Y7           DSP48E1 (Setup_dsp48e1_CLK_B[8])
                                                     -3.739    11.802    chan_l/p_hp_reg
  -------------------------------------------------------------------
                         required time                         11.802    
                         arrival time                          -8.473    
  -------------------------------------------------------------------
                         slack                                  3.329    

Slack (MET) :             3.405ns  (required time - arrival time)
  Source:                 effect_on_reg/C
                            (rising edge-triggered cell FDSE clocked by clk_100  {rise@0.000ns fall@5.000ns period=10.000ns})
  Destination:            chan_r/p_lp_reg/B[8]
                            (rising edge-triggered cell DSP48E1 clocked by clk_100  {rise@0.000ns fall@5.000ns period=10.000ns})
  Path Group:             clk_100
  Path Type:              Setup (Max at Slow Process Corner)
  Requirement:            10.000ns  (clk_100 rise@10.000ns - clk_100 rise@0.000ns)
  Data Path Delay:        2.680ns  (logic 0.606ns (22.616%)  route 2.074ns (77.384%))
  Logic Levels:           1  (LUT4=1)
  Clock Path Skew:        -0.136ns (DCD - SCD + CPR)
    Destination Clock Delay (DCD):    5.056ns = ( 15.056 - 10.000 ) 
    Source Clock Delay      (SCD):    5.485ns
    Clock Pessimism Removal (CPR):    0.294ns
  Clock Uncertainty:      0.035ns  ((TSJ^2 + TIJ^2)^1/2 + DJ) / 2 + PE
    Total System Jitter     (TSJ):    0.071ns
    Total Input Jitter      (TIJ):    0.000ns
    Discrete Jitter          (DJ):    0.000ns
    Phase Error              (PE):    0.000ns

    Location             Delay type                Incr(ns)  Path(ns)    Netlist Resource(s)
  -------------------------------------------------------------------    -------------------
                         (clock clk_100 rise edge)    0.000     0.000 r  
    Y9                                                0.000     0.000 r  clk_100 (IN)
                         net (fo=0)                   0.000     0.000    i_audio/i_clocking/clk_100
    Y9                   IBUF (Prop_ibuf_I_O)         1.490     1.490 r  i_audio/i_clocking/clkin1_buf/O
                         net (fo=1, routed)           2.171     3.661    i_audio/i_clocking/o_CLK_100
    BUFGCTRL_X0Y0        BUFG (Prop_bufg_I_O)         0.101     3.762 r  i_audio/i_clocking/o_CLK_100_BUFG_inst/O
                         net (fo=1798, routed)        1.723     5.485    clk
    SLICE_X60Y14         FDSE                                         r  effect_on_reg/C
  -------------------------------------------------------------------    -------------------
    SLICE_X60Y14         FDSE (Prop_fdse_C_Q)         0.456     5.941 r  effect_on_reg/Q
                         net (fo=7, routed)           0.684     6.626    chan_r/effect_on
    SLICE_X60Y14         LUT4 (Prop_lut4_I0_O)        0.150     6.776 r  chan_r/p_lp_reg_i_1/O
                         net (fo=2, routed)           1.389     8.165    chan_r/B[2]
    DSP48_X2Y7           DSP48E1                                      r  chan_r/p_lp_reg/B[8]
  -------------------------------------------------------------------    -------------------

                         (clock clk_100 rise edge)   10.000    10.000 r  
    Y9                                                0.000    10.000 r  clk_100 (IN)
                         net (fo=0)                   0.000    10.000    i_audio/i_clocking/clk_100
    Y9                   IBUF (Prop_ibuf_I_O)         1.420    11.420 r  i_audio/i_clocking/clkin1_buf/O
                         net (fo=1, routed)           1.972    13.392    i_audio/i_clocking/o_CLK_100
    BUFGCTRL_X0Y0        BUFG (Prop_bufg_I_O)         0.091    13.483 r  i_audio/i_clocking/o_CLK_100_BUFG_inst/O
                         net (fo=1798, routed)        1.573    15.056    chan_r/o_clk_100
    DSP48_X2Y7           DSP48E1                                      r  chan_r/p_lp_reg/CLK
                         clock pessimism              0.294    15.349    
                         clock uncertainty           -0.035    15.314    
    DSP48_X2Y7           DSP48E1 (Setup_dsp48e1_CLK_B[8])
                                                     -3.744    11.570    chan_r/p_lp_reg
  -------------------------------------------------------------------
                         required time                         11.570    
                         arrival time                          -8.165    
  -------------------------------------------------------------------
                         slack                                  3.405    

Slack (MET) :             3.409ns  (required time - arrival time)
  Source:                 lvl_hp_reg[2]/C
                            (rising edge-triggered cell FDRE clocked by clk_100  {rise@0.000ns fall@5.000ns period=10.000ns})
  Destination:            chan_r/p_hp_reg/B[7]
                            (rising edge-triggered cell DSP48E1 clocked by clk_100  {rise@0.000ns fall@5.000ns period=10.000ns})
  Path Group:             clk_100
  Path Type:              Setup (Max at Slow Process Corner)
  Requirement:            10.000ns  (clk_100 rise@10.000ns - clk_100 rise@0.000ns)
  Data Path Delay:        2.679ns  (logic 0.746ns (27.842%)  route 1.933ns (72.158%))
  Logic Levels:           1  (LUT3=1)
  Clock Path Skew:        -0.132ns (DCD - SCD + CPR)
    Destination Clock Delay (DCD):    5.061ns = ( 15.061 - 10.000 ) 
    Source Clock Delay      (SCD):    5.486ns
    Clock Pessimism Removal (CPR):    0.294ns
  Clock Uncertainty:      0.035ns  ((TSJ^2 + TIJ^2)^1/2 + DJ) / 2 + PE
    Total System Jitter     (TSJ):    0.071ns
    Total Input Jitter      (TIJ):    0.000ns
    Discrete Jitter          (DJ):    0.000ns
    Phase Error              (PE):    0.000ns

    Location             Delay type                Incr(ns)  Path(ns)    Netlist Resource(s)
  -------------------------------------------------------------------    -------------------
                         (clock clk_100 rise edge)    0.000     0.000 r  
    Y9                                                0.000     0.000 r  clk_100 (IN)
                         net (fo=0)                   0.000     0.000    i_audio/i_clocking/clk_100
    Y9                   IBUF (Prop_ibuf_I_O)         1.490     1.490 r  i_audio/i_clocking/clkin1_buf/O
                         net (fo=1, routed)           2.171     3.661    i_audio/i_clocking/o_CLK_100
    BUFGCTRL_X0Y0        BUFG (Prop_bufg_I_O)         0.101     3.762 r  i_audio/i_clocking/o_CLK_100_BUFG_inst/O
                         net (fo=1798, routed)        1.724     5.486    clk
    SLICE_X60Y12         FDRE                                         r  lvl_hp_reg[2]/C
  -------------------------------------------------------------------    -------------------
    SLICE_X60Y12         FDRE (Prop_fdre_C_Q)         0.419     5.905 f  lvl_hp_reg[2]/Q
                         net (fo=5, routed)           0.826     6.731    chan_r/lvl_hp[2]
    SLICE_X60Y13         LUT3 (Prop_lut3_I2_O)        0.327     7.058 r  chan_r/p_hp_reg_i_2/O
                         net (fo=2, routed)           1.108     8.166    chan_r/effect_on_reg[1]
    DSP48_X2Y5           DSP48E1                                      r  chan_r/p_hp_reg/B[7]
  -------------------------------------------------------------------    -------------------

                         (clock clk_100 rise edge)   10.000    10.000 r  
    Y9                                                0.000    10.000 r  clk_100 (IN)
                         net (fo=0)                   0.000    10.000    i_audio/i_clocking/clk_100
    Y9                   IBUF (Prop_ibuf_I_O)         1.420    11.420 r  i_audio/i_clocking/clkin1_buf/O
                         net (fo=1, routed)           1.972    13.392    i_audio/i_clocking/o_CLK_100
    BUFGCTRL_X0Y0        BUFG (Prop_bufg_I_O)         0.091    13.483 r  i_audio/i_clocking/o_CLK_100_BUFG_inst/O
                         net (fo=1798, routed)        1.578    15.061    chan_r/o_clk_100
    DSP48_X2Y5           DSP48E1                                      r  chan_r/p_hp_reg/CLK
                         clock pessimism              0.294    15.354    
                         clock uncertainty           -0.035    15.319    
    DSP48_X2Y5           DSP48E1 (Setup_dsp48e1_CLK_B[7])
                                                     -3.744    11.575    chan_r/p_hp_reg
  -------------------------------------------------------------------
                         required time                         11.575    
                         arrival time                          -8.166    
  -------------------------------------------------------------------
                         slack                                  3.409    

Slack (MET) :             3.435ns  (required time - arrival time)
  Source:                 lvl_lp_reg[2]/C
                            (rising edge-triggered cell FDRE clocked by clk_100  {rise@0.000ns fall@5.000ns period=10.000ns})
  Destination:            chan_l/p_lp_reg/B[7]
                            (rising edge-triggered cell DSP48E1 clocked by clk_100  {rise@0.000ns fall@5.000ns period=10.000ns})
  Path Group:             clk_100
  Path Type:              Setup (Max at Slow Process Corner)
  Requirement:            10.000ns  (clk_100 rise@10.000ns - clk_100 rise@0.000ns)
  Data Path Delay:        3.088ns  (logic 0.718ns (23.255%)  route 2.370ns (76.745%))
  Logic Levels:           1  (LUT3=1)
  Clock Path Skew:        0.094ns (DCD - SCD + CPR)
    Destination Clock Delay (DCD):    5.185ns = ( 15.185 - 10.000 ) 
    Source Clock Delay      (SCD):    5.485ns
    Clock Pessimism Removal (CPR):    0.394ns
  Clock Uncertainty:      0.035ns  ((TSJ^2 + TIJ^2)^1/2 + DJ) / 2 + PE
    Total System Jitter     (TSJ):    0.071ns
    Total Input Jitter      (TIJ):    0.000ns
    Discrete Jitter          (DJ):    0.000ns
    Phase Error              (PE):    0.000ns

    Location             Delay type                Incr(ns)  Path(ns)    Netlist Resource(s)
  -------------------------------------------------------------------    -------------------
                         (clock clk_100 rise edge)    0.000     0.000 r  
    Y9                                                0.000     0.000 r  clk_100 (IN)
                         net (fo=0)                   0.000     0.000    i_audio/i_clocking/clk_100
    Y9                   IBUF (Prop_ibuf_I_O)         1.490     1.490 r  i_audio/i_clocking/clkin1_buf/O
                         net (fo=1, routed)           2.171     3.661    i_audio/i_clocking/o_CLK_100
    BUFGCTRL_X0Y0        BUFG (Prop_bufg_I_O)         0.101     3.762 r  i_audio/i_clocking/o_CLK_100_BUFG_inst/O
                         net (fo=1798, routed)        1.723     5.485    clk
    SLICE_X60Y14         FDRE                                         r  lvl_lp_reg[2]/C
  -------------------------------------------------------------------    -------------------
    SLICE_X60Y14         FDRE (Prop_fdre_C_Q)         0.419     5.904 f  lvl_lp_reg[2]/Q
                         net (fo=5, routed)           0.849     6.754    chan_r/lvl_lp[2]
    SLICE_X60Y13         LUT3 (Prop_lut3_I2_O)        0.299     7.053 r  chan_r/p_lp_reg_i_2/O
                         net (fo=2, routed)           1.520     8.573    chan_l/B[1]
    DSP48_X3Y6           DSP48E1                                      r  chan_l/p_lp_reg/B[7]
  -------------------------------------------------------------------    -------------------

                         (clock clk_100 rise edge)   10.000    10.000 r  
    Y9                                                0.000    10.000 r  clk_100 (IN)
                         net (fo=0)                   0.000    10.000    i_audio/i_clocking/clk_100
    Y9                   IBUF (Prop_ibuf_I_O)         1.420    11.420 r  i_audio/i_clocking/clkin1_buf/O
                         net (fo=1, routed)           1.972    13.392    i_audio/i_clocking/o_CLK_100
    BUFGCTRL_X0Y0        BUFG (Prop_bufg_I_O)         0.091    13.483 r  i_audio/i_clocking/o_CLK_100_BUFG_inst/O
                         net (fo=1798, routed)        1.702    15.185    chan_l/o_clk_100
    DSP48_X3Y6           DSP48E1                                      r  chan_l/p_lp_reg/CLK
                         clock pessimism              0.394    15.579    
                         clock uncertainty           -0.035    15.544    
    DSP48_X3Y6           DSP48E1 (Setup_dsp48e1_CLK_B[7])
                                                     -3.536    12.008    chan_l/p_lp_reg
  -------------------------------------------------------------------
                         required time                         12.008    
                         arrival time                          -8.573    
  -------------------------------------------------------------------
                         slack                                  3.435    

Slack (MET) :             3.471ns  (required time - arrival time)
  Source:                 lvl_hp_reg[2]/C
                            (rising edge-triggered cell FDRE clocked by clk_100  {rise@0.000ns fall@5.000ns period=10.000ns})
  Destination:            chan_l/p_hp_reg/B[7]
                            (rising edge-triggered cell DSP48E1 clocked by clk_100  {rise@0.000ns fall@5.000ns period=10.000ns})
  Path Group:             clk_100
  Path Type:              Setup (Max at Slow Process Corner)
  Requirement:            10.000ns  (clk_100 rise@10.000ns - clk_100 rise@0.000ns)
  Data Path Delay:        2.839ns  (logic 0.746ns (26.278%)  route 2.093ns (73.722%))
  Logic Levels:           1  (LUT3=1)
  Clock Path Skew:        0.090ns (DCD - SCD + CPR)
    Destination Clock Delay (DCD):    5.182ns = ( 15.182 - 10.000 ) 
    Source Clock Delay      (SCD):    5.486ns
    Clock Pessimism Removal (CPR):    0.394ns
  Clock Uncertainty:      0.035ns  ((TSJ^2 + TIJ^2)^1/2 + DJ) / 2 + PE
    Total System Jitter     (TSJ):    0.071ns
    Total Input Jitter      (TIJ):    0.000ns
    Discrete Jitter          (DJ):    0.000ns
    Phase Error              (PE):    0.000ns

    Location             Delay type                Incr(ns)  Path(ns)    Netlist Resource(s)
  -------------------------------------------------------------------    -------------------
                         (clock clk_100 rise edge)    0.000     0.000 r  
    Y9                                                0.000     0.000 r  clk_100 (IN)
                         net (fo=0)                   0.000     0.000    i_audio/i_clocking/clk_100
    Y9                   IBUF (Prop_ibuf_I_O)         1.490     1.490 r  i_audio/i_clocking/clkin1_buf/O
                         net (fo=1, routed)           2.171     3.661    i_audio/i_clocking/o_CLK_100
    BUFGCTRL_X0Y0        BUFG (Prop_bufg_I_O)         0.101     3.762 r  i_audio/i_clocking/o_CLK_100_BUFG_inst/O
                         net (fo=1798, routed)        1.724     5.486    clk
    SLICE_X60Y12         FDRE                                         r  lvl_hp_reg[2]/C
  -------------------------------------------------------------------    -------------------
    SLICE_X60Y12         FDRE (Prop_fdre_C_Q)         0.419     5.905 f  lvl_hp_reg[2]/Q
                         net (fo=5, routed)           0.826     6.731    chan_r/lvl_hp[2]
    SLICE_X60Y13         LUT3 (Prop_lut3_I2_O)        0.327     7.058 r  chan_r/p_hp_reg_i_2/O
                         net (fo=2, routed)           1.267     8.325    chan_l/p_hp_reg_0[1]
    DSP48_X3Y7           DSP48E1                                      r  chan_l/p_hp_reg/B[7]
  -------------------------------------------------------------------    -------------------

                         (clock clk_100 rise edge)   10.000    10.000 r  
    Y9                                                0.000    10.000 r  clk_100 (IN)
                         net (fo=0)                   0.000    10.000    i_audio/i_clocking/clk_100
    Y9                   IBUF (Prop_ibuf_I_O)         1.420    11.420 r  i_audio/i_clocking/clkin1_buf/O
                         net (fo=1, routed)           1.972    13.392    i_audio/i_clocking/o_CLK_100
    BUFGCTRL_X0Y0        BUFG (Prop_bufg_I_O)         0.091    13.483 r  i_audio/i_clocking/o_CLK_100_BUFG_inst/O
                         net (fo=1798, routed)        1.699    15.182    chan_l/o_clk_100
    DSP48_X3Y7           DSP48E1                                      r  chan_l/p_hp_reg/CLK
                         clock pessimism              0.394    15.576    
                         clock uncertainty           -0.035    15.541    
    DSP48_X3Y7           DSP48E1 (Setup_dsp48e1_CLK_B[7])
                                                     -3.744    11.797    chan_l/p_hp_reg
  -------------------------------------------------------------------
                         required time                         11.797    
                         arrival time                          -8.325    
  -------------------------------------------------------------------
                         slack                                  3.471    

Slack (MET) :             3.495ns  (required time - arrival time)
  Source:                 effect_on_reg/C
                            (rising edge-triggered cell FDSE clocked by clk_100  {rise@0.000ns fall@5.000ns period=10.000ns})
  Destination:            chan_l/p_lp_reg/B[8]
                            (rising edge-triggered cell DSP48E1 clocked by clk_100  {rise@0.000ns fall@5.000ns period=10.000ns})
  Path Group:             clk_100
  Path Type:              Setup (Max at Slow Process Corner)
  Requirement:            10.000ns  (clk_100 rise@10.000ns - clk_100 rise@0.000ns)
  Data Path Delay:        2.819ns  (logic 0.606ns (21.497%)  route 2.213ns (78.503%))
  Logic Levels:           1  (LUT4=1)
  Clock Path Skew:        0.094ns (DCD - SCD + CPR)
    Destination Clock Delay (DCD):    5.185ns = ( 15.185 - 10.000 ) 
    Source Clock Delay      (SCD):    5.485ns
    Clock Pessimism Removal (CPR):    0.394ns
  Clock Uncertainty:      0.035ns  ((TSJ^2 + TIJ^2)^1/2 + DJ) / 2 + PE
    Total System Jitter     (TSJ):    0.071ns
    Total Input Jitter      (TIJ):    0.000ns
    Discrete Jitter          (DJ):    0.000ns
    Phase Error              (PE):    0.000ns

    Location             Delay type                Incr(ns)  Path(ns)    Netlist Resource(s)
  -------------------------------------------------------------------    -------------------
                         (clock clk_100 rise edge)    0.000     0.000 r  
    Y9                                                0.000     0.000 r  clk_100 (IN)
                         net (fo=0)                   0.000     0.000    i_audio/i_clocking/clk_100
    Y9                   IBUF (Prop_ibuf_I_O)         1.490     1.490 r  i_audio/i_clocking/clkin1_buf/O
                         net (fo=1, routed)           2.171     3.661    i_audio/i_clocking/o_CLK_100
    BUFGCTRL_X0Y0        BUFG (Prop_bufg_I_O)         0.101     3.762 r  i_audio/i_clocking/o_CLK_100_BUFG_inst/O
                         net (fo=1798, routed)        1.723     5.485    clk
    SLICE_X60Y14         FDSE                                         r  effect_on_reg/C
  -------------------------------------------------------------------    -------------------
    SLICE_X60Y14         FDSE (Prop_fdse_C_Q)         0.456     5.941 r  effect_on_reg/Q
                         net (fo=7, routed)           0.684     6.626    chan_r/effect_on
    SLICE_X60Y14         LUT4 (Prop_lut4_I0_O)        0.150     6.776 r  chan_r/p_lp_reg_i_1/O
                         net (fo=2, routed)           1.529     8.304    chan_l/B[2]
    DSP48_X3Y6           DSP48E1                                      r  chan_l/p_lp_reg/B[8]
  -------------------------------------------------------------------    -------------------

                         (clock clk_100 rise edge)   10.000    10.000 r  
    Y9                                                0.000    10.000 r  clk_100 (IN)
                         net (fo=0)                   0.000    10.000    i_audio/i_clocking/clk_100
    Y9                   IBUF (Prop_ibuf_I_O)         1.420    11.420 r  i_audio/i_clocking/clkin1_buf/O
                         net (fo=1, routed)           1.972    13.392    i_audio/i_clocking/o_CLK_100
    BUFGCTRL_X0Y0        BUFG (Prop_bufg_I_O)         0.091    13.483 r  i_audio/i_clocking/o_CLK_100_BUFG_inst/O
                         net (fo=1798, routed)        1.702    15.185    chan_l/o_clk_100
    DSP48_X3Y6           DSP48E1                                      r  chan_l/p_lp_reg/CLK
                         clock pessimism              0.394    15.579    
                         clock uncertainty           -0.035    15.544    
    DSP48_X3Y6           DSP48E1 (Setup_dsp48e1_CLK_B[8])
                                                     -3.744    11.800    chan_l/p_lp_reg
  -------------------------------------------------------------------
                         required time                         11.800    
                         arrival time                          -8.304    
  -------------------------------------------------------------------
                         slack                                  3.495    

Slack (MET) :             3.517ns  (required time - arrival time)
  Source:                 btn_s1_reg[0]/C
                            (rising edge-triggered cell FDRE clocked by clk_100  {rise@0.000ns fall@5.000ns period=10.000ns})
  Destination:            chan_l/i_delay_line/s_tdata_reg[8]/CE
                            (rising edge-triggered cell FDRE clocked by clk_100  {rise@0.000ns fall@5.000ns period=10.000ns})
  Path Group:             clk_100
  Path Type:              Setup (Max at Slow Process Corner)
  Requirement:            10.000ns  (clk_100 rise@10.000ns - clk_100 rise@0.000ns)
  Data Path Delay:        6.250ns  (logic 0.580ns (9.281%)  route 5.670ns (90.719%))
  Logic Levels:           1  (LUT3=1)
  Clock Path Skew:        0.007ns (DCD - SCD + CPR)
    Destination Clock Delay (DCD):    5.087ns = ( 15.087 - 10.000 ) 
    Source Clock Delay      (SCD):    5.474ns
    Clock Pessimism Removal (CPR):    0.394ns
  Clock Uncertainty:      0.035ns  ((TSJ^2 + TIJ^2)^1/2 + DJ) / 2 + PE
    Total System Jitter     (TSJ):    0.071ns
    Total Input Jitter      (TIJ):    0.000ns
    Discrete Jitter          (DJ):    0.000ns
    Phase Error              (PE):    0.000ns

    Location             Delay type                Incr(ns)  Path(ns)    Netlist Resource(s)
  -------------------------------------------------------------------    -------------------
                         (clock clk_100 rise edge)    0.000     0.000 r  
    Y9                                                0.000     0.000 r  clk_100 (IN)
                         net (fo=0)                   0.000     0.000    i_audio/i_clocking/clk_100
    Y9                   IBUF (Prop_ibuf_I_O)         1.490     1.490 r  i_audio/i_clocking/clkin1_buf/O
                         net (fo=1, routed)           2.171     3.661    i_audio/i_clocking/o_CLK_100
    BUFGCTRL_X0Y0        BUFG (Prop_bufg_I_O)         0.101     3.762 r  i_audio/i_clocking/o_CLK_100_BUFG_inst/O
                         net (fo=1798, routed)        1.712     5.474    clk
    SLICE_X64Y27         FDRE                                         r  btn_s1_reg[0]/C
  -------------------------------------------------------------------    -------------------
    SLICE_X64Y27         FDRE (Prop_fdre_C_Q)         0.456     5.930 f  btn_s1_reg[0]/Q
                         net (fo=104, routed)         3.012     8.943    chan_l/i_delay_line/Q[0]
    SLICE_X49Y16         LUT3 (Prop_lut3_I2_O)        0.124     9.067 r  chan_l/i_delay_line/s_tdata[31]_i_1/O
                         net (fo=48, routed)          2.657    11.724    chan_l/i_delay_line/E[0]
    SLICE_X93Y23         FDRE                                         r  chan_l/i_delay_line/s_tdata_reg[8]/CE
  -------------------------------------------------------------------    -------------------

                         (clock clk_100 rise edge)   10.000    10.000 r  
    Y9                                                0.000    10.000 r  clk_100 (IN)
                         net (fo=0)                   0.000    10.000    i_audio/i_clocking/clk_100
    Y9                   IBUF (Prop_ibuf_I_O)         1.420    11.420 r  i_audio/i_clocking/clkin1_buf/O
                         net (fo=1, routed)           1.972    13.392    i_audio/i_clocking/o_CLK_100
    BUFGCTRL_X0Y0        BUFG (Prop_bufg_I_O)         0.091    13.483 r  i_audio/i_clocking/o_CLK_100_BUFG_inst/O
                         net (fo=1798, routed)        1.604    15.087    chan_l/i_delay_line/o_clk_100
    SLICE_X93Y23         FDRE                                         r  chan_l/i_delay_line/s_tdata_reg[8]/C
                         clock pessimism              0.394    15.481    
                         clock uncertainty           -0.035    15.446    
    SLICE_X93Y23         FDRE (Setup_fdre_C_CE)      -0.205    15.241    chan_l/i_delay_line/s_tdata_reg[8]
  -------------------------------------------------------------------
                         required time                         15.241    
                         arrival time                         -11.724    
  -------------------------------------------------------------------
                         slack                                  3.517    

Slack (MET) :             3.555ns  (required time - arrival time)
  Source:                 effect_on_reg/C
                            (rising edge-triggered cell FDSE clocked by clk_100  {rise@0.000ns fall@5.000ns period=10.000ns})
  Destination:            chan_l/p_hp_reg/B[6]
                            (rising edge-triggered cell DSP48E1 clocked by clk_100  {rise@0.000ns fall@5.000ns period=10.000ns})
  Path Group:             clk_100
  Path Type:              Setup (Max at Slow Process Corner)
  Requirement:            10.000ns  (clk_100 rise@10.000ns - clk_100 rise@0.000ns)
  Data Path Delay:        2.964ns  (logic 0.580ns (19.566%)  route 2.384ns (80.434%))
  Logic Levels:           1  (LUT3=1)
  Clock Path Skew:        0.091ns (DCD - SCD + CPR)
    Destination Clock Delay (DCD):    5.182ns = ( 15.182 - 10.000 ) 
    Source Clock Delay      (SCD):    5.485ns
    Clock Pessimism Removal (CPR):    0.394ns
  Clock Uncertainty:      0.035ns  ((TSJ^2 + TIJ^2)^1/2 + DJ) / 2 + PE
    Total System Jitter     (TSJ):    0.071ns
    Total Input Jitter      (TIJ):    0.000ns
    Discrete Jitter          (DJ):    0.000ns
    Phase Error              (PE):    0.000ns

    Location             Delay type                Incr(ns)  Path(ns)    Netlist Resource(s)
  -------------------------------------------------------------------    -------------------
                         (clock clk_100 rise edge)    0.000     0.000 r  
    Y9                                                0.000     0.000 r  clk_100 (IN)
                         net (fo=0)                   0.000     0.000    i_audio/i_clocking/clk_100
    Y9                   IBUF (Prop_ibuf_I_O)         1.490     1.490 r  i_audio/i_clocking/clkin1_buf/O
                         net (fo=1, routed)           2.171     3.661    i_audio/i_clocking/o_CLK_100
    BUFGCTRL_X0Y0        BUFG (Prop_bufg_I_O)         0.101     3.762 r  i_audio/i_clocking/o_CLK_100_BUFG_inst/O
                         net (fo=1798, routed)        1.723     5.485    clk
    SLICE_X60Y14         FDSE                                         r  effect_on_reg/C
  -------------------------------------------------------------------    -------------------
    SLICE_X60Y14         FDSE (Prop_fdse_C_Q)         0.456     5.941 r  effect_on_reg/Q
                         net (fo=7, routed)           0.839     6.780    chan_r/effect_on
    SLICE_X60Y12         LUT3 (Prop_lut3_I0_O)        0.124     6.904 r  chan_r/p_hp_reg_i_3/O
                         net (fo=2, routed)           1.545     8.450    chan_l/p_hp_reg_0[0]
    DSP48_X3Y7           DSP48E1                                      r  chan_l/p_hp_reg/B[6]
  -------------------------------------------------------------------    -------------------

                         (clock clk_100 rise edge)   10.000    10.000 r  
    Y9                                                0.000    10.000 r  clk_100 (IN)
                         net (fo=0)                   0.000    10.000    i_audio/i_clocking/clk_100
    Y9                   IBUF (Prop_ibuf_I_O)         1.420    11.420 r  i_audio/i_clocking/clkin1_buf/O
                         net (fo=1, routed)           1.972    13.392    i_audio/i_clocking/o_CLK_100
    BUFGCTRL_X0Y0        BUFG (Prop_bufg_I_O)         0.091    13.483 r  i_audio/i_clocking/o_CLK_100_BUFG_inst/O
                         net (fo=1798, routed)        1.699    15.182    chan_l/o_clk_100
    DSP48_X3Y7           DSP48E1                                      r  chan_l/p_hp_reg/CLK
                         clock pessimism              0.394    15.576    
                         clock uncertainty           -0.035    15.541    
    DSP48_X3Y7           DSP48E1 (Setup_dsp48e1_CLK_B[6])
                                                     -3.536    12.005    chan_l/p_hp_reg
  -------------------------------------------------------------------
                         required time                         12.005    
                         arrival time                          -8.450    
  -------------------------------------------------------------------
                         slack                                  3.555    





Min Delay Paths
--------------------------------------------------------------------------------------
Slack (MET) :             0.067ns  (arrival time - required time)
  Source:                 chan_r/i_hpf/i_fir/U0/i_synth/g_single_rate.i_single_rate/g_s_data_chan_fifo.i_s_data_chan_fifo/fifo_wr_data_1_reg[12]/C
                            (rising edge-triggered cell FDRE clocked by clk_100  {rise@0.000ns fall@5.000ns period=10.000ns})
  Destination:            chan_r/i_hpf/i_fir/U0/i_synth/g_single_rate.i_single_rate/g_s_data_chan_fifo.i_s_data_chan_fifo/fifo0/fifo_1_reg[15][12]_srl16/D
                            (rising edge-triggered cell SRL16E clocked by clk_100  {rise@0.000ns fall@5.000ns period=10.000ns})
  Path Group:             clk_100
  Path Type:              Hold (Min at Fast Process Corner)
  Requirement:            0.000ns  (clk_100 rise@0.000ns - clk_100 rise@0.000ns)
  Data Path Delay:        0.197ns  (logic 0.141ns (71.611%)  route 0.056ns (28.389%))
  Logic Levels:           0  
  Clock Path Skew:        0.013ns (DCD - SCD - CPR)
    Destination Clock Delay (DCD):    2.046ns
    Source Clock Delay      (SCD):    1.532ns
    Clock Pessimism Removal (CPR):    0.501ns

    Location             Delay type                Incr(ns)  Path(ns)    Netlist Resource(s)
  -------------------------------------------------------------------    -------------------
                         (clock clk_100 rise edge)    0.000     0.000 r  
    Y9                                                0.000     0.000 r  clk_100 (IN)
                         net (fo=0)                   0.000     0.000    i_audio/i_clocking/clk_100
    Y9                   IBUF (Prop_ibuf_I_O)         0.258     0.258 r  i_audio/i_clocking/clkin1_buf/O
                         net (fo=1, routed)           0.663     0.921    i_audio/i_clocking/o_CLK_100
    BUFGCTRL_X0Y0        BUFG (Prop_bufg_I_O)         0.026     0.947 r  i_audio/i_clocking/o_CLK_100_BUFG_inst/O
                         net (fo=1798, routed)        0.585     1.532    chan_r/i_hpf/i_fir/U0/i_synth/g_single_rate.i_single_rate/g_s_data_chan_fifo.i_s_data_chan_fifo/aclk
    SLICE_X31Y12         FDRE                                         r  chan_r/i_hpf/i_fir/U0/i_synth/g_single_rate.i_single_rate/g_s_data_chan_fifo.i_s_data_chan_fifo/fifo_wr_data_1_reg[12]/C
  -------------------------------------------------------------------    -------------------
    SLICE_X31Y12         FDRE (Prop_fdre_C_Q)         0.141     1.673 r  chan_r/i_hpf/i_fir/U0/i_synth/g_single_rate.i_single_rate/g_s_data_chan_fifo.i_s_data_chan_fifo/fifo_wr_data_1_reg[12]/Q
                         net (fo=1, routed)           0.056     1.729    chan_r/i_hpf/i_fir/U0/i_synth/g_single_rate.i_single_rate/g_s_data_chan_fifo.i_s_data_chan_fifo/fifo0/wr_data[12]
    SLICE_X30Y12         SRL16E                                       r  chan_r/i_hpf/i_fir/U0/i_synth/g_single_rate.i_single_rate/g_s_data_chan_fifo.i_s_data_chan_fifo/fifo0/fifo_1_reg[15][12]_srl16/D
  -------------------------------------------------------------------    -------------------

                         (clock clk_100 rise edge)    0.000     0.000 r  
    Y9                                                0.000     0.000 r  clk_100 (IN)
                         net (fo=0)                   0.000     0.000    i_audio/i_clocking/clk_100
    Y9                   IBUF (Prop_ibuf_I_O)         0.446     0.446 r  i_audio/i_clocking/clkin1_buf/O
                         net (fo=1, routed)           0.719     1.165    i_audio/i_clocking/o_CLK_100
    BUFGCTRL_X0Y0        BUFG (Prop_bufg_I_O)         0.029     1.194 r  i_audio/i_clocking/o_CLK_100_BUFG_inst/O
                         net (fo=1798, routed)        0.852     2.046    chan_r/i_hpf/i_fir/U0/i_synth/g_single_rate.i_single_rate/g_s_data_chan_fifo.i_s_data_chan_fifo/fifo0/aclk
    SLICE_X30Y12         SRL16E                                       r  chan_r/i_hpf/i_fir/U0/i_synth/g_single_rate.i_single_rate/g_s_data_chan_fifo.i_s_data_chan_fifo/fifo0/fifo_1_reg[15][12]_srl16/CLK
                         clock pessimism             -0.501     1.545    
    SLICE_X30Y12         SRL16E (Hold_srl16e_CLK_D)
                                                      0.117     1.662    chan_r/i_hpf/i_fir/U0/i_synth/g_single_rate.i_single_rate/g_s_data_chan_fifo.i_s_data_chan_fifo/fifo0/fifo_1_reg[15][12]_srl16
  -------------------------------------------------------------------
                         required time                         -1.662    
                         arrival time                           1.729    
  -------------------------------------------------------------------
                         slack                                  0.067    

Slack (MET) :             0.082ns  (arrival time - required time)
  Source:                 chan_l/i_delay_line/s_tdata_reg[11]/C
                            (rising edge-triggered cell FDRE clocked by clk_100  {rise@0.000ns fall@5.000ns period=10.000ns})
  Destination:            chan_l/i_delay_line/i_fifo/inst/gen_fifo.xpm_fifo_axis_inst/xpm_fifo_base_inst/gen_sdpram.xpm_memory_base_inst/gen_wr_a.gen_word_narrow.mem_reg_0_11/DIADI[0]
                            (rising edge-triggered cell RAMB36E1 clocked by clk_100  {rise@0.000ns fall@5.000ns period=10.000ns})
  Path Group:             clk_100
  Path Type:              Hold (Min at Fast Process Corner)
  Requirement:            0.000ns  (clk_100 rise@0.000ns - clk_100 rise@0.000ns)
  Data Path Delay:        0.458ns  (logic 0.141ns (30.791%)  route 0.317ns (69.209%))
  Logic Levels:           0  
  Clock Path Skew:        0.079ns (DCD - SCD - CPR)
    Destination Clock Delay (DCD):    2.110ns
    Source Clock Delay      (SCD):    1.550ns
    Clock Pessimism Removal (CPR):    0.480ns

    Location             Delay type                Incr(ns)  Path(ns)    Netlist Resource(s)
  -------------------------------------------------------------------    -------------------
                         (clock clk_100 rise edge)    0.000     0.000 r  
    Y9                                                0.000     0.000 r  clk_100 (IN)
                         net (fo=0)                   0.000     0.000    i_audio/i_clocking/clk_100
    Y9                   IBUF (Prop_ibuf_I_O)         0.258     0.258 r  i_audio/i_clocking/clkin1_buf/O
                         net (fo=1, routed)           0.663     0.921    i_audio/i_clocking/o_CLK_100
    BUFGCTRL_X0Y0        BUFG (Prop_bufg_I_O)         0.026     0.947 r  i_audio/i_clocking/o_CLK_100_BUFG_inst/O
                         net (fo=1798, routed)        0.603     1.550    chan_l/i_delay_line/o_clk_100
    SLICE_X95Y19         FDRE                                         r  chan_l/i_delay_line/s_tdata_reg[11]/C
  -------------------------------------------------------------------    -------------------
    SLICE_X95Y19         FDRE (Prop_fdre_C_Q)         0.141     1.691 r  chan_l/i_delay_line/s_tdata_reg[11]/Q
                         net (fo=1, routed)           0.317     2.008    chan_l/i_delay_line/i_fifo/inst/gen_fifo.xpm_fifo_axis_inst/xpm_fifo_base_inst/gen_sdpram.xpm_memory_base_inst/dina[11]
    RAMB36_X5Y3          RAMB36E1                                     r  chan_l/i_delay_line/i_fifo/inst/gen_fifo.xpm_fifo_axis_inst/xpm_fifo_base_inst/gen_sdpram.xpm_memory_base_inst/gen_wr_a.gen_word_narrow.mem_reg_0_11/DIADI[0]
  -------------------------------------------------------------------    -------------------

                         (clock clk_100 rise edge)    0.000     0.000 r  
    Y9                                                0.000     0.000 r  clk_100 (IN)
                         net (fo=0)                   0.000     0.000    i_audio/i_clocking/clk_100
    Y9                   IBUF (Prop_ibuf_I_O)         0.446     0.446 r  i_audio/i_clocking/clkin1_buf/O
                         net (fo=1, routed)           0.719     1.165    i_audio/i_clocking/o_CLK_100
    BUFGCTRL_X0Y0        BUFG (Prop_bufg_I_O)         0.029     1.194 r  i_audio/i_clocking/o_CLK_100_BUFG_inst/O
                         net (fo=1798, routed)        0.915     2.110    chan_l/i_delay_line/i_fifo/inst/gen_fifo.xpm_fifo_axis_inst/xpm_fifo_base_inst/gen_sdpram.xpm_memory_base_inst/clka
    RAMB36_X5Y3          RAMB36E1                                     r  chan_l/i_delay_line/i_fifo/inst/gen_fifo.xpm_fifo_axis_inst/xpm_fifo_base_inst/gen_sdpram.xpm_memory_base_inst/gen_wr_a.gen_word_narrow.mem_reg_0_11/CLKARDCLK
                         clock pessimism             -0.480     1.629    
    RAMB36_X5Y3          RAMB36E1 (Hold_ramb36e1_CLKARDCLK_DIADI[0])
                                                      0.296     1.925    chan_l/i_delay_line/i_fifo/inst/gen_fifo.xpm_fifo_axis_inst/xpm_fifo_base_inst/gen_sdpram.xpm_memory_base_inst/gen_wr_a.gen_word_narrow.mem_reg_0_11
  -------------------------------------------------------------------
                         required time                         -1.925    
                         arrival time                           2.008    
  -------------------------------------------------------------------
                         slack                                  0.082    

Slack (MET) :             0.090ns  (arrival time - required time)
  Source:                 chan_r/i_hpf/i_fir/U0/i_synth/g_single_rate.i_single_rate/g_semi_parallel_and_smac.base_en_reg/C
                            (rising edge-triggered cell FDRE clocked by clk_100  {rise@0.000ns fall@5.000ns period=10.000ns})
  Destination:            chan_r/i_hpf/i_fir/U0/i_synth/g_single_rate.i_single_rate/g_semi_parallel_and_smac.i_accumulate/gen_dly.gen_shiftreg.gen_rtl_delay.delay_bus_reg[2][0]_srl3/D
                            (rising edge-triggered cell SRL16E clocked by clk_100  {rise@0.000ns fall@5.000ns period=10.000ns})
  Path Group:             clk_100
  Path Type:              Hold (Min at Fast Process Corner)
  Requirement:            0.000ns  (clk_100 rise@0.000ns - clk_100 rise@0.000ns)
  Data Path Delay:        0.220ns  (logic 0.141ns (64.033%)  route 0.079ns (35.967%))
  Logic Levels:           0  
  Clock Path Skew:        0.013ns (DCD - SCD - CPR)
    Destination Clock Delay (DCD):    2.020ns
    Source Clock Delay      (SCD):    1.507ns
    Clock Pessimism Removal (CPR):    0.500ns

    Location             Delay type                Incr(ns)  Path(ns)    Netlist Resource(s)
  -------------------------------------------------------------------    -------------------
                         (clock clk_100 rise edge)    0.000     0.000 r  
    Y9                                                0.000     0.000 r  clk_100 (IN)
                         net (fo=0)                   0.000     0.000    i_audio/i_clocking/clk_100
    Y9                   IBUF (Prop_ibuf_I_O)         0.258     0.258 r  i_audio/i_clocking/clkin1_buf/O
                         net (fo=1, routed)           0.663     0.921    i_audio/i_clocking/o_CLK_100
    BUFGCTRL_X0Y0        BUFG (Prop_bufg_I_O)         0.026     0.947 r  i_audio/i_clocking/o_CLK_100_BUFG_inst/O
                         net (fo=1798, routed)        0.560     1.507    chan_r/i_hpf/i_fir/U0/i_synth/g_single_rate.i_single_rate/aclk
    SLICE_X35Y11         FDRE                                         r  chan_r/i_hpf/i_fir/U0/i_synth/g_single_rate.i_single_rate/g_semi_parallel_and_smac.base_en_reg/C
  -------------------------------------------------------------------    -------------------
    SLICE_X35Y11         FDRE (Prop_fdre_C_Q)         0.141     1.648 r  chan_r/i_hpf/i_fir/U0/i_synth/g_single_rate.i_single_rate/g_semi_parallel_and_smac.base_en_reg/Q
                         net (fo=26, routed)          0.079     1.727    chan_r/i_hpf/i_fir/U0/i_synth/g_single_rate.i_single_rate/g_semi_parallel_and_smac.i_accumulate/base_en_cntrl
    SLICE_X34Y11         SRL16E                                       r  chan_r/i_hpf/i_fir/U0/i_synth/g_single_rate.i_single_rate/g_semi_parallel_and_smac.i_accumulate/gen_dly.gen_shiftreg.gen_rtl_delay.delay_bus_reg[2][0]_srl3/D
  -------------------------------------------------------------------    -------------------

                         (clock clk_100 rise edge)    0.000     0.000 r  
    Y9                                                0.000     0.000 r  clk_100 (IN)
                         net (fo=0)                   0.000     0.000    i_audio/i_clocking/clk_100
    Y9                   IBUF (Prop_ibuf_I_O)         0.446     0.446 r  i_audio/i_clocking/clkin1_buf/O
                         net (fo=1, routed)           0.719     1.165    i_audio/i_clocking/o_CLK_100
    BUFGCTRL_X0Y0        BUFG (Prop_bufg_I_O)         0.029     1.194 r  i_audio/i_clocking/o_CLK_100_BUFG_inst/O
                         net (fo=1798, routed)        0.826     2.020    chan_r/i_hpf/i_fir/U0/i_synth/g_single_rate.i_single_rate/g_semi_parallel_and_smac.i_accumulate/aclk
    SLICE_X34Y11         SRL16E                                       r  chan_r/i_hpf/i_fir/U0/i_synth/g_single_rate.i_single_rate/g_semi_parallel_and_smac.i_accumulate/gen_dly.gen_shiftreg.gen_rtl_delay.delay_bus_reg[2][0]_srl3/CLK
                         clock pessimism             -0.500     1.520    
    SLICE_X34Y11         SRL16E (Hold_srl16e_CLK_D)
                                                      0.117     1.637    chan_r/i_hpf/i_fir/U0/i_synth/g_single_rate.i_single_rate/g_semi_parallel_and_smac.i_accumulate/gen_dly.gen_shiftreg.gen_rtl_delay.delay_bus_reg[2][0]_srl3
  -------------------------------------------------------------------
                         required time                         -1.637    
                         arrival time                           1.727    
  -------------------------------------------------------------------
                         slack                                  0.090    

Slack (MET) :             0.094ns  (arrival time - required time)
  Source:                 chan_l/i_hpf/i_fir/U0/i_synth/g_single_rate.i_single_rate/g_s_data_chan_fifo.i_s_data_chan_fifo/fifo_wr_data_1_reg[15]/C
                            (rising edge-triggered cell FDRE clocked by clk_100  {rise@0.000ns fall@5.000ns period=10.000ns})
  Destination:            chan_l/i_hpf/i_fir/U0/i_synth/g_single_rate.i_single_rate/g_s_data_chan_fifo.i_s_data_chan_fifo/fifo0/fifo_1_reg[15][15]_srl16/D
                            (rising edge-triggered cell SRL16E clocked by clk_100  {rise@0.000ns fall@5.000ns period=10.000ns})
  Path Group:             clk_100
  Path Type:              Hold (Min at Fast Process Corner)
  Requirement:            0.000ns  (clk_100 rise@0.000ns - clk_100 rise@0.000ns)
  Data Path Delay:        0.310ns  (logic 0.141ns (45.484%)  route 0.169ns (54.516%))
  Logic Levels:           0  
  Clock Path Skew:        0.033ns (DCD - SCD - CPR)
    Destination Clock Delay (DCD):    2.037ns
    Source Clock Delay      (SCD):    1.524ns
    Clock Pessimism Removal (CPR):    0.480ns

    Location             Delay type                Incr(ns)  Path(ns)    Netlist Resource(s)
  -------------------------------------------------------------------    -------------------
                         (clock clk_100 rise edge)    0.000     0.000 r  
    Y9                                                0.000     0.000 r  clk_100 (IN)
                         net (fo=0)                   0.000     0.000    i_audio/i_clocking/clk_100
    Y9                   IBUF (Prop_ibuf_I_O)         0.258     0.258 r  i_audio/i_clocking/clkin1_buf/O
                         net (fo=1, routed)           0.663     0.921    i_audio/i_clocking/o_CLK_100
    BUFGCTRL_X0Y0        BUFG (Prop_bufg_I_O)         0.026     0.947 r  i_audio/i_clocking/o_CLK_100_BUFG_inst/O
                         net (fo=1798, routed)        0.577     1.524    chan_l/i_hpf/i_fir/U0/i_synth/g_single_rate.i_single_rate/g_s_data_chan_fifo.i_s_data_chan_fifo/aclk
    SLICE_X85Y21         FDRE                                         r  chan_l/i_hpf/i_fir/U0/i_synth/g_single_rate.i_single_rate/g_s_data_chan_fifo.i_s_data_chan_fifo/fifo_wr_data_1_reg[15]/C
  -------------------------------------------------------------------    -------------------
    SLICE_X85Y21         FDRE (Prop_fdre_C_Q)         0.141     1.665 r  chan_l/i_hpf/i_fir/U0/i_synth/g_single_rate.i_single_rate/g_s_data_chan_fifo.i_s_data_chan_fifo/fifo_wr_data_1_reg[15]/Q
                         net (fo=1, routed)           0.169     1.834    chan_l/i_hpf/i_fir/U0/i_synth/g_single_rate.i_single_rate/g_s_data_chan_fifo.i_s_data_chan_fifo/fifo0/wr_data[15]
    SLICE_X86Y22         SRL16E                                       r  chan_l/i_hpf/i_fir/U0/i_synth/g_single_rate.i_single_rate/g_s_data_chan_fifo.i_s_data_chan_fifo/fifo0/fifo_1_reg[15][15]_srl16/D
  -------------------------------------------------------------------    -------------------

                         (clock clk_100 rise edge)    0.000     0.000 r  
    Y9                                                0.000     0.000 r  clk_100 (IN)
                         net (fo=0)                   0.000     0.000    i_audio/i_clocking/clk_100
    Y9                   IBUF (Prop_ibuf_I_O)         0.446     0.446 r  i_audio/i_clocking/clkin1_buf/O
                         net (fo=1, routed)           0.719     1.165    i_audio/i_clocking/o_CLK_100
    BUFGCTRL_X0Y0        BUFG (Prop_bufg_I_O)         0.029     1.194 r  i_audio/i_clocking/o_CLK_100_BUFG_inst/O
                         net (fo=1798, routed)        0.843     2.037    chan_l/i_hpf/i_fir/U0/i_synth/g_single_rate.i_single_rate/g_s_data_chan_fifo.i_s_data_chan_fifo/fifo0/aclk
    SLICE_X86Y22         SRL16E                                       r  chan_l/i_hpf/i_fir/U0/i_synth/g_single_rate.i_single_rate/g_s_data_chan_fifo.i_s_data_chan_fifo/fifo0/fifo_1_reg[15][15]_srl16/CLK
                         clock pessimism             -0.480     1.557    
    SLICE_X86Y22         SRL16E (Hold_srl16e_CLK_D)
                                                      0.183     1.740    chan_l/i_hpf/i_fir/U0/i_synth/g_single_rate.i_single_rate/g_s_data_chan_fifo.i_s_data_chan_fifo/fifo0/fifo_1_reg[15][15]_srl16
  -------------------------------------------------------------------
                         required time                         -1.740    
                         arrival time                           1.834    
  -------------------------------------------------------------------
                         slack                                  0.094    

Slack (MET) :             0.095ns  (arrival time - required time)
  Source:                 chan_r/i_lpf/i_fir/U0/i_synth/g_single_rate.i_single_rate/g_s_data_chan_fifo.i_s_data_chan_fifo/fifo_wr_data_1_reg[7]/C
                            (rising edge-triggered cell FDRE clocked by clk_100  {rise@0.000ns fall@5.000ns period=10.000ns})
  Destination:            chan_r/i_lpf/i_fir/U0/i_synth/g_single_rate.i_single_rate/g_s_data_chan_fifo.i_s_data_chan_fifo/fifo0/fifo_1_reg[15][7]_srl16/D
                            (rising edge-triggered cell SRL16E clocked by clk_100  {rise@0.000ns fall@5.000ns period=10.000ns})
  Path Group:             clk_100
  Path Type:              Hold (Min at Fast Process Corner)
  Requirement:            0.000ns  (clk_100 rise@0.000ns - clk_100 rise@0.000ns)
  Data Path Delay:        0.314ns  (logic 0.141ns (44.894%)  route 0.173ns (55.106%))
  Logic Levels:           0  
  Clock Path Skew:        0.036ns (DCD - SCD - CPR)
    Destination Clock Delay (DCD):    2.050ns
    Source Clock Delay      (SCD):    1.534ns
    Clock Pessimism Removal (CPR):    0.480ns

    Location             Delay type                Incr(ns)  Path(ns)    Netlist Resource(s)
  -------------------------------------------------------------------    -------------------
                         (clock clk_100 rise edge)    0.000     0.000 r  
    Y9                                                0.000     0.000 r  clk_100 (IN)
                         net (fo=0)                   0.000     0.000    i_audio/i_clocking/clk_100
    Y9                   IBUF (Prop_ibuf_I_O)         0.258     0.258 r  i_audio/i_clocking/clkin1_buf/O
                         net (fo=1, routed)           0.663     0.921    i_audio/i_clocking/o_CLK_100
    BUFGCTRL_X0Y0        BUFG (Prop_bufg_I_O)         0.026     0.947 r  i_audio/i_clocking/o_CLK_100_BUFG_inst/O
                         net (fo=1798, routed)        0.587     1.534    chan_r/i_lpf/i_fir/U0/i_synth/g_single_rate.i_single_rate/g_s_data_chan_fifo.i_s_data_chan_fifo/aclk
    SLICE_X28Y8          FDRE                                         r  chan_r/i_lpf/i_fir/U0/i_synth/g_single_rate.i_single_rate/g_s_data_chan_fifo.i_s_data_chan_fifo/fifo_wr_data_1_reg[7]/C
  -------------------------------------------------------------------    -------------------
    SLICE_X28Y8          FDRE (Prop_fdre_C_Q)         0.141     1.675 r  chan_r/i_lpf/i_fir/U0/i_synth/g_single_rate.i_single_rate/g_s_data_chan_fifo.i_s_data_chan_fifo/fifo_wr_data_1_reg[7]/Q
                         net (fo=1, routed)           0.173     1.848    chan_r/i_lpf/i_fir/U0/i_synth/g_single_rate.i_single_rate/g_s_data_chan_fifo.i_s_data_chan_fifo/fifo0/wr_data[7]
    SLICE_X26Y9          SRL16E                                       r  chan_r/i_lpf/i_fir/U0/i_synth/g_single_rate.i_single_rate/g_s_data_chan_fifo.i_s_data_chan_fifo/fifo0/fifo_1_reg[15][7]_srl16/D
  -------------------------------------------------------------------    -------------------

                         (clock clk_100 rise edge)    0.000     0.000 r  
    Y9                                                0.000     0.000 r  clk_100 (IN)
                         net (fo=0)                   0.000     0.000    i_audio/i_clocking/clk_100
    Y9                   IBUF (Prop_ibuf_I_O)         0.446     0.446 r  i_audio/i_clocking/clkin1_buf/O
                         net (fo=1, routed)           0.719     1.165    i_audio/i_clocking/o_CLK_100
    BUFGCTRL_X0Y0        BUFG (Prop_bufg_I_O)         0.029     1.194 r  i_audio/i_clocking/o_CLK_100_BUFG_inst/O
                         net (fo=1798, routed)        0.856     2.050    chan_r/i_lpf/i_fir/U0/i_synth/g_single_rate.i_single_rate/g_s_data_chan_fifo.i_s_data_chan_fifo/fifo0/aclk
    SLICE_X26Y9          SRL16E                                       r  chan_r/i_lpf/i_fir/U0/i_synth/g_single_rate.i_single_rate/g_s_data_chan_fifo.i_s_data_chan_fifo/fifo0/fifo_1_reg[15][7]_srl16/CLK
                         clock pessimism             -0.480     1.570    
    SLICE_X26Y9          SRL16E (Hold_srl16e_CLK_D)
                                                      0.183     1.753    chan_r/i_lpf/i_fir/U0/i_synth/g_single_rate.i_single_rate/g_s_data_chan_fifo.i_s_data_chan_fifo/fifo0/fifo_1_reg[15][7]_srl16
  -------------------------------------------------------------------
                         required time                         -1.753    
                         arrival time                           1.848    
  -------------------------------------------------------------------
                         slack                                  0.095    

Slack (MET) :             0.096ns  (arrival time - required time)
  Source:                 chan_r/i_hpf/i_fir/U0/i_synth/g_single_rate.i_single_rate/g_semi_parallel_and_smac.i_data_in/gen_reg.d_reg_reg[8]/C
                            (rising edge-triggered cell FDRE clocked by clk_100  {rise@0.000ns fall@5.000ns period=10.000ns})
  Destination:            chan_r/i_hpf/i_fir/U0/i_synth/g_single_rate.i_single_rate/g_semi_parallel_and_smac.g_paths[0].g_mem_array[0].i_mem/g_packed.g_true_dual_port.i_mem/gen_bram.gen_write_first.gen_double_reg.ram_reg/DIBDI[8]
                            (rising edge-triggered cell RAMB36E1 clocked by clk_100  {rise@0.000ns fall@5.000ns period=10.000ns})
  Path Group:             clk_100
  Path Type:              Hold (Min at Fast Process Corner)
  Requirement:            0.000ns  (clk_100 rise@0.000ns - clk_100 rise@0.000ns)
  Data Path Delay:        0.388ns  (logic 0.128ns (32.950%)  route 0.260ns (67.050%))
  Logic Levels:           0  
  Clock Path Skew:        0.050ns (DCD - SCD - CPR)
    Destination Clock Delay (DCD):    2.063ns
    Source Clock Delay      (SCD):    1.532ns
    Clock Pessimism Removal (CPR):    0.480ns

    Location             Delay type                Incr(ns)  Path(ns)    Netlist Resource(s)
  -------------------------------------------------------------------    -------------------
                         (clock clk_100 rise edge)    0.000     0.000 r  
    Y9                                                0.000     0.000 r  clk_100 (IN)
                         net (fo=0)                   0.000     0.000    i_audio/i_clocking/clk_100
    Y9                   IBUF (Prop_ibuf_I_O)         0.258     0.258 r  i_audio/i_clocking/clkin1_buf/O
                         net (fo=1, routed)           0.663     0.921    i_audio/i_clocking/o_CLK_100
    BUFGCTRL_X0Y0        BUFG (Prop_bufg_I_O)         0.026     0.947 r  i_audio/i_clocking/o_CLK_100_BUFG_inst/O
                         net (fo=1798, routed)        0.585     1.532    chan_r/i_hpf/i_fir/U0/i_synth/g_single_rate.i_single_rate/g_semi_parallel_and_smac.i_data_in/aclk
    SLICE_X31Y12         FDRE                                         r  chan_r/i_hpf/i_fir/U0/i_synth/g_single_rate.i_single_rate/g_semi_parallel_and_smac.i_data_in/gen_reg.d_reg_reg[8]/C
  -------------------------------------------------------------------    -------------------
    SLICE_X31Y12         FDRE (Prop_fdre_C_Q)         0.128     1.660 r  chan_r/i_hpf/i_fir/U0/i_synth/g_single_rate.i_single_rate/g_semi_parallel_and_smac.i_data_in/gen_reg.d_reg_reg[8]/Q
                         net (fo=1, routed)           0.260     1.920    chan_r/i_hpf/i_fir/U0/i_synth/g_single_rate.i_single_rate/g_semi_parallel_and_smac.g_paths[0].g_mem_array[0].i_mem/g_packed.g_true_dual_port.i_mem/DA_IN[8]
    RAMB36_X2Y2          RAMB36E1                                     r  chan_r/i_hpf/i_fir/U0/i_synth/g_single_rate.i_single_rate/g_semi_parallel_and_smac.g_paths[0].g_mem_array[0].i_mem/g_packed.g_true_dual_port.i_mem/gen_bram.gen_write_first.gen_double_reg.ram_reg/DIBDI[8]
  -------------------------------------------------------------------    -------------------

                         (clock clk_100 rise edge)    0.000     0.000 r  
    Y9                                                0.000     0.000 r  clk_100 (IN)
                         net (fo=0)                   0.000     0.000    i_audio/i_clocking/clk_100
    Y9                   IBUF (Prop_ibuf_I_O)         0.446     0.446 r  i_audio/i_clocking/clkin1_buf/O
                         net (fo=1, routed)           0.719     1.165    i_audio/i_clocking/o_CLK_100
    BUFGCTRL_X0Y0        BUFG (Prop_bufg_I_O)         0.029     1.194 r  i_audio/i_clocking/o_CLK_100_BUFG_inst/O
                         net (fo=1798, routed)        0.868     2.063    chan_r/i_hpf/i_fir/U0/i_synth/g_single_rate.i_single_rate/g_semi_parallel_and_smac.g_paths[0].g_mem_array[0].i_mem/g_packed.g_true_dual_port.i_mem/CLK
    RAMB36_X2Y2          RAMB36E1                                     r  chan_r/i_hpf/i_fir/U0/i_synth/g_single_rate.i_single_rate/g_semi_parallel_and_smac.g_paths[0].g_mem_array[0].i_mem/g_packed.g_true_dual_port.i_mem/gen_bram.gen_write_first.gen_double_reg.ram_reg/CLKBWRCLK
                         clock pessimism             -0.480     1.582    
    RAMB36_X2Y2          RAMB36E1 (Hold_ramb36e1_CLKBWRCLK_DIBDI[8])
                                                      0.242     1.824    chan_r/i_hpf/i_fir/U0/i_synth/g_single_rate.i_single_rate/g_semi_parallel_and_smac.g_paths[0].g_mem_array[0].i_mem/g_packed.g_true_dual_port.i_mem/gen_bram.gen_write_first.gen_double_reg.ram_reg
  -------------------------------------------------------------------
                         required time                         -1.824    
                         arrival time                           1.920    
  -------------------------------------------------------------------
                         slack                                  0.096    

Slack (MET) :             0.096ns  (arrival time - required time)
  Source:                 chan_r/i_hpf/i_fir/U0/i_synth/g_single_rate.i_single_rate/g_semi_parallel_and_smac.i_data_in/gen_reg.d_reg_reg[20]/C
                            (rising edge-triggered cell FDRE clocked by clk_100  {rise@0.000ns fall@5.000ns period=10.000ns})
  Destination:            chan_r/i_hpf/i_fir/U0/i_synth/g_single_rate.i_single_rate/g_semi_parallel_and_smac.g_paths[0].g_mem_array[0].i_mem/g_packed.g_true_dual_port.i_mem/gen_bram.gen_write_first.gen_double_reg.ram_reg/DIBDI[20]
                            (rising edge-triggered cell RAMB36E1 clocked by clk_100  {rise@0.000ns fall@5.000ns period=10.000ns})
  Path Group:             clk_100
  Path Type:              Hold (Min at Fast Process Corner)
  Requirement:            0.000ns  (clk_100 rise@0.000ns - clk_100 rise@0.000ns)
  Data Path Delay:        0.389ns  (logic 0.128ns (32.938%)  route 0.261ns (67.062%))
  Logic Levels:           0  
  Clock Path Skew:        0.049ns (DCD - SCD - CPR)
    Destination Clock Delay (DCD):    2.063ns
    Source Clock Delay      (SCD):    1.533ns
    Clock Pessimism Removal (CPR):    0.480ns

    Location             Delay type                Incr(ns)  Path(ns)    Netlist Resource(s)
  -------------------------------------------------------------------    -------------------
                         (clock clk_100 rise edge)    0.000     0.000 r  
    Y9                                                0.000     0.000 r  clk_100 (IN)
                         net (fo=0)                   0.000     0.000    i_audio/i_clocking/clk_100
    Y9                   IBUF (Prop_ibuf_I_O)         0.258     0.258 r  i_audio/i_clocking/clkin1_buf/O
                         net (fo=1, routed)           0.663     0.921    i_audio/i_clocking/o_CLK_100
    BUFGCTRL_X0Y0        BUFG (Prop_bufg_I_O)         0.026     0.947 r  i_audio/i_clocking/o_CLK_100_BUFG_inst/O
                         net (fo=1798, routed)        0.586     1.533    chan_r/i_hpf/i_fir/U0/i_synth/g_single_rate.i_single_rate/g_semi_parallel_and_smac.i_data_in/aclk
    SLICE_X31Y11         FDRE                                         r  chan_r/i_hpf/i_fir/U0/i_synth/g_single_rate.i_single_rate/g_semi_parallel_and_smac.i_data_in/gen_reg.d_reg_reg[20]/C
  -------------------------------------------------------------------    -------------------
    SLICE_X31Y11         FDRE (Prop_fdre_C_Q)         0.128     1.661 r  chan_r/i_hpf/i_fir/U0/i_synth/g_single_rate.i_single_rate/g_semi_parallel_and_smac.i_data_in/gen_reg.d_reg_reg[20]/Q
                         net (fo=1, routed)           0.261     1.921    chan_r/i_hpf/i_fir/U0/i_synth/g_single_rate.i_single_rate/g_semi_parallel_and_smac.g_paths[0].g_mem_array[0].i_mem/g_packed.g_true_dual_port.i_mem/DA_IN[20]
    RAMB36_X2Y2          RAMB36E1                                     r  chan_r/i_hpf/i_fir/U0/i_synth/g_single_rate.i_single_rate/g_semi_parallel_and_smac.g_paths[0].g_mem_array[0].i_mem/g_packed.g_true_dual_port.i_mem/gen_bram.gen_write_first.gen_double_reg.ram_reg/DIBDI[20]
  -------------------------------------------------------------------    -------------------

                         (clock clk_100 rise edge)    0.000     0.000 r  
    Y9                                                0.000     0.000 r  clk_100 (IN)
                         net (fo=0)                   0.000     0.000    i_audio/i_clocking/clk_100
    Y9                   IBUF (Prop_ibuf_I_O)         0.446     0.446 r  i_audio/i_clocking/clkin1_buf/O
                         net (fo=1, routed)           0.719     1.165    i_audio/i_clocking/o_CLK_100
    BUFGCTRL_X0Y0        BUFG (Prop_bufg_I_O)         0.029     1.194 r  i_audio/i_clocking/o_CLK_100_BUFG_inst/O
                         net (fo=1798, routed)        0.868     2.063    chan_r/i_hpf/i_fir/U0/i_synth/g_single_rate.i_single_rate/g_semi_parallel_and_smac.g_paths[0].g_mem_array[0].i_mem/g_packed.g_true_dual_port.i_mem/CLK
    RAMB36_X2Y2          RAMB36E1                                     r  chan_r/i_hpf/i_fir/U0/i_synth/g_single_rate.i_single_rate/g_semi_parallel_and_smac.g_paths[0].g_mem_array[0].i_mem/g_packed.g_true_dual_port.i_mem/gen_bram.gen_write_first.gen_double_reg.ram_reg/CLKBWRCLK
                         clock pessimism             -0.480     1.582    
    RAMB36_X2Y2          RAMB36E1 (Hold_ramb36e1_CLKBWRCLK_DIBDI[20])
                                                      0.243     1.825    chan_r/i_hpf/i_fir/U0/i_synth/g_single_rate.i_single_rate/g_semi_parallel_and_smac.g_paths[0].g_mem_array[0].i_mem/g_packed.g_true_dual_port.i_mem/gen_bram.gen_write_first.gen_double_reg.ram_reg
  -------------------------------------------------------------------
                         required time                         -1.825    
                         arrival time                           1.921    
  -------------------------------------------------------------------
                         slack                                  0.096    

Slack (MET) :             0.096ns  (arrival time - required time)
  Source:                 chan_r/i_hpf/i_fir/U0/i_synth/g_single_rate.i_single_rate/g_s_data_chan_fifo.i_s_data_chan_fifo/fifo_wr_data_1_reg[7]/C
                            (rising edge-triggered cell FDRE clocked by clk_100  {rise@0.000ns fall@5.000ns period=10.000ns})
  Destination:            chan_r/i_hpf/i_fir/U0/i_synth/g_single_rate.i_single_rate/g_s_data_chan_fifo.i_s_data_chan_fifo/fifo0/fifo_1_reg[15][7]_srl16/D
                            (rising edge-triggered cell SRL16E clocked by clk_100  {rise@0.000ns fall@5.000ns period=10.000ns})
  Path Group:             clk_100
  Path Type:              Hold (Min at Fast Process Corner)
  Requirement:            0.000ns  (clk_100 rise@0.000ns - clk_100 rise@0.000ns)
  Data Path Delay:        0.295ns  (logic 0.141ns (47.774%)  route 0.154ns (52.226%))
  Logic Levels:           0  
  Clock Path Skew:        0.016ns (DCD - SCD - CPR)
    Destination Clock Delay (DCD):    2.049ns
    Source Clock Delay      (SCD):    1.534ns
    Clock Pessimism Removal (CPR):    0.499ns

    Location             Delay type                Incr(ns)  Path(ns)    Netlist Resource(s)
  -------------------------------------------------------------------    -------------------
                         (clock clk_100 rise edge)    0.000     0.000 r  
    Y9                                                0.000     0.000 r  clk_100 (IN)
                         net (fo=0)                   0.000     0.000    i_audio/i_clocking/clk_100
    Y9                   IBUF (Prop_ibuf_I_O)         0.258     0.258 r  i_audio/i_clocking/clkin1_buf/O
                         net (fo=1, routed)           0.663     0.921    i_audio/i_clocking/o_CLK_100
    BUFGCTRL_X0Y0        BUFG (Prop_bufg_I_O)         0.026     0.947 r  i_audio/i_clocking/o_CLK_100_BUFG_inst/O
                         net (fo=1798, routed)        0.587     1.534    chan_r/i_hpf/i_fir/U0/i_synth/g_single_rate.i_single_rate/g_s_data_chan_fifo.i_s_data_chan_fifo/aclk
    SLICE_X29Y8          FDRE                                         r  chan_r/i_hpf/i_fir/U0/i_synth/g_single_rate.i_single_rate/g_s_data_chan_fifo.i_s_data_chan_fifo/fifo_wr_data_1_reg[7]/C
  -------------------------------------------------------------------    -------------------
    SLICE_X29Y8          FDRE (Prop_fdre_C_Q)         0.141     1.675 r  chan_r/i_hpf/i_fir/U0/i_synth/g_single_rate.i_single_rate/g_s_data_chan_fifo.i_s_data_chan_fifo/fifo_wr_data_1_reg[7]/Q
                         net (fo=1, routed)           0.154     1.829    chan_r/i_hpf/i_fir/U0/i_synth/g_single_rate.i_single_rate/g_s_data_chan_fifo.i_s_data_chan_fifo/fifo0/wr_data[7]
    SLICE_X30Y8          SRL16E                                       r  chan_r/i_hpf/i_fir/U0/i_synth/g_single_rate.i_single_rate/g_s_data_chan_fifo.i_s_data_chan_fifo/fifo0/fifo_1_reg[15][7]_srl16/D
  -------------------------------------------------------------------    -------------------

                         (clock clk_100 rise edge)    0.000     0.000 r  
    Y9                                                0.000     0.000 r  clk_100 (IN)
                         net (fo=0)                   0.000     0.000    i_audio/i_clocking/clk_100
    Y9                   IBUF (Prop_ibuf_I_O)         0.446     0.446 r  i_audio/i_clocking/clkin1_buf/O
                         net (fo=1, routed)           0.719     1.165    i_audio/i_clocking/o_CLK_100
    BUFGCTRL_X0Y0        BUFG (Prop_bufg_I_O)         0.029     1.194 r  i_audio/i_clocking/o_CLK_100_BUFG_inst/O
                         net (fo=1798, routed)        0.855     2.049    chan_r/i_hpf/i_fir/U0/i_synth/g_single_rate.i_single_rate/g_s_data_chan_fifo.i_s_data_chan_fifo/fifo0/aclk
    SLICE_X30Y8          SRL16E                                       r  chan_r/i_hpf/i_fir/U0/i_synth/g_single_rate.i_single_rate/g_s_data_chan_fifo.i_s_data_chan_fifo/fifo0/fifo_1_reg[15][7]_srl16/CLK
                         clock pessimism             -0.499     1.550    
    SLICE_X30Y8          SRL16E (Hold_srl16e_CLK_D)
                                                      0.183     1.733    chan_r/i_hpf/i_fir/U0/i_synth/g_single_rate.i_single_rate/g_s_data_chan_fifo.i_s_data_chan_fifo/fifo0/fifo_1_reg[15][7]_srl16
  -------------------------------------------------------------------
                         required time                         -1.733    
                         arrival time                           1.829    
  -------------------------------------------------------------------
                         slack                                  0.096    

Slack (MET) :             0.097ns  (arrival time - required time)
  Source:                 chan_r/i_hpf/i_fir/U0/i_synth/g_single_rate.i_single_rate/g_semi_parallel_and_smac.i_data_in/gen_reg.d_reg_reg[18]/C
                            (rising edge-triggered cell FDRE clocked by clk_100  {rise@0.000ns fall@5.000ns period=10.000ns})
  Destination:            chan_r/i_hpf/i_fir/U0/i_synth/g_single_rate.i_single_rate/g_semi_parallel_and_smac.g_paths[0].g_mem_array[0].i_mem/g_packed.g_true_dual_port.i_mem/gen_bram.gen_write_first.gen_double_reg.ram_reg/DIBDI[18]
                            (rising edge-triggered cell RAMB36E1 clocked by clk_100  {rise@0.000ns fall@5.000ns period=10.000ns})
  Path Group:             clk_100
  Path Type:              Hold (Min at Fast Process Corner)
  Requirement:            0.000ns  (clk_100 rise@0.000ns - clk_100 rise@0.000ns)
  Data Path Delay:        0.388ns  (logic 0.128ns (32.950%)  route 0.260ns (67.050%))
  Logic Levels:           0  
  Clock Path Skew:        0.049ns (DCD - SCD - CPR)
    Destination Clock Delay (DCD):    2.063ns
    Source Clock Delay      (SCD):    1.533ns
    Clock Pessimism Removal (CPR):    0.480ns

    Location             Delay type                Incr(ns)  Path(ns)    Netlist Resource(s)
  -------------------------------------------------------------------    -------------------
                         (clock clk_100 rise edge)    0.000     0.000 r  
    Y9                                                0.000     0.000 r  clk_100 (IN)
                         net (fo=0)                   0.000     0.000    i_audio/i_clocking/clk_100
    Y9                   IBUF (Prop_ibuf_I_O)         0.258     0.258 r  i_audio/i_clocking/clkin1_buf/O
                         net (fo=1, routed)           0.663     0.921    i_audio/i_clocking/o_CLK_100
    BUFGCTRL_X0Y0        BUFG (Prop_bufg_I_O)         0.026     0.947 r  i_audio/i_clocking/o_CLK_100_BUFG_inst/O
                         net (fo=1798, routed)        0.586     1.533    chan_r/i_hpf/i_fir/U0/i_synth/g_single_rate.i_single_rate/g_semi_parallel_and_smac.i_data_in/aclk
    SLICE_X31Y11         FDRE                                         r  chan_r/i_hpf/i_fir/U0/i_synth/g_single_rate.i_single_rate/g_semi_parallel_and_smac.i_data_in/gen_reg.d_reg_reg[18]/C
  -------------------------------------------------------------------    -------------------
    SLICE_X31Y11         FDRE (Prop_fdre_C_Q)         0.128     1.661 r  chan_r/i_hpf/i_fir/U0/i_synth/g_single_rate.i_single_rate/g_semi_parallel_and_smac.i_data_in/gen_reg.d_reg_reg[18]/Q
                         net (fo=1, routed)           0.260     1.921    chan_r/i_hpf/i_fir/U0/i_synth/g_single_rate.i_single_rate/g_semi_parallel_and_smac.g_paths[0].g_mem_array[0].i_mem/g_packed.g_true_dual_port.i_mem/DA_IN[18]
    RAMB36_X2Y2          RAMB36E1                                     r  chan_r/i_hpf/i_fir/U0/i_synth/g_single_rate.i_single_rate/g_semi_parallel_and_smac.g_paths[0].g_mem_array[0].i_mem/g_packed.g_true_dual_port.i_mem/gen_bram.gen_write_first.gen_double_reg.ram_reg/DIBDI[18]
  -------------------------------------------------------------------    -------------------

                         (clock clk_100 rise edge)    0.000     0.000 r  
    Y9                                                0.000     0.000 r  clk_100 (IN)
                         net (fo=0)                   0.000     0.000    i_audio/i_clocking/clk_100
    Y9                   IBUF (Prop_ibuf_I_O)         0.446     0.446 r  i_audio/i_clocking/clkin1_buf/O
                         net (fo=1, routed)           0.719     1.165    i_audio/i_clocking/o_CLK_100
    BUFGCTRL_X0Y0        BUFG (Prop_bufg_I_O)         0.029     1.194 r  i_audio/i_clocking/o_CLK_100_BUFG_inst/O
                         net (fo=1798, routed)        0.868     2.063    chan_r/i_hpf/i_fir/U0/i_synth/g_single_rate.i_single_rate/g_semi_parallel_and_smac.g_paths[0].g_mem_array[0].i_mem/g_packed.g_true_dual_port.i_mem/CLK
    RAMB36_X2Y2          RAMB36E1                                     r  chan_r/i_hpf/i_fir/U0/i_synth/g_single_rate.i_single_rate/g_semi_parallel_and_smac.g_paths[0].g_mem_array[0].i_mem/g_packed.g_true_dual_port.i_mem/gen_bram.gen_write_first.gen_double_reg.ram_reg/CLKBWRCLK
                         clock pessimism             -0.480     1.582    
    RAMB36_X2Y2          RAMB36E1 (Hold_ramb36e1_CLKBWRCLK_DIBDI[18])
                                                      0.242     1.824    chan_r/i_hpf/i_fir/U0/i_synth/g_single_rate.i_single_rate/g_semi_parallel_and_smac.g_paths[0].g_mem_array[0].i_mem/g_packed.g_true_dual_port.i_mem/gen_bram.gen_write_first.gen_double_reg.ram_reg
  -------------------------------------------------------------------
                         required time                         -1.824    
                         arrival time                           1.921    
  -------------------------------------------------------------------
                         slack                                  0.097    

Slack (MET) :             0.097ns  (arrival time - required time)
  Source:                 chan_r/i_delay_line/s_tdata_reg[12]/C
                            (rising edge-triggered cell FDRE clocked by clk_100  {rise@0.000ns fall@5.000ns period=10.000ns})
  Destination:            chan_r/i_delay_line/i_fifo/inst/gen_fifo.xpm_fifo_axis_inst/xpm_fifo_base_inst/gen_sdpram.xpm_memory_base_inst/gen_wr_a.gen_word_narrow.mem_reg_0_12/DIADI[0]
                            (rising edge-triggered cell RAMB36E1 clocked by clk_100  {rise@0.000ns fall@5.000ns period=10.000ns})
  Path Group:             clk_100
  Path Type:              Hold (Min at Fast Process Corner)
  Requirement:            0.000ns  (clk_100 rise@0.000ns - clk_100 rise@0.000ns)
  Data Path Delay:        0.460ns  (logic 0.164ns (35.686%)  route 0.296ns (64.314%))
  Logic Levels:           0  
  Clock Path Skew:        0.066ns (DCD - SCD - CPR)
    Destination Clock Delay (DCD):    2.063ns
    Source Clock Delay      (SCD):    1.499ns
    Clock Pessimism Removal (CPR):    0.497ns

    Location             Delay type                Incr(ns)  Path(ns)    Netlist Resource(s)
  -------------------------------------------------------------------    -------------------
                         (clock clk_100 rise edge)    0.000     0.000 r  
    Y9                                                0.000     0.000 r  clk_100 (IN)
                         net (fo=0)                   0.000     0.000    i_audio/i_clocking/clk_100
    Y9                   IBUF (Prop_ibuf_I_O)         0.258     0.258 r  i_audio/i_clocking/clkin1_buf/O
                         net (fo=1, routed)           0.663     0.921    i_audio/i_clocking/o_CLK_100
    BUFGCTRL_X0Y0        BUFG (Prop_bufg_I_O)         0.026     0.947 r  i_audio/i_clocking/o_CLK_100_BUFG_inst/O
                         net (fo=1798, routed)        0.552     1.499    chan_r/i_delay_line/o_clk_100
    SLICE_X32Y27         FDRE                                         r  chan_r/i_delay_line/s_tdata_reg[12]/C
  -------------------------------------------------------------------    -------------------
    SLICE_X32Y27         FDRE (Prop_fdre_C_Q)         0.164     1.663 r  chan_r/i_delay_line/s_tdata_reg[12]/Q
                         net (fo=1, routed)           0.296     1.958    chan_r/i_delay_line/i_fifo/inst/gen_fifo.xpm_fifo_axis_inst/xpm_fifo_base_inst/gen_sdpram.xpm_memory_base_inst/dina[12]
    RAMB36_X2Y7          RAMB36E1                                     r  chan_r/i_delay_line/i_fifo/inst/gen_fifo.xpm_fifo_axis_inst/xpm_fifo_base_inst/gen_sdpram.xpm_memory_base_inst/gen_wr_a.gen_word_narrow.mem_reg_0_12/DIADI[0]
  -------------------------------------------------------------------    -------------------

                         (clock clk_100 rise edge)    0.000     0.000 r  
    Y9                                                0.000     0.000 r  clk_100 (IN)
                         net (fo=0)                   0.000     0.000    i_audio/i_clocking/clk_100
    Y9                   IBUF (Prop_ibuf_I_O)         0.446     0.446 r  i_audio/i_clocking/clkin1_buf/O
                         net (fo=1, routed)           0.719     1.165    i_audio/i_clocking/o_CLK_100
    BUFGCTRL_X0Y0        BUFG (Prop_bufg_I_O)         0.029     1.194 r  i_audio/i_clocking/o_CLK_100_BUFG_inst/O
                         net (fo=1798, routed)        0.868     2.063    chan_r/i_delay_line/i_fifo/inst/gen_fifo.xpm_fifo_axis_inst/xpm_fifo_base_inst/gen_sdpram.xpm_memory_base_inst/clka
    RAMB36_X2Y7          RAMB36E1                                     r  chan_r/i_delay_line/i_fifo/inst/gen_fifo.xpm_fifo_axis_inst/xpm_fifo_base_inst/gen_sdpram.xpm_memory_base_inst/gen_wr_a.gen_word_narrow.mem_reg_0_12/CLKARDCLK
                         clock pessimism             -0.497     1.565    
    RAMB36_X2Y7          RAMB36E1 (Hold_ramb36e1_CLKARDCLK_DIADI[0])
                                                      0.296     1.861    chan_r/i_delay_line/i_fifo/inst/gen_fifo.xpm_fifo_axis_inst/xpm_fifo_base_inst/gen_sdpram.xpm_memory_base_inst/gen_wr_a.gen_word_narrow.mem_reg_0_12
  -------------------------------------------------------------------
                         required time                         -1.861    
                         arrival time                           1.958    
  -------------------------------------------------------------------
                         slack                                  0.097    





Pulse Width Checks
--------------------------------------------------------------------------------------
Clock Name:         clk_100
Waveform(ns):       { 0.000 5.000 }
Period(ns):         10.000
Sources:            { clk_100 }

Check Type        Corner  Lib Pin             Reference Pin  Required(ns)  Actual(ns)  Slack(ns)  Location         Pin
Min Period        n/a     DSP48E1/CLK         n/a            3.884         10.000      6.116      DSP48_X3Y9       chan_l/p_dry_reg/CLK
Min Period        n/a     DSP48E1/CLK         n/a            3.884         10.000      6.116      DSP48_X2Y6       chan_r/p_dry_reg/CLK
Min Period        n/a     RAMB36E1/CLKARDCLK  n/a            2.576         10.000      7.424      RAMB36_X3Y3      chan_l/i_delay_line/i_fifo/inst/gen_fifo.xpm_fifo_axis_inst/xpm_fifo_base_inst/gen_sdpram.xpm_memory_base_inst/gen_wr_a.gen_word_narrow.mem_reg_0_0/CLKARDCLK
Min Period        n/a     RAMB36E1/CLKBWRCLK  n/a            2.576         10.000      7.424      RAMB36_X3Y3      chan_l/i_delay_line/i_fifo/inst/gen_fifo.xpm_fifo_axis_inst/xpm_fifo_base_inst/gen_sdpram.xpm_memory_base_inst/gen_wr_a.gen_word_narrow.mem_reg_0_0/CLKBWRCLK
Min Period        n/a     RAMB36E1/CLKARDCLK  n/a            2.576         10.000      7.424      RAMB36_X3Y1      chan_l/i_delay_line/i_fifo/inst/gen_fifo.xpm_fifo_axis_inst/xpm_fifo_base_inst/gen_sdpram.xpm_memory_base_inst/gen_wr_a.gen_word_narrow.mem_reg_0_1/CLKARDCLK
Min Period        n/a     RAMB36E1/CLKBWRCLK  n/a            2.576         10.000      7.424      RAMB36_X3Y1      chan_l/i_delay_line/i_fifo/inst/gen_fifo.xpm_fifo_axis_inst/xpm_fifo_base_inst/gen_sdpram.xpm_memory_base_inst/gen_wr_a.gen_word_narrow.mem_reg_0_1/CLKBWRCLK
Min Period        n/a     RAMB36E1/CLKARDCLK  n/a            2.576         10.000      7.424      RAMB36_X4Y5      chan_l/i_delay_line/i_fifo/inst/gen_fifo.xpm_fifo_axis_inst/xpm_fifo_base_inst/gen_sdpram.xpm_memory_base_inst/gen_wr_a.gen_word_narrow.mem_reg_0_10/CLKARDCLK
Min Period        n/a     RAMB36E1/CLKBWRCLK  n/a            2.576         10.000      7.424      RAMB36_X4Y5      chan_l/i_delay_line/i_fifo/inst/gen_fifo.xpm_fifo_axis_inst/xpm_fifo_base_inst/gen_sdpram.xpm_memory_base_inst/gen_wr_a.gen_word_narrow.mem_reg_0_10/CLKBWRCLK
Min Period        n/a     RAMB36E1/CLKARDCLK  n/a            2.576         10.000      7.424      RAMB36_X5Y3      chan_l/i_delay_line/i_fifo/inst/gen_fifo.xpm_fifo_axis_inst/xpm_fifo_base_inst/gen_sdpram.xpm_memory_base_inst/gen_wr_a.gen_word_narrow.mem_reg_0_11/CLKARDCLK
Min Period        n/a     RAMB36E1/CLKBWRCLK  n/a            2.576         10.000      7.424      RAMB36_X5Y3      chan_l/i_delay_line/i_fifo/inst/gen_fifo.xpm_fifo_axis_inst/xpm_fifo_base_inst/gen_sdpram.xpm_memory_base_inst/gen_wr_a.gen_word_narrow.mem_reg_0_11/CLKBWRCLK
Max Period        n/a     MMCME2_ADV/CLKIN1   n/a            100.000       10.000      90.000     MMCME2_ADV_X1Y0  i_audio/i_clocking/mmcm_adv_inst/CLKIN1
Low Pulse Width   Slow    MMCME2_ADV/CLKIN1   n/a            2.000         5.000       3.000      MMCME2_ADV_X1Y0  i_audio/i_clocking/mmcm_adv_inst/CLKIN1
Low Pulse Width   Fast    MMCME2_ADV/CLKIN1   n/a            2.000         5.000       3.000      MMCME2_ADV_X1Y0  i_audio/i_clocking/mmcm_adv_inst/CLKIN1
Low Pulse Width   Slow    SRL16E/CLK          n/a            0.980         5.000       4.020      SLICE_X92Y10     chan_l/v1_reg_srl2/CLK
Low Pulse Width   Fast    SRL16E/CLK          n/a            0.980         5.000       4.020      SLICE_X92Y10     chan_l/v1_reg_srl2/CLK
Low Pulse Width   Slow    SRL16E/CLK          n/a            0.980         5.000       4.020      SLICE_X86Y19     chan_l/i_hpf/i_fir/U0/i_synth/g_single_rate.i_single_rate/g_s_data_chan_fifo.i_s_data_chan_fifo/fifo0/fifo_1_reg[15][0]_srl16/CLK
Low Pulse Width   Fast    SRL16E/CLK          n/a            0.980         5.000       4.020      SLICE_X86Y19     chan_l/i_hpf/i_fir/U0/i_synth/g_single_rate.i_single_rate/g_s_data_chan_fifo.i_s_data_chan_fifo/fifo0/fifo_1_reg[15][0]_srl16/CLK
Low Pulse Width   Slow    SRL16E/CLK          n/a            0.980         5.000       4.020      SLICE_X86Y22     chan_l/i_hpf/i_fir/U0/i_synth/g_single_rate.i_single_rate/g_s_data_chan_fifo.i_s_data_chan_fifo/fifo0/fifo_1_reg[15][10]_srl16/CLK
Low Pulse Width   Fast    SRL16E/CLK          n/a            0.980         5.000       4.020      SLICE_X86Y22     chan_l/i_hpf/i_fir/U0/i_synth/g_single_rate.i_single_rate/g_s_data_chan_fifo.i_s_data_chan_fifo/fifo0/fifo_1_reg[15][10]_srl16/CLK
Low Pulse Width   Slow    SRL16E/CLK          n/a            0.980         5.000       4.020      SLICE_X86Y22     chan_l/i_hpf/i_fir/U0/i_synth/g_single_rate.i_single_rate/g_s_data_chan_fifo.i_s_data_chan_fifo/fifo0/fifo_1_reg[15][11]_srl16/CLK
Low Pulse Width   Fast    SRL16E/CLK          n/a            0.980         5.000       4.020      SLICE_X86Y22     chan_l/i_hpf/i_fir/U0/i_synth/g_single_rate.i_single_rate/g_s_data_chan_fifo.i_s_data_chan_fifo/fifo0/fifo_1_reg[15][11]_srl16/CLK
High Pulse Width  Slow    MMCME2_ADV/CLKIN1   n/a            2.000         5.000       3.000      MMCME2_ADV_X1Y0  i_audio/i_clocking/mmcm_adv_inst/CLKIN1
High Pulse Width  Fast    MMCME2_ADV/CLKIN1   n/a            2.000         5.000       3.000      MMCME2_ADV_X1Y0  i_audio/i_clocking/mmcm_adv_inst/CLKIN1
High Pulse Width  Slow    SRL16E/CLK          n/a            0.980         5.000       4.020      SLICE_X92Y10     chan_l/v1_reg_srl2/CLK
High Pulse Width  Fast    SRL16E/CLK          n/a            0.980         5.000       4.020      SLICE_X92Y10     chan_l/v1_reg_srl2/CLK
High Pulse Width  Slow    SRL16E/CLK          n/a            0.980         5.000       4.020      SLICE_X86Y19     chan_l/i_hpf/i_fir/U0/i_synth/g_single_rate.i_single_rate/g_s_data_chan_fifo.i_s_data_chan_fifo/fifo0/fifo_1_reg[15][0]_srl16/CLK
High Pulse Width  Fast    SRL16E/CLK          n/a            0.980         5.000       4.020      SLICE_X86Y19     chan_l/i_hpf/i_fir/U0/i_synth/g_single_rate.i_single_rate/g_s_data_chan_fifo.i_s_data_chan_fifo/fifo0/fifo_1_reg[15][0]_srl16/CLK
High Pulse Width  Slow    SRL16E/CLK          n/a            0.980         5.000       4.020      SLICE_X86Y22     chan_l/i_hpf/i_fir/U0/i_synth/g_single_rate.i_single_rate/g_s_data_chan_fifo.i_s_data_chan_fifo/fifo0/fifo_1_reg[15][10]_srl16/CLK
High Pulse Width  Fast    SRL16E/CLK          n/a            0.980         5.000       4.020      SLICE_X86Y22     chan_l/i_hpf/i_fir/U0/i_synth/g_single_rate.i_single_rate/g_s_data_chan_fifo.i_s_data_chan_fifo/fifo0/fifo_1_reg[15][10]_srl16/CLK
High Pulse Width  Slow    SRL16E/CLK          n/a            0.980         5.000       4.020      SLICE_X86Y22     chan_l/i_hpf/i_fir/U0/i_synth/g_single_rate.i_single_rate/g_s_data_chan_fifo.i_s_data_chan_fifo/fifo0/fifo_1_reg[15][11]_srl16/CLK
High Pulse Width  Fast    SRL16E/CLK          n/a            0.980         5.000       4.020      SLICE_X86Y22     chan_l/i_hpf/i_fir/U0/i_synth/g_single_rate.i_single_rate/g_s_data_chan_fifo.i_s_data_chan_fifo/fifo0/fifo_1_reg[15][11]_srl16/CLK



---------------------------------------------------------------------------------------------------
From Clock:  clk_feedback
  To Clock:  clk_feedback

Setup :           NA  Failing Endpoints,  Worst Slack           NA  ,  Total Violation           NA
Hold  :           NA  Failing Endpoints,  Worst Slack           NA  ,  Total Violation           NA
PW    :            0  Failing Endpoints,  Worst Slack       48.751ns,  Total Violation        0.000ns
---------------------------------------------------------------------------------------------------


Pulse Width Checks
--------------------------------------------------------------------------------------
Clock Name:         clk_feedback
Waveform(ns):       { 0.000 25.000 }
Period(ns):         50.000
Sources:            { i_audio/i_clocking/mmcm_adv_inst/CLKFBOUT }

Check Type  Corner  Lib Pin              Reference Pin  Required(ns)  Actual(ns)  Slack(ns)  Location         Pin
Min Period  n/a     MMCME2_ADV/CLKFBOUT  n/a            1.249         50.000      48.751     MMCME2_ADV_X1Y0  i_audio/i_clocking/mmcm_adv_inst/CLKFBOUT
Min Period  n/a     MMCME2_ADV/CLKFBIN   n/a            1.249         50.000      48.751     MMCME2_ADV_X1Y0  i_audio/i_clocking/mmcm_adv_inst/CLKFBIN
Max Period  n/a     MMCME2_ADV/CLKFBIN   n/a            100.000       50.000      50.000     MMCME2_ADV_X1Y0  i_audio/i_clocking/mmcm_adv_inst/CLKFBIN
Max Period  n/a     MMCME2_ADV/CLKFBOUT  n/a            213.360       50.000      163.360    MMCME2_ADV_X1Y0  i_audio/i_clocking/mmcm_adv_inst/CLKFBOUT



---------------------------------------------------------------------------------------------------
From Clock:  zed_audio_clk_48M
  To Clock:  zed_audio_clk_48M

Setup :            0  Failing Endpoints,  Worst Slack       13.757ns,  Total Violation        0.000ns
Hold  :            0  Failing Endpoints,  Worst Slack        0.025ns,  Total Violation        0.000ns
PW    :            0  Failing Endpoints,  Worst Slack        9.437ns,  Total Violation        0.000ns
---------------------------------------------------------------------------------------------------


Max Delay Paths
--------------------------------------------------------------------------------------
Slack (MET) :             13.757ns  (required time - arrival time)
  Source:                 i_audio/Inst_adau1761_izedboard/Inst_i2c/Inst_adau1761_configuraiton_data/data_reg/CLKARDCLK
                            (rising edge-triggered cell RAMB18E1 clocked by zed_audio_clk_48M  {rise@0.000ns fall@10.417ns period=20.833ns})
  Destination:            i_audio/Inst_adau1761_izedboard/Inst_i2c/Inst_i3c2/pcnext_reg[1]/CE
                            (rising edge-triggered cell FDRE clocked by zed_audio_clk_48M  {rise@0.000ns fall@10.417ns period=20.833ns})
  Path Group:             zed_audio_clk_48M
  Path Type:              Setup (Max at Slow Process Corner)
  Requirement:            20.833ns  (zed_audio_clk_48M rise@20.833ns - zed_audio_clk_48M rise@0.000ns)
  Data Path Delay:        6.665ns  (logic 3.056ns (45.850%)  route 3.609ns (54.150%))
  Logic Levels:           3  (LUT4=1 LUT6=2)
  Clock Path Skew:        -0.068ns (DCD - SCD + CPR)
    Destination Clock Delay (DCD):    8.569ns = ( 29.402 - 20.833 ) 
    Source Clock Delay      (SCD):    9.440ns
    Clock Pessimism Removal (CPR):    0.803ns
  Clock Uncertainty:      0.138ns  ((TSJ^2 + DJ^2)^1/2) / 2 + PE
    Total System Jitter     (TSJ):    0.071ns
    Discrete Jitter          (DJ):    0.267ns
    Phase Error              (PE):    0.000ns

    Location             Delay type                Incr(ns)  Path(ns)    Netlist Resource(s)
  -------------------------------------------------------------------    -------------------
                         (clock zed_audio_clk_48M rise edge)
                                                      0.000     0.000 r  
    Y9                                                0.000     0.000 r  clk_100 (IN)
                         net (fo=0)                   0.000     0.000    i_audio/i_clocking/clk_100
    Y9                   IBUF (Prop_ibuf_I_O)         1.490     1.490 r  i_audio/i_clocking/clkin1_buf/O
                         net (fo=1, routed)           2.171     3.661    i_audio/i_clocking/o_CLK_100
    BUFGCTRL_X0Y0        BUFG (Prop_bufg_I_O)         0.101     3.762 r  i_audio/i_clocking/o_CLK_100_BUFG_inst/O
                         net (fo=1798, routed)        1.803     5.565    i_audio/i_clocking/o_CLK_100_BUFG
    MMCME2_ADV_X1Y0      MMCME2_ADV (Prop_mmcme2_adv_CLKIN1_CLKOUT0)
                                                      0.088     5.653 r  i_audio/i_clocking/mmcm_adv_inst/CLKOUT0
                         net (fo=1, routed)           1.889     7.542    i_audio/i_clocking/zed_audio_clk_48M
    BUFGCTRL_X0Y1        BUFG (Prop_bufg_I_O)         0.101     7.643 r  i_audio/i_clocking/clkout1_buf/O
                         net (fo=226, routed)         1.796     9.440    i_audio/Inst_adau1761_izedboard/Inst_i2c/Inst_adau1761_configuraiton_data/CLK_48
    RAMB18_X0Y18         RAMB18E1                                     r  i_audio/Inst_adau1761_izedboard/Inst_i2c/Inst_adau1761_configuraiton_data/data_reg/CLKARDCLK
  -------------------------------------------------------------------    -------------------
    RAMB18_X0Y18         RAMB18E1 (Prop_ramb18e1_CLKARDCLK_DOADO[3])
                                                      2.454    11.894 r  i_audio/Inst_adau1761_izedboard/Inst_i2c/Inst_adau1761_configuraiton_data/data_reg/DOADO[3]
                         net (fo=29, routed)          1.371    13.265    i_audio/Inst_adau1761_izedboard/Inst_i2c/Inst_adau1761_configuraiton_data/DOADO[3]
    SLICE_X6Y46          LUT4 (Prop_lut4_I3_O)        0.150    13.415 r  i_audio/Inst_adau1761_izedboard/Inst_i2c/Inst_adau1761_configuraiton_data/pcnext[9]_i_9/O
                         net (fo=1, routed)           0.452    13.867    i_audio/Inst_adau1761_izedboard/Inst_i2c/Inst_adau1761_configuraiton_data/pcnext[9]_i_9_n_0
    SLICE_X6Y46          LUT6 (Prop_lut6_I1_O)        0.328    14.195 r  i_audio/Inst_adau1761_izedboard/Inst_i2c/Inst_adau1761_configuraiton_data/pcnext[9]_i_4/O
                         net (fo=1, routed)           0.730    14.925    i_audio/Inst_adau1761_izedboard/Inst_i2c/Inst_i3c2/pcnext_reg[0]_0
    SLICE_X5Y46          LUT6 (Prop_lut6_I5_O)        0.124    15.049 r  i_audio/Inst_adau1761_izedboard/Inst_i2c/Inst_i3c2/pcnext[9]_i_1/O
                         net (fo=11, routed)          1.056    16.105    i_audio/Inst_adau1761_izedboard/Inst_i2c/Inst_i3c2/pcnext[9]_i_1_n_0
    SLICE_X9Y45          FDRE                                         r  i_audio/Inst_adau1761_izedboard/Inst_i2c/Inst_i3c2/pcnext_reg[1]/CE
  -------------------------------------------------------------------    -------------------

                         (clock zed_audio_clk_48M rise edge)
                                                     20.833    20.833 r  
    Y9                                                0.000    20.833 r  clk_100 (IN)
                         net (fo=0)                   0.000    20.833    i_audio/i_clocking/clk_100
    Y9                   IBUF (Prop_ibuf_I_O)         1.420    22.253 r  i_audio/i_clocking/clkin1_buf/O
                         net (fo=1, routed)           1.972    24.225    i_audio/i_clocking/o_CLK_100
    BUFGCTRL_X0Y0        BUFG (Prop_bufg_I_O)         0.091    24.316 r  i_audio/i_clocking/o_CLK_100_BUFG_inst/O
                         net (fo=1798, routed)        1.609    25.925    i_audio/i_clocking/o_CLK_100_BUFG
    MMCME2_ADV_X1Y0      MMCME2_ADV (Prop_mmcme2_adv_CLKIN1_CLKOUT0)
                                                      0.083    26.008 r  i_audio/i_clocking/mmcm_adv_inst/CLKOUT0
                         net (fo=1, routed)           1.725    27.734    i_audio/i_clocking/zed_audio_clk_48M
    BUFGCTRL_X0Y1        BUFG (Prop_bufg_I_O)         0.091    27.825 r  i_audio/i_clocking/clkout1_buf/O
                         net (fo=226, routed)         1.577    29.402    i_audio/Inst_adau1761_izedboard/Inst_i2c/Inst_i3c2/CLK_48
    SLICE_X9Y45          FDRE                                         r  i_audio/Inst_adau1761_izedboard/Inst_i2c/Inst_i3c2/pcnext_reg[1]/C
                         clock pessimism              0.803    30.205    
                         clock uncertainty           -0.138    30.067    
    SLICE_X9Y45          FDRE (Setup_fdre_C_CE)      -0.205    29.862    i_audio/Inst_adau1761_izedboard/Inst_i2c/Inst_i3c2/pcnext_reg[1]
  -------------------------------------------------------------------
                         required time                         29.862    
                         arrival time                         -16.105    
  -------------------------------------------------------------------
                         slack                                 13.757    

Slack (MET) :             13.757ns  (required time - arrival time)
  Source:                 i_audio/Inst_adau1761_izedboard/Inst_i2c/Inst_adau1761_configuraiton_data/data_reg/CLKARDCLK
                            (rising edge-triggered cell RAMB18E1 clocked by zed_audio_clk_48M  {rise@0.000ns fall@10.417ns period=20.833ns})
  Destination:            i_audio/Inst_adau1761_izedboard/Inst_i2c/Inst_i3c2/pcnext_reg[2]/CE
                            (rising edge-triggered cell FDRE clocked by zed_audio_clk_48M  {rise@0.000ns fall@10.417ns period=20.833ns})
  Path Group:             zed_audio_clk_48M
  Path Type:              Setup (Max at Slow Process Corner)
  Requirement:            20.833ns  (zed_audio_clk_48M rise@20.833ns - zed_audio_clk_48M rise@0.000ns)
  Data Path Delay:        6.665ns  (logic 3.056ns (45.850%)  route 3.609ns (54.150%))
  Logic Levels:           3  (LUT4=1 LUT6=2)
  Clock Path Skew:        -0.068ns (DCD - SCD + CPR)
    Destination Clock Delay (DCD):    8.569ns = ( 29.402 - 20.833 ) 
    Source Clock Delay      (SCD):    9.440ns
    Clock Pessimism Removal (CPR):    0.803ns
  Clock Uncertainty:      0.138ns  ((TSJ^2 + DJ^2)^1/2) / 2 + PE
    Total System Jitter     (TSJ):    0.071ns
    Discrete Jitter          (DJ):    0.267ns
    Phase Error              (PE):    0.000ns

    Location             Delay type                Incr(ns)  Path(ns)    Netlist Resource(s)
  -------------------------------------------------------------------    -------------------
                         (clock zed_audio_clk_48M rise edge)
                                                      0.000     0.000 r  
    Y9                                                0.000     0.000 r  clk_100 (IN)
                         net (fo=0)                   0.000     0.000    i_audio/i_clocking/clk_100
    Y9                   IBUF (Prop_ibuf_I_O)         1.490     1.490 r  i_audio/i_clocking/clkin1_buf/O
                         net (fo=1, routed)           2.171     3.661    i_audio/i_clocking/o_CLK_100
    BUFGCTRL_X0Y0        BUFG (Prop_bufg_I_O)         0.101     3.762 r  i_audio/i_clocking/o_CLK_100_BUFG_inst/O
                         net (fo=1798, routed)        1.803     5.565    i_audio/i_clocking/o_CLK_100_BUFG
    MMCME2_ADV_X1Y0      MMCME2_ADV (Prop_mmcme2_adv_CLKIN1_CLKOUT0)
                                                      0.088     5.653 r  i_audio/i_clocking/mmcm_adv_inst/CLKOUT0
                         net (fo=1, routed)           1.889     7.542    i_audio/i_clocking/zed_audio_clk_48M
    BUFGCTRL_X0Y1        BUFG (Prop_bufg_I_O)         0.101     7.643 r  i_audio/i_clocking/clkout1_buf/O
                         net (fo=226, routed)         1.796     9.440    i_audio/Inst_adau1761_izedboard/Inst_i2c/Inst_adau1761_configuraiton_data/CLK_48
    RAMB18_X0Y18         RAMB18E1                                     r  i_audio/Inst_adau1761_izedboard/Inst_i2c/Inst_adau1761_configuraiton_data/data_reg/CLKARDCLK
  -------------------------------------------------------------------    -------------------
    RAMB18_X0Y18         RAMB18E1 (Prop_ramb18e1_CLKARDCLK_DOADO[3])
                                                      2.454    11.894 r  i_audio/Inst_adau1761_izedboard/Inst_i2c/Inst_adau1761_configuraiton_data/data_reg/DOADO[3]
                         net (fo=29, routed)          1.371    13.265    i_audio/Inst_adau1761_izedboard/Inst_i2c/Inst_adau1761_configuraiton_data/DOADO[3]
    SLICE_X6Y46          LUT4 (Prop_lut4_I3_O)        0.150    13.415 r  i_audio/Inst_adau1761_izedboard/Inst_i2c/Inst_adau1761_configuraiton_data/pcnext[9]_i_9/O
                         net (fo=1, routed)           0.452    13.867    i_audio/Inst_adau1761_izedboard/Inst_i2c/Inst_adau1761_configuraiton_data/pcnext[9]_i_9_n_0
    SLICE_X6Y46          LUT6 (Prop_lut6_I1_O)        0.328    14.195 r  i_audio/Inst_adau1761_izedboard/Inst_i2c/Inst_adau1761_configuraiton_data/pcnext[9]_i_4/O
                         net (fo=1, routed)           0.730    14.925    i_audio/Inst_adau1761_izedboard/Inst_i2c/Inst_i3c2/pcnext_reg[0]_0
    SLICE_X5Y46          LUT6 (Prop_lut6_I5_O)        0.124    15.049 r  i_audio/Inst_adau1761_izedboard/Inst_i2c/Inst_i3c2/pcnext[9]_i_1/O
                         net (fo=11, routed)          1.056    16.105    i_audio/Inst_adau1761_izedboard/Inst_i2c/Inst_i3c2/pcnext[9]_i_1_n_0
    SLICE_X9Y45          FDRE                                         r  i_audio/Inst_adau1761_izedboard/Inst_i2c/Inst_i3c2/pcnext_reg[2]/CE
  -------------------------------------------------------------------    -------------------

                         (clock zed_audio_clk_48M rise edge)
                                                     20.833    20.833 r  
    Y9                                                0.000    20.833 r  clk_100 (IN)
                         net (fo=0)                   0.000    20.833    i_audio/i_clocking/clk_100
    Y9                   IBUF (Prop_ibuf_I_O)         1.420    22.253 r  i_audio/i_clocking/clkin1_buf/O
                         net (fo=1, routed)           1.972    24.225    i_audio/i_clocking/o_CLK_100
    BUFGCTRL_X0Y0        BUFG (Prop_bufg_I_O)         0.091    24.316 r  i_audio/i_clocking/o_CLK_100_BUFG_inst/O
                         net (fo=1798, routed)        1.609    25.925    i_audio/i_clocking/o_CLK_100_BUFG
    MMCME2_ADV_X1Y0      MMCME2_ADV (Prop_mmcme2_adv_CLKIN1_CLKOUT0)
                                                      0.083    26.008 r  i_audio/i_clocking/mmcm_adv_inst/CLKOUT0
                         net (fo=1, routed)           1.725    27.734    i_audio/i_clocking/zed_audio_clk_48M
    BUFGCTRL_X0Y1        BUFG (Prop_bufg_I_O)         0.091    27.825 r  i_audio/i_clocking/clkout1_buf/O
                         net (fo=226, routed)         1.577    29.402    i_audio/Inst_adau1761_izedboard/Inst_i2c/Inst_i3c2/CLK_48
    SLICE_X9Y45          FDRE                                         r  i_audio/Inst_adau1761_izedboard/Inst_i2c/Inst_i3c2/pcnext_reg[2]/C
                         clock pessimism              0.803    30.205    
                         clock uncertainty           -0.138    30.067    
    SLICE_X9Y45          FDRE (Setup_fdre_C_CE)      -0.205    29.862    i_audio/Inst_adau1761_izedboard/Inst_i2c/Inst_i3c2/pcnext_reg[2]
  -------------------------------------------------------------------
                         required time                         29.862    
                         arrival time                         -16.105    
  -------------------------------------------------------------------
                         slack                                 13.757    

Slack (MET) :             13.757ns  (required time - arrival time)
  Source:                 i_audio/Inst_adau1761_izedboard/Inst_i2c/Inst_adau1761_configuraiton_data/data_reg/CLKARDCLK
                            (rising edge-triggered cell RAMB18E1 clocked by zed_audio_clk_48M  {rise@0.000ns fall@10.417ns period=20.833ns})
  Destination:            i_audio/Inst_adau1761_izedboard/Inst_i2c/Inst_i3c2/pcnext_reg[3]/CE
                            (rising edge-triggered cell FDRE clocked by zed_audio_clk_48M  {rise@0.000ns fall@10.417ns period=20.833ns})
  Path Group:             zed_audio_clk_48M
  Path Type:              Setup (Max at Slow Process Corner)
  Requirement:            20.833ns  (zed_audio_clk_48M rise@20.833ns - zed_audio_clk_48M rise@0.000ns)
  Data Path Delay:        6.665ns  (logic 3.056ns (45.850%)  route 3.609ns (54.150%))
  Logic Levels:           3  (LUT4=1 LUT6=2)
  Clock Path Skew:        -0.068ns (DCD - SCD + CPR)
    Destination Clock Delay (DCD):    8.569ns = ( 29.402 - 20.833 ) 
    Source Clock Delay      (SCD):    9.440ns
    Clock Pessimism Removal (CPR):    0.803ns
  Clock Uncertainty:      0.138ns  ((TSJ^2 + DJ^2)^1/2) / 2 + PE
    Total System Jitter     (TSJ):    0.071ns
    Discrete Jitter          (DJ):    0.267ns
    Phase Error              (PE):    0.000ns

    Location             Delay type                Incr(ns)  Path(ns)    Netlist Resource(s)
  -------------------------------------------------------------------    -------------------
                         (clock zed_audio_clk_48M rise edge)
                                                      0.000     0.000 r  
    Y9                                                0.000     0.000 r  clk_100 (IN)
                         net (fo=0)                   0.000     0.000    i_audio/i_clocking/clk_100
    Y9                   IBUF (Prop_ibuf_I_O)         1.490     1.490 r  i_audio/i_clocking/clkin1_buf/O
                         net (fo=1, routed)           2.171     3.661    i_audio/i_clocking/o_CLK_100
    BUFGCTRL_X0Y0        BUFG (Prop_bufg_I_O)         0.101     3.762 r  i_audio/i_clocking/o_CLK_100_BUFG_inst/O
                         net (fo=1798, routed)        1.803     5.565    i_audio/i_clocking/o_CLK_100_BUFG
    MMCME2_ADV_X1Y0      MMCME2_ADV (Prop_mmcme2_adv_CLKIN1_CLKOUT0)
                                                      0.088     5.653 r  i_audio/i_clocking/mmcm_adv_inst/CLKOUT0
                         net (fo=1, routed)           1.889     7.542    i_audio/i_clocking/zed_audio_clk_48M
    BUFGCTRL_X0Y1        BUFG (Prop_bufg_I_O)         0.101     7.643 r  i_audio/i_clocking/clkout1_buf/O
                         net (fo=226, routed)         1.796     9.440    i_audio/Inst_adau1761_izedboard/Inst_i2c/Inst_adau1761_configuraiton_data/CLK_48
    RAMB18_X0Y18         RAMB18E1                                     r  i_audio/Inst_adau1761_izedboard/Inst_i2c/Inst_adau1761_configuraiton_data/data_reg/CLKARDCLK
  -------------------------------------------------------------------    -------------------
    RAMB18_X0Y18         RAMB18E1 (Prop_ramb18e1_CLKARDCLK_DOADO[3])
                                                      2.454    11.894 r  i_audio/Inst_adau1761_izedboard/Inst_i2c/Inst_adau1761_configuraiton_data/data_reg/DOADO[3]
                         net (fo=29, routed)          1.371    13.265    i_audio/Inst_adau1761_izedboard/Inst_i2c/Inst_adau1761_configuraiton_data/DOADO[3]
    SLICE_X6Y46          LUT4 (Prop_lut4_I3_O)        0.150    13.415 r  i_audio/Inst_adau1761_izedboard/Inst_i2c/Inst_adau1761_configuraiton_data/pcnext[9]_i_9/O
                         net (fo=1, routed)           0.452    13.867    i_audio/Inst_adau1761_izedboard/Inst_i2c/Inst_adau1761_configuraiton_data/pcnext[9]_i_9_n_0
    SLICE_X6Y46          LUT6 (Prop_lut6_I1_O)        0.328    14.195 r  i_audio/Inst_adau1761_izedboard/Inst_i2c/Inst_adau1761_configuraiton_data/pcnext[9]_i_4/O
                         net (fo=1, routed)           0.730    14.925    i_audio/Inst_adau1761_izedboard/Inst_i2c/Inst_i3c2/pcnext_reg[0]_0
    SLICE_X5Y46          LUT6 (Prop_lut6_I5_O)        0.124    15.049 r  i_audio/Inst_adau1761_izedboard/Inst_i2c/Inst_i3c2/pcnext[9]_i_1/O
                         net (fo=11, routed)          1.056    16.105    i_audio/Inst_adau1761_izedboard/Inst_i2c/Inst_i3c2/pcnext[9]_i_1_n_0
    SLICE_X9Y45          FDRE                                         r  i_audio/Inst_adau1761_izedboard/Inst_i2c/Inst_i3c2/pcnext_reg[3]/CE
  -------------------------------------------------------------------    -------------------

                         (clock zed_audio_clk_48M rise edge)
                                                     20.833    20.833 r  
    Y9                                                0.000    20.833 r  clk_100 (IN)
                         net (fo=0)                   0.000    20.833    i_audio/i_clocking/clk_100
    Y9                   IBUF (Prop_ibuf_I_O)         1.420    22.253 r  i_audio/i_clocking/clkin1_buf/O
                         net (fo=1, routed)           1.972    24.225    i_audio/i_clocking/o_CLK_100
    BUFGCTRL_X0Y0        BUFG (Prop_bufg_I_O)         0.091    24.316 r  i_audio/i_clocking/o_CLK_100_BUFG_inst/O
                         net (fo=1798, routed)        1.609    25.925    i_audio/i_clocking/o_CLK_100_BUFG
    MMCME2_ADV_X1Y0      MMCME2_ADV (Prop_mmcme2_adv_CLKIN1_CLKOUT0)
                                                      0.083    26.008 r  i_audio/i_clocking/mmcm_adv_inst/CLKOUT0
                         net (fo=1, routed)           1.725    27.734    i_audio/i_clocking/zed_audio_clk_48M
    BUFGCTRL_X0Y1        BUFG (Prop_bufg_I_O)         0.091    27.825 r  i_audio/i_clocking/clkout1_buf/O
                         net (fo=226, routed)         1.577    29.402    i_audio/Inst_adau1761_izedboard/Inst_i2c/Inst_i3c2/CLK_48
    SLICE_X9Y45          FDRE                                         r  i_audio/Inst_adau1761_izedboard/Inst_i2c/Inst_i3c2/pcnext_reg[3]/C
                         clock pessimism              0.803    30.205    
                         clock uncertainty           -0.138    30.067    
    SLICE_X9Y45          FDRE (Setup_fdre_C_CE)      -0.205    29.862    i_audio/Inst_adau1761_izedboard/Inst_i2c/Inst_i3c2/pcnext_reg[3]
  -------------------------------------------------------------------
                         required time                         29.862    
                         arrival time                         -16.105    
  -------------------------------------------------------------------
                         slack                                 13.757    

Slack (MET) :             13.757ns  (required time - arrival time)
  Source:                 i_audio/Inst_adau1761_izedboard/Inst_i2c/Inst_adau1761_configuraiton_data/data_reg/CLKARDCLK
                            (rising edge-triggered cell RAMB18E1 clocked by zed_audio_clk_48M  {rise@0.000ns fall@10.417ns period=20.833ns})
  Destination:            i_audio/Inst_adau1761_izedboard/Inst_i2c/Inst_i3c2/pcnext_reg[4]/CE
                            (rising edge-triggered cell FDRE clocked by zed_audio_clk_48M  {rise@0.000ns fall@10.417ns period=20.833ns})
  Path Group:             zed_audio_clk_48M
  Path Type:              Setup (Max at Slow Process Corner)
  Requirement:            20.833ns  (zed_audio_clk_48M rise@20.833ns - zed_audio_clk_48M rise@0.000ns)
  Data Path Delay:        6.665ns  (logic 3.056ns (45.850%)  route 3.609ns (54.150%))
  Logic Levels:           3  (LUT4=1 LUT6=2)
  Clock Path Skew:        -0.068ns (DCD - SCD + CPR)
    Destination Clock Delay (DCD):    8.569ns = ( 29.402 - 20.833 ) 
    Source Clock Delay      (SCD):    9.440ns
    Clock Pessimism Removal (CPR):    0.803ns
  Clock Uncertainty:      0.138ns  ((TSJ^2 + DJ^2)^1/2) / 2 + PE
    Total System Jitter     (TSJ):    0.071ns
    Discrete Jitter          (DJ):    0.267ns
    Phase Error              (PE):    0.000ns

    Location             Delay type                Incr(ns)  Path(ns)    Netlist Resource(s)
  -------------------------------------------------------------------    -------------------
                         (clock zed_audio_clk_48M rise edge)
                                                      0.000     0.000 r  
    Y9                                                0.000     0.000 r  clk_100 (IN)
                         net (fo=0)                   0.000     0.000    i_audio/i_clocking/clk_100
    Y9                   IBUF (Prop_ibuf_I_O)         1.490     1.490 r  i_audio/i_clocking/clkin1_buf/O
                         net (fo=1, routed)           2.171     3.661    i_audio/i_clocking/o_CLK_100
    BUFGCTRL_X0Y0        BUFG (Prop_bufg_I_O)         0.101     3.762 r  i_audio/i_clocking/o_CLK_100_BUFG_inst/O
                         net (fo=1798, routed)        1.803     5.565    i_audio/i_clocking/o_CLK_100_BUFG
    MMCME2_ADV_X1Y0      MMCME2_ADV (Prop_mmcme2_adv_CLKIN1_CLKOUT0)
                                                      0.088     5.653 r  i_audio/i_clocking/mmcm_adv_inst/CLKOUT0
                         net (fo=1, routed)           1.889     7.542    i_audio/i_clocking/zed_audio_clk_48M
    BUFGCTRL_X0Y1        BUFG (Prop_bufg_I_O)         0.101     7.643 r  i_audio/i_clocking/clkout1_buf/O
                         net (fo=226, routed)         1.796     9.440    i_audio/Inst_adau1761_izedboard/Inst_i2c/Inst_adau1761_configuraiton_data/CLK_48
    RAMB18_X0Y18         RAMB18E1                                     r  i_audio/Inst_adau1761_izedboard/Inst_i2c/Inst_adau1761_configuraiton_data/data_reg/CLKARDCLK
  -------------------------------------------------------------------    -------------------
    RAMB18_X0Y18         RAMB18E1 (Prop_ramb18e1_CLKARDCLK_DOADO[3])
                                                      2.454    11.894 r  i_audio/Inst_adau1761_izedboard/Inst_i2c/Inst_adau1761_configuraiton_data/data_reg/DOADO[3]
                         net (fo=29, routed)          1.371    13.265    i_audio/Inst_adau1761_izedboard/Inst_i2c/Inst_adau1761_configuraiton_data/DOADO[3]
    SLICE_X6Y46          LUT4 (Prop_lut4_I3_O)        0.150    13.415 r  i_audio/Inst_adau1761_izedboard/Inst_i2c/Inst_adau1761_configuraiton_data/pcnext[9]_i_9/O
                         net (fo=1, routed)           0.452    13.867    i_audio/Inst_adau1761_izedboard/Inst_i2c/Inst_adau1761_configuraiton_data/pcnext[9]_i_9_n_0
    SLICE_X6Y46          LUT6 (Prop_lut6_I1_O)        0.328    14.195 r  i_audio/Inst_adau1761_izedboard/Inst_i2c/Inst_adau1761_configuraiton_data/pcnext[9]_i_4/O
                         net (fo=1, routed)           0.730    14.925    i_audio/Inst_adau1761_izedboard/Inst_i2c/Inst_i3c2/pcnext_reg[0]_0
    SLICE_X5Y46          LUT6 (Prop_lut6_I5_O)        0.124    15.049 r  i_audio/Inst_adau1761_izedboard/Inst_i2c/Inst_i3c2/pcnext[9]_i_1/O
                         net (fo=11, routed)          1.056    16.105    i_audio/Inst_adau1761_izedboard/Inst_i2c/Inst_i3c2/pcnext[9]_i_1_n_0
    SLICE_X9Y45          FDRE                                         r  i_audio/Inst_adau1761_izedboard/Inst_i2c/Inst_i3c2/pcnext_reg[4]/CE
  -------------------------------------------------------------------    -------------------

                         (clock zed_audio_clk_48M rise edge)
                                                     20.833    20.833 r  
    Y9                                                0.000    20.833 r  clk_100 (IN)
                         net (fo=0)                   0.000    20.833    i_audio/i_clocking/clk_100
    Y9                   IBUF (Prop_ibuf_I_O)         1.420    22.253 r  i_audio/i_clocking/clkin1_buf/O
                         net (fo=1, routed)           1.972    24.225    i_audio/i_clocking/o_CLK_100
    BUFGCTRL_X0Y0        BUFG (Prop_bufg_I_O)         0.091    24.316 r  i_audio/i_clocking/o_CLK_100_BUFG_inst/O
                         net (fo=1798, routed)        1.609    25.925    i_audio/i_clocking/o_CLK_100_BUFG
    MMCME2_ADV_X1Y0      MMCME2_ADV (Prop_mmcme2_adv_CLKIN1_CLKOUT0)
                                                      0.083    26.008 r  i_audio/i_clocking/mmcm_adv_inst/CLKOUT0
                         net (fo=1, routed)           1.725    27.734    i_audio/i_clocking/zed_audio_clk_48M
    BUFGCTRL_X0Y1        BUFG (Prop_bufg_I_O)         0.091    27.825 r  i_audio/i_clocking/clkout1_buf/O
                         net (fo=226, routed)         1.577    29.402    i_audio/Inst_adau1761_izedboard/Inst_i2c/Inst_i3c2/CLK_48
    SLICE_X9Y45          FDRE                                         r  i_audio/Inst_adau1761_izedboard/Inst_i2c/Inst_i3c2/pcnext_reg[4]/C
                         clock pessimism              0.803    30.205    
                         clock uncertainty           -0.138    30.067    
    SLICE_X9Y45          FDRE (Setup_fdre_C_CE)      -0.205    29.862    i_audio/Inst_adau1761_izedboard/Inst_i2c/Inst_i3c2/pcnext_reg[4]
  -------------------------------------------------------------------
                         required time                         29.862    
                         arrival time                         -16.105    
  -------------------------------------------------------------------
                         slack                                 13.757    

Slack (MET) :             13.982ns  (required time - arrival time)
  Source:                 i_audio/Inst_adau1761_izedboard/Inst_i2c/Inst_adau1761_configuraiton_data/data_reg/CLKARDCLK
                            (rising edge-triggered cell RAMB18E1 clocked by zed_audio_clk_48M  {rise@0.000ns fall@10.417ns period=20.833ns})
  Destination:            i_audio/Inst_adau1761_izedboard/Inst_i2c/Inst_i3c2/pcnext_reg[0]/CE
                            (rising edge-triggered cell FDRE clocked by zed_audio_clk_48M  {rise@0.000ns fall@10.417ns period=20.833ns})
  Path Group:             zed_audio_clk_48M
  Path Type:              Setup (Max at Slow Process Corner)
  Requirement:            20.833ns  (zed_audio_clk_48M rise@20.833ns - zed_audio_clk_48M rise@0.000ns)
  Data Path Delay:        6.476ns  (logic 3.056ns (47.190%)  route 3.420ns (52.810%))
  Logic Levels:           3  (LUT4=1 LUT6=2)
  Clock Path Skew:        -0.068ns (DCD - SCD + CPR)
    Destination Clock Delay (DCD):    8.569ns = ( 29.402 - 20.833 ) 
    Source Clock Delay      (SCD):    9.440ns
    Clock Pessimism Removal (CPR):    0.803ns
  Clock Uncertainty:      0.138ns  ((TSJ^2 + DJ^2)^1/2) / 2 + PE
    Total System Jitter     (TSJ):    0.071ns
    Discrete Jitter          (DJ):    0.267ns
    Phase Error              (PE):    0.000ns

    Location             Delay type                Incr(ns)  Path(ns)    Netlist Resource(s)
  -------------------------------------------------------------------    -------------------
                         (clock zed_audio_clk_48M rise edge)
                                                      0.000     0.000 r  
    Y9                                                0.000     0.000 r  clk_100 (IN)
                         net (fo=0)                   0.000     0.000    i_audio/i_clocking/clk_100
    Y9                   IBUF (Prop_ibuf_I_O)         1.490     1.490 r  i_audio/i_clocking/clkin1_buf/O
                         net (fo=1, routed)           2.171     3.661    i_audio/i_clocking/o_CLK_100
    BUFGCTRL_X0Y0        BUFG (Prop_bufg_I_O)         0.101     3.762 r  i_audio/i_clocking/o_CLK_100_BUFG_inst/O
                         net (fo=1798, routed)        1.803     5.565    i_audio/i_clocking/o_CLK_100_BUFG
    MMCME2_ADV_X1Y0      MMCME2_ADV (Prop_mmcme2_adv_CLKIN1_CLKOUT0)
                                                      0.088     5.653 r  i_audio/i_clocking/mmcm_adv_inst/CLKOUT0
                         net (fo=1, routed)           1.889     7.542    i_audio/i_clocking/zed_audio_clk_48M
    BUFGCTRL_X0Y1        BUFG (Prop_bufg_I_O)         0.101     7.643 r  i_audio/i_clocking/clkout1_buf/O
                         net (fo=226, routed)         1.796     9.440    i_audio/Inst_adau1761_izedboard/Inst_i2c/Inst_adau1761_configuraiton_data/CLK_48
    RAMB18_X0Y18         RAMB18E1                                     r  i_audio/Inst_adau1761_izedboard/Inst_i2c/Inst_adau1761_configuraiton_data/data_reg/CLKARDCLK
  -------------------------------------------------------------------    -------------------
    RAMB18_X0Y18         RAMB18E1 (Prop_ramb18e1_CLKARDCLK_DOADO[3])
                                                      2.454    11.894 r  i_audio/Inst_adau1761_izedboard/Inst_i2c/Inst_adau1761_configuraiton_data/data_reg/DOADO[3]
                         net (fo=29, routed)          1.371    13.265    i_audio/Inst_adau1761_izedboard/Inst_i2c/Inst_adau1761_configuraiton_data/DOADO[3]
    SLICE_X6Y46          LUT4 (Prop_lut4_I3_O)        0.150    13.415 r  i_audio/Inst_adau1761_izedboard/Inst_i2c/Inst_adau1761_configuraiton_data/pcnext[9]_i_9/O
                         net (fo=1, routed)           0.452    13.867    i_audio/Inst_adau1761_izedboard/Inst_i2c/Inst_adau1761_configuraiton_data/pcnext[9]_i_9_n_0
    SLICE_X6Y46          LUT6 (Prop_lut6_I1_O)        0.328    14.195 r  i_audio/Inst_adau1761_izedboard/Inst_i2c/Inst_adau1761_configuraiton_data/pcnext[9]_i_4/O
                         net (fo=1, routed)           0.730    14.925    i_audio/Inst_adau1761_izedboard/Inst_i2c/Inst_i3c2/pcnext_reg[0]_0
    SLICE_X5Y46          LUT6 (Prop_lut6_I5_O)        0.124    15.049 r  i_audio/Inst_adau1761_izedboard/Inst_i2c/Inst_i3c2/pcnext[9]_i_1/O
                         net (fo=11, routed)          0.866    15.916    i_audio/Inst_adau1761_izedboard/Inst_i2c/Inst_i3c2/pcnext[9]_i_1_n_0
    SLICE_X8Y45          FDRE                                         r  i_audio/Inst_adau1761_izedboard/Inst_i2c/Inst_i3c2/pcnext_reg[0]/CE
  -------------------------------------------------------------------    -------------------

                         (clock zed_audio_clk_48M rise edge)
                                                     20.833    20.833 r  
    Y9                                                0.000    20.833 r  clk_100 (IN)
                         net (fo=0)                   0.000    20.833    i_audio/i_clocking/clk_100
    Y9                   IBUF (Prop_ibuf_I_O)         1.420    22.253 r  i_audio/i_clocking/clkin1_buf/O
                         net (fo=1, routed)           1.972    24.225    i_audio/i_clocking/o_CLK_100
    BUFGCTRL_X0Y0        BUFG (Prop_bufg_I_O)         0.091    24.316 r  i_audio/i_clocking/o_CLK_100_BUFG_inst/O
                         net (fo=1798, routed)        1.609    25.925    i_audio/i_clocking/o_CLK_100_BUFG
    MMCME2_ADV_X1Y0      MMCME2_ADV (Prop_mmcme2_adv_CLKIN1_CLKOUT0)
                                                      0.083    26.008 r  i_audio/i_clocking/mmcm_adv_inst/CLKOUT0
                         net (fo=1, routed)           1.725    27.734    i_audio/i_clocking/zed_audio_clk_48M
    BUFGCTRL_X0Y1        BUFG (Prop_bufg_I_O)         0.091    27.825 r  i_audio/i_clocking/clkout1_buf/O
                         net (fo=226, routed)         1.577    29.402    i_audio/Inst_adau1761_izedboard/Inst_i2c/Inst_i3c2/CLK_48
    SLICE_X8Y45          FDRE                                         r  i_audio/Inst_adau1761_izedboard/Inst_i2c/Inst_i3c2/pcnext_reg[0]/C
                         clock pessimism              0.803    30.205    
                         clock uncertainty           -0.138    30.067    
    SLICE_X8Y45          FDRE (Setup_fdre_C_CE)      -0.169    29.898    i_audio/Inst_adau1761_izedboard/Inst_i2c/Inst_i3c2/pcnext_reg[0]
  -------------------------------------------------------------------
                         required time                         29.898    
                         arrival time                         -15.916    
  -------------------------------------------------------------------
                         slack                                 13.982    

Slack (MET) :             13.982ns  (required time - arrival time)
  Source:                 i_audio/Inst_adau1761_izedboard/Inst_i2c/Inst_adau1761_configuraiton_data/data_reg/CLKARDCLK
                            (rising edge-triggered cell RAMB18E1 clocked by zed_audio_clk_48M  {rise@0.000ns fall@10.417ns period=20.833ns})
  Destination:            i_audio/Inst_adau1761_izedboard/Inst_i2c/Inst_i3c2/pcnext_reg[5]/CE
                            (rising edge-triggered cell FDRE clocked by zed_audio_clk_48M  {rise@0.000ns fall@10.417ns period=20.833ns})
  Path Group:             zed_audio_clk_48M
  Path Type:              Setup (Max at Slow Process Corner)
  Requirement:            20.833ns  (zed_audio_clk_48M rise@20.833ns - zed_audio_clk_48M rise@0.000ns)
  Data Path Delay:        6.476ns  (logic 3.056ns (47.190%)  route 3.420ns (52.810%))
  Logic Levels:           3  (LUT4=1 LUT6=2)
  Clock Path Skew:        -0.068ns (DCD - SCD + CPR)
    Destination Clock Delay (DCD):    8.569ns = ( 29.402 - 20.833 ) 
    Source Clock Delay      (SCD):    9.440ns
    Clock Pessimism Removal (CPR):    0.803ns
  Clock Uncertainty:      0.138ns  ((TSJ^2 + DJ^2)^1/2) / 2 + PE
    Total System Jitter     (TSJ):    0.071ns
    Discrete Jitter          (DJ):    0.267ns
    Phase Error              (PE):    0.000ns

    Location             Delay type                Incr(ns)  Path(ns)    Netlist Resource(s)
  -------------------------------------------------------------------    -------------------
                         (clock zed_audio_clk_48M rise edge)
                                                      0.000     0.000 r  
    Y9                                                0.000     0.000 r  clk_100 (IN)
                         net (fo=0)                   0.000     0.000    i_audio/i_clocking/clk_100
    Y9                   IBUF (Prop_ibuf_I_O)         1.490     1.490 r  i_audio/i_clocking/clkin1_buf/O
                         net (fo=1, routed)           2.171     3.661    i_audio/i_clocking/o_CLK_100
    BUFGCTRL_X0Y0        BUFG (Prop_bufg_I_O)         0.101     3.762 r  i_audio/i_clocking/o_CLK_100_BUFG_inst/O
                         net (fo=1798, routed)        1.803     5.565    i_audio/i_clocking/o_CLK_100_BUFG
    MMCME2_ADV_X1Y0      MMCME2_ADV (Prop_mmcme2_adv_CLKIN1_CLKOUT0)
                                                      0.088     5.653 r  i_audio/i_clocking/mmcm_adv_inst/CLKOUT0
                         net (fo=1, routed)           1.889     7.542    i_audio/i_clocking/zed_audio_clk_48M
    BUFGCTRL_X0Y1        BUFG (Prop_bufg_I_O)         0.101     7.643 r  i_audio/i_clocking/clkout1_buf/O
                         net (fo=226, routed)         1.796     9.440    i_audio/Inst_adau1761_izedboard/Inst_i2c/Inst_adau1761_configuraiton_data/CLK_48
    RAMB18_X0Y18         RAMB18E1                                     r  i_audio/Inst_adau1761_izedboard/Inst_i2c/Inst_adau1761_configuraiton_data/data_reg/CLKARDCLK
  -------------------------------------------------------------------    -------------------
    RAMB18_X0Y18         RAMB18E1 (Prop_ramb18e1_CLKARDCLK_DOADO[3])
                                                      2.454    11.894 r  i_audio/Inst_adau1761_izedboard/Inst_i2c/Inst_adau1761_configuraiton_data/data_reg/DOADO[3]
                         net (fo=29, routed)          1.371    13.265    i_audio/Inst_adau1761_izedboard/Inst_i2c/Inst_adau1761_configuraiton_data/DOADO[3]
    SLICE_X6Y46          LUT4 (Prop_lut4_I3_O)        0.150    13.415 r  i_audio/Inst_adau1761_izedboard/Inst_i2c/Inst_adau1761_configuraiton_data/pcnext[9]_i_9/O
                         net (fo=1, routed)           0.452    13.867    i_audio/Inst_adau1761_izedboard/Inst_i2c/Inst_adau1761_configuraiton_data/pcnext[9]_i_9_n_0
    SLICE_X6Y46          LUT6 (Prop_lut6_I1_O)        0.328    14.195 r  i_audio/Inst_adau1761_izedboard/Inst_i2c/Inst_adau1761_configuraiton_data/pcnext[9]_i_4/O
                         net (fo=1, routed)           0.730    14.925    i_audio/Inst_adau1761_izedboard/Inst_i2c/Inst_i3c2/pcnext_reg[0]_0
    SLICE_X5Y46          LUT6 (Prop_lut6_I5_O)        0.124    15.049 r  i_audio/Inst_adau1761_izedboard/Inst_i2c/Inst_i3c2/pcnext[9]_i_1/O
                         net (fo=11, routed)          0.866    15.916    i_audio/Inst_adau1761_izedboard/Inst_i2c/Inst_i3c2/pcnext[9]_i_1_n_0
    SLICE_X8Y45          FDRE                                         r  i_audio/Inst_adau1761_izedboard/Inst_i2c/Inst_i3c2/pcnext_reg[5]/CE
  -------------------------------------------------------------------    -------------------

                         (clock zed_audio_clk_48M rise edge)
                                                     20.833    20.833 r  
    Y9                                                0.000    20.833 r  clk_100 (IN)
                         net (fo=0)                   0.000    20.833    i_audio/i_clocking/clk_100
    Y9                   IBUF (Prop_ibuf_I_O)         1.420    22.253 r  i_audio/i_clocking/clkin1_buf/O
                         net (fo=1, routed)           1.972    24.225    i_audio/i_clocking/o_CLK_100
    BUFGCTRL_X0Y0        BUFG (Prop_bufg_I_O)         0.091    24.316 r  i_audio/i_clocking/o_CLK_100_BUFG_inst/O
                         net (fo=1798, routed)        1.609    25.925    i_audio/i_clocking/o_CLK_100_BUFG
    MMCME2_ADV_X1Y0      MMCME2_ADV (Prop_mmcme2_adv_CLKIN1_CLKOUT0)
                                                      0.083    26.008 r  i_audio/i_clocking/mmcm_adv_inst/CLKOUT0
                         net (fo=1, routed)           1.725    27.734    i_audio/i_clocking/zed_audio_clk_48M
    BUFGCTRL_X0Y1        BUFG (Prop_bufg_I_O)         0.091    27.825 r  i_audio/i_clocking/clkout1_buf/O
                         net (fo=226, routed)         1.577    29.402    i_audio/Inst_adau1761_izedboard/Inst_i2c/Inst_i3c2/CLK_48
    SLICE_X8Y45          FDRE                                         r  i_audio/Inst_adau1761_izedboard/Inst_i2c/Inst_i3c2/pcnext_reg[5]/C
                         clock pessimism              0.803    30.205    
                         clock uncertainty           -0.138    30.067    
    SLICE_X8Y45          FDRE (Setup_fdre_C_CE)      -0.169    29.898    i_audio/Inst_adau1761_izedboard/Inst_i2c/Inst_i3c2/pcnext_reg[5]
  -------------------------------------------------------------------
                         required time                         29.898    
                         arrival time                         -15.916    
  -------------------------------------------------------------------
                         slack                                 13.982    

Slack (MET) :             13.982ns  (required time - arrival time)
  Source:                 i_audio/Inst_adau1761_izedboard/Inst_i2c/Inst_adau1761_configuraiton_data/data_reg/CLKARDCLK
                            (rising edge-triggered cell RAMB18E1 clocked by zed_audio_clk_48M  {rise@0.000ns fall@10.417ns period=20.833ns})
  Destination:            i_audio/Inst_adau1761_izedboard/Inst_i2c/Inst_i3c2/pcnext_reg[9]/CE
                            (rising edge-triggered cell FDRE clocked by zed_audio_clk_48M  {rise@0.000ns fall@10.417ns period=20.833ns})
  Path Group:             zed_audio_clk_48M
  Path Type:              Setup (Max at Slow Process Corner)
  Requirement:            20.833ns  (zed_audio_clk_48M rise@20.833ns - zed_audio_clk_48M rise@0.000ns)
  Data Path Delay:        6.476ns  (logic 3.056ns (47.190%)  route 3.420ns (52.810%))
  Logic Levels:           3  (LUT4=1 LUT6=2)
  Clock Path Skew:        -0.068ns (DCD - SCD + CPR)
    Destination Clock Delay (DCD):    8.569ns = ( 29.402 - 20.833 ) 
    Source Clock Delay      (SCD):    9.440ns
    Clock Pessimism Removal (CPR):    0.803ns
  Clock Uncertainty:      0.138ns  ((TSJ^2 + DJ^2)^1/2) / 2 + PE
    Total System Jitter     (TSJ):    0.071ns
    Discrete Jitter          (DJ):    0.267ns
    Phase Error              (PE):    0.000ns

    Location             Delay type                Incr(ns)  Path(ns)    Netlist Resource(s)
  -------------------------------------------------------------------    -------------------
                         (clock zed_audio_clk_48M rise edge)
                                                      0.000     0.000 r  
    Y9                                                0.000     0.000 r  clk_100 (IN)
                         net (fo=0)                   0.000     0.000    i_audio/i_clocking/clk_100
    Y9                   IBUF (Prop_ibuf_I_O)         1.490     1.490 r  i_audio/i_clocking/clkin1_buf/O
                         net (fo=1, routed)           2.171     3.661    i_audio/i_clocking/o_CLK_100
    BUFGCTRL_X0Y0        BUFG (Prop_bufg_I_O)         0.101     3.762 r  i_audio/i_clocking/o_CLK_100_BUFG_inst/O
                         net (fo=1798, routed)        1.803     5.565    i_audio/i_clocking/o_CLK_100_BUFG
    MMCME2_ADV_X1Y0      MMCME2_ADV (Prop_mmcme2_adv_CLKIN1_CLKOUT0)
                                                      0.088     5.653 r  i_audio/i_clocking/mmcm_adv_inst/CLKOUT0
                         net (fo=1, routed)           1.889     7.542    i_audio/i_clocking/zed_audio_clk_48M
    BUFGCTRL_X0Y1        BUFG (Prop_bufg_I_O)         0.101     7.643 r  i_audio/i_clocking/clkout1_buf/O
                         net (fo=226, routed)         1.796     9.440    i_audio/Inst_adau1761_izedboard/Inst_i2c/Inst_adau1761_configuraiton_data/CLK_48
    RAMB18_X0Y18         RAMB18E1                                     r  i_audio/Inst_adau1761_izedboard/Inst_i2c/Inst_adau1761_configuraiton_data/data_reg/CLKARDCLK
  -------------------------------------------------------------------    -------------------
    RAMB18_X0Y18         RAMB18E1 (Prop_ramb18e1_CLKARDCLK_DOADO[3])
                                                      2.454    11.894 r  i_audio/Inst_adau1761_izedboard/Inst_i2c/Inst_adau1761_configuraiton_data/data_reg/DOADO[3]
                         net (fo=29, routed)          1.371    13.265    i_audio/Inst_adau1761_izedboard/Inst_i2c/Inst_adau1761_configuraiton_data/DOADO[3]
    SLICE_X6Y46          LUT4 (Prop_lut4_I3_O)        0.150    13.415 r  i_audio/Inst_adau1761_izedboard/Inst_i2c/Inst_adau1761_configuraiton_data/pcnext[9]_i_9/O
                         net (fo=1, routed)           0.452    13.867    i_audio/Inst_adau1761_izedboard/Inst_i2c/Inst_adau1761_configuraiton_data/pcnext[9]_i_9_n_0
    SLICE_X6Y46          LUT6 (Prop_lut6_I1_O)        0.328    14.195 r  i_audio/Inst_adau1761_izedboard/Inst_i2c/Inst_adau1761_configuraiton_data/pcnext[9]_i_4/O
                         net (fo=1, routed)           0.730    14.925    i_audio/Inst_adau1761_izedboard/Inst_i2c/Inst_i3c2/pcnext_reg[0]_0
    SLICE_X5Y46          LUT6 (Prop_lut6_I5_O)        0.124    15.049 r  i_audio/Inst_adau1761_izedboard/Inst_i2c/Inst_i3c2/pcnext[9]_i_1/O
                         net (fo=11, routed)          0.866    15.916    i_audio/Inst_adau1761_izedboard/Inst_i2c/Inst_i3c2/pcnext[9]_i_1_n_0
    SLICE_X8Y45          FDRE                                         r  i_audio/Inst_adau1761_izedboard/Inst_i2c/Inst_i3c2/pcnext_reg[9]/CE
  -------------------------------------------------------------------    -------------------

                         (clock zed_audio_clk_48M rise edge)
                                                     20.833    20.833 r  
    Y9                                                0.000    20.833 r  clk_100 (IN)
                         net (fo=0)                   0.000    20.833    i_audio/i_clocking/clk_100
    Y9                   IBUF (Prop_ibuf_I_O)         1.420    22.253 r  i_audio/i_clocking/clkin1_buf/O
                         net (fo=1, routed)           1.972    24.225    i_audio/i_clocking/o_CLK_100
    BUFGCTRL_X0Y0        BUFG (Prop_bufg_I_O)         0.091    24.316 r  i_audio/i_clocking/o_CLK_100_BUFG_inst/O
                         net (fo=1798, routed)        1.609    25.925    i_audio/i_clocking/o_CLK_100_BUFG
    MMCME2_ADV_X1Y0      MMCME2_ADV (Prop_mmcme2_adv_CLKIN1_CLKOUT0)
                                                      0.083    26.008 r  i_audio/i_clocking/mmcm_adv_inst/CLKOUT0
                         net (fo=1, routed)           1.725    27.734    i_audio/i_clocking/zed_audio_clk_48M
    BUFGCTRL_X0Y1        BUFG (Prop_bufg_I_O)         0.091    27.825 r  i_audio/i_clocking/clkout1_buf/O
                         net (fo=226, routed)         1.577    29.402    i_audio/Inst_adau1761_izedboard/Inst_i2c/Inst_i3c2/CLK_48
    SLICE_X8Y45          FDRE                                         r  i_audio/Inst_adau1761_izedboard/Inst_i2c/Inst_i3c2/pcnext_reg[9]/C
                         clock pessimism              0.803    30.205    
                         clock uncertainty           -0.138    30.067    
    SLICE_X8Y45          FDRE (Setup_fdre_C_CE)      -0.169    29.898    i_audio/Inst_adau1761_izedboard/Inst_i2c/Inst_i3c2/pcnext_reg[9]
  -------------------------------------------------------------------
                         required time                         29.898    
                         arrival time                         -15.916    
  -------------------------------------------------------------------
                         slack                                 13.982    

Slack (MET) :             14.122ns  (required time - arrival time)
  Source:                 i_audio/Inst_adau1761_izedboard/Inst_i2c/Inst_adau1761_configuraiton_data/data_reg/CLKARDCLK
                            (rising edge-triggered cell RAMB18E1 clocked by zed_audio_clk_48M  {rise@0.000ns fall@10.417ns period=20.833ns})
  Destination:            i_audio/Inst_adau1761_izedboard/Inst_i2c/Inst_i3c2/pcnext_reg[6]/CE
                            (rising edge-triggered cell FDRE clocked by zed_audio_clk_48M  {rise@0.000ns fall@10.417ns period=20.833ns})
  Path Group:             zed_audio_clk_48M
  Path Type:              Setup (Max at Slow Process Corner)
  Requirement:            20.833ns  (zed_audio_clk_48M rise@20.833ns - zed_audio_clk_48M rise@0.000ns)
  Data Path Delay:        6.336ns  (logic 3.056ns (48.232%)  route 3.280ns (51.768%))
  Logic Levels:           3  (LUT4=1 LUT6=2)
  Clock Path Skew:        -0.068ns (DCD - SCD + CPR)
    Destination Clock Delay (DCD):    8.569ns = ( 29.402 - 20.833 ) 
    Source Clock Delay      (SCD):    9.440ns
    Clock Pessimism Removal (CPR):    0.803ns
  Clock Uncertainty:      0.138ns  ((TSJ^2 + DJ^2)^1/2) / 2 + PE
    Total System Jitter     (TSJ):    0.071ns
    Discrete Jitter          (DJ):    0.267ns
    Phase Error              (PE):    0.000ns

    Location             Delay type                Incr(ns)  Path(ns)    Netlist Resource(s)
  -------------------------------------------------------------------    -------------------
                         (clock zed_audio_clk_48M rise edge)
                                                      0.000     0.000 r  
    Y9                                                0.000     0.000 r  clk_100 (IN)
                         net (fo=0)                   0.000     0.000    i_audio/i_clocking/clk_100
    Y9                   IBUF (Prop_ibuf_I_O)         1.490     1.490 r  i_audio/i_clocking/clkin1_buf/O
                         net (fo=1, routed)           2.171     3.661    i_audio/i_clocking/o_CLK_100
    BUFGCTRL_X0Y0        BUFG (Prop_bufg_I_O)         0.101     3.762 r  i_audio/i_clocking/o_CLK_100_BUFG_inst/O
                         net (fo=1798, routed)        1.803     5.565    i_audio/i_clocking/o_CLK_100_BUFG
    MMCME2_ADV_X1Y0      MMCME2_ADV (Prop_mmcme2_adv_CLKIN1_CLKOUT0)
                                                      0.088     5.653 r  i_audio/i_clocking/mmcm_adv_inst/CLKOUT0
                         net (fo=1, routed)           1.889     7.542    i_audio/i_clocking/zed_audio_clk_48M
    BUFGCTRL_X0Y1        BUFG (Prop_bufg_I_O)         0.101     7.643 r  i_audio/i_clocking/clkout1_buf/O
                         net (fo=226, routed)         1.796     9.440    i_audio/Inst_adau1761_izedboard/Inst_i2c/Inst_adau1761_configuraiton_data/CLK_48
    RAMB18_X0Y18         RAMB18E1                                     r  i_audio/Inst_adau1761_izedboard/Inst_i2c/Inst_adau1761_configuraiton_data/data_reg/CLKARDCLK
  -------------------------------------------------------------------    -------------------
    RAMB18_X0Y18         RAMB18E1 (Prop_ramb18e1_CLKARDCLK_DOADO[3])
                                                      2.454    11.894 r  i_audio/Inst_adau1761_izedboard/Inst_i2c/Inst_adau1761_configuraiton_data/data_reg/DOADO[3]
                         net (fo=29, routed)          1.371    13.265    i_audio/Inst_adau1761_izedboard/Inst_i2c/Inst_adau1761_configuraiton_data/DOADO[3]
    SLICE_X6Y46          LUT4 (Prop_lut4_I3_O)        0.150    13.415 r  i_audio/Inst_adau1761_izedboard/Inst_i2c/Inst_adau1761_configuraiton_data/pcnext[9]_i_9/O
                         net (fo=1, routed)           0.452    13.867    i_audio/Inst_adau1761_izedboard/Inst_i2c/Inst_adau1761_configuraiton_data/pcnext[9]_i_9_n_0
    SLICE_X6Y46          LUT6 (Prop_lut6_I1_O)        0.328    14.195 r  i_audio/Inst_adau1761_izedboard/Inst_i2c/Inst_adau1761_configuraiton_data/pcnext[9]_i_4/O
                         net (fo=1, routed)           0.730    14.925    i_audio/Inst_adau1761_izedboard/Inst_i2c/Inst_i3c2/pcnext_reg[0]_0
    SLICE_X5Y46          LUT6 (Prop_lut6_I5_O)        0.124    15.049 r  i_audio/Inst_adau1761_izedboard/Inst_i2c/Inst_i3c2/pcnext[9]_i_1/O
                         net (fo=11, routed)          0.727    15.776    i_audio/Inst_adau1761_izedboard/Inst_i2c/Inst_i3c2/pcnext[9]_i_1_n_0
    SLICE_X8Y46          FDRE                                         r  i_audio/Inst_adau1761_izedboard/Inst_i2c/Inst_i3c2/pcnext_reg[6]/CE
  -------------------------------------------------------------------    -------------------

                         (clock zed_audio_clk_48M rise edge)
                                                     20.833    20.833 r  
    Y9                                                0.000    20.833 r  clk_100 (IN)
                         net (fo=0)                   0.000    20.833    i_audio/i_clocking/clk_100
    Y9                   IBUF (Prop_ibuf_I_O)         1.420    22.253 r  i_audio/i_clocking/clkin1_buf/O
                         net (fo=1, routed)           1.972    24.225    i_audio/i_clocking/o_CLK_100
    BUFGCTRL_X0Y0        BUFG (Prop_bufg_I_O)         0.091    24.316 r  i_audio/i_clocking/o_CLK_100_BUFG_inst/O
                         net (fo=1798, routed)        1.609    25.925    i_audio/i_clocking/o_CLK_100_BUFG
    MMCME2_ADV_X1Y0      MMCME2_ADV (Prop_mmcme2_adv_CLKIN1_CLKOUT0)
                                                      0.083    26.008 r  i_audio/i_clocking/mmcm_adv_inst/CLKOUT0
                         net (fo=1, routed)           1.725    27.734    i_audio/i_clocking/zed_audio_clk_48M
    BUFGCTRL_X0Y1        BUFG (Prop_bufg_I_O)         0.091    27.825 r  i_audio/i_clocking/clkout1_buf/O
                         net (fo=226, routed)         1.577    29.402    i_audio/Inst_adau1761_izedboard/Inst_i2c/Inst_i3c2/CLK_48
    SLICE_X8Y46          FDRE                                         r  i_audio/Inst_adau1761_izedboard/Inst_i2c/Inst_i3c2/pcnext_reg[6]/C
                         clock pessimism              0.803    30.205    
                         clock uncertainty           -0.138    30.067    
    SLICE_X8Y46          FDRE (Setup_fdre_C_CE)      -0.169    29.898    i_audio/Inst_adau1761_izedboard/Inst_i2c/Inst_i3c2/pcnext_reg[6]
  -------------------------------------------------------------------
                         required time                         29.898    
                         arrival time                         -15.776    
  -------------------------------------------------------------------
                         slack                                 14.122    

Slack (MET) :             14.122ns  (required time - arrival time)
  Source:                 i_audio/Inst_adau1761_izedboard/Inst_i2c/Inst_adau1761_configuraiton_data/data_reg/CLKARDCLK
                            (rising edge-triggered cell RAMB18E1 clocked by zed_audio_clk_48M  {rise@0.000ns fall@10.417ns period=20.833ns})
  Destination:            i_audio/Inst_adau1761_izedboard/Inst_i2c/Inst_i3c2/pcnext_reg[7]/CE
                            (rising edge-triggered cell FDRE clocked by zed_audio_clk_48M  {rise@0.000ns fall@10.417ns period=20.833ns})
  Path Group:             zed_audio_clk_48M
  Path Type:              Setup (Max at Slow Process Corner)
  Requirement:            20.833ns  (zed_audio_clk_48M rise@20.833ns - zed_audio_clk_48M rise@0.000ns)
  Data Path Delay:        6.336ns  (logic 3.056ns (48.232%)  route 3.280ns (51.768%))
  Logic Levels:           3  (LUT4=1 LUT6=2)
  Clock Path Skew:        -0.068ns (DCD - SCD + CPR)
    Destination Clock Delay (DCD):    8.569ns = ( 29.402 - 20.833 ) 
    Source Clock Delay      (SCD):    9.440ns
    Clock Pessimism Removal (CPR):    0.803ns
  Clock Uncertainty:      0.138ns  ((TSJ^2 + DJ^2)^1/2) / 2 + PE
    Total System Jitter     (TSJ):    0.071ns
    Discrete Jitter          (DJ):    0.267ns
    Phase Error              (PE):    0.000ns

    Location             Delay type                Incr(ns)  Path(ns)    Netlist Resource(s)
  -------------------------------------------------------------------    -------------------
                         (clock zed_audio_clk_48M rise edge)
                                                      0.000     0.000 r  
    Y9                                                0.000     0.000 r  clk_100 (IN)
                         net (fo=0)                   0.000     0.000    i_audio/i_clocking/clk_100
    Y9                   IBUF (Prop_ibuf_I_O)         1.490     1.490 r  i_audio/i_clocking/clkin1_buf/O
                         net (fo=1, routed)           2.171     3.661    i_audio/i_clocking/o_CLK_100
    BUFGCTRL_X0Y0        BUFG (Prop_bufg_I_O)         0.101     3.762 r  i_audio/i_clocking/o_CLK_100_BUFG_inst/O
                         net (fo=1798, routed)        1.803     5.565    i_audio/i_clocking/o_CLK_100_BUFG
    MMCME2_ADV_X1Y0      MMCME2_ADV (Prop_mmcme2_adv_CLKIN1_CLKOUT0)
                                                      0.088     5.653 r  i_audio/i_clocking/mmcm_adv_inst/CLKOUT0
                         net (fo=1, routed)           1.889     7.542    i_audio/i_clocking/zed_audio_clk_48M
    BUFGCTRL_X0Y1        BUFG (Prop_bufg_I_O)         0.101     7.643 r  i_audio/i_clocking/clkout1_buf/O
                         net (fo=226, routed)         1.796     9.440    i_audio/Inst_adau1761_izedboard/Inst_i2c/Inst_adau1761_configuraiton_data/CLK_48
    RAMB18_X0Y18         RAMB18E1                                     r  i_audio/Inst_adau1761_izedboard/Inst_i2c/Inst_adau1761_configuraiton_data/data_reg/CLKARDCLK
  -------------------------------------------------------------------    -------------------
    RAMB18_X0Y18         RAMB18E1 (Prop_ramb18e1_CLKARDCLK_DOADO[3])
                                                      2.454    11.894 r  i_audio/Inst_adau1761_izedboard/Inst_i2c/Inst_adau1761_configuraiton_data/data_reg/DOADO[3]
                         net (fo=29, routed)          1.371    13.265    i_audio/Inst_adau1761_izedboard/Inst_i2c/Inst_adau1761_configuraiton_data/DOADO[3]
    SLICE_X6Y46          LUT4 (Prop_lut4_I3_O)        0.150    13.415 r  i_audio/Inst_adau1761_izedboard/Inst_i2c/Inst_adau1761_configuraiton_data/pcnext[9]_i_9/O
                         net (fo=1, routed)           0.452    13.867    i_audio/Inst_adau1761_izedboard/Inst_i2c/Inst_adau1761_configuraiton_data/pcnext[9]_i_9_n_0
    SLICE_X6Y46          LUT6 (Prop_lut6_I1_O)        0.328    14.195 r  i_audio/Inst_adau1761_izedboard/Inst_i2c/Inst_adau1761_configuraiton_data/pcnext[9]_i_4/O
                         net (fo=1, routed)           0.730    14.925    i_audio/Inst_adau1761_izedboard/Inst_i2c/Inst_i3c2/pcnext_reg[0]_0
    SLICE_X5Y46          LUT6 (Prop_lut6_I5_O)        0.124    15.049 r  i_audio/Inst_adau1761_izedboard/Inst_i2c/Inst_i3c2/pcnext[9]_i_1/O
                         net (fo=11, routed)          0.727    15.776    i_audio/Inst_adau1761_izedboard/Inst_i2c/Inst_i3c2/pcnext[9]_i_1_n_0
    SLICE_X8Y46          FDRE                                         r  i_audio/Inst_adau1761_izedboard/Inst_i2c/Inst_i3c2/pcnext_reg[7]/CE
  -------------------------------------------------------------------    -------------------

                         (clock zed_audio_clk_48M rise edge)
                                                     20.833    20.833 r  
    Y9                                                0.000    20.833 r  clk_100 (IN)
                         net (fo=0)                   0.000    20.833    i_audio/i_clocking/clk_100
    Y9                   IBUF (Prop_ibuf_I_O)         1.420    22.253 r  i_audio/i_clocking/clkin1_buf/O
                         net (fo=1, routed)           1.972    24.225    i_audio/i_clocking/o_CLK_100
    BUFGCTRL_X0Y0        BUFG (Prop_bufg_I_O)         0.091    24.316 r  i_audio/i_clocking/o_CLK_100_BUFG_inst/O
                         net (fo=1798, routed)        1.609    25.925    i_audio/i_clocking/o_CLK_100_BUFG
    MMCME2_ADV_X1Y0      MMCME2_ADV (Prop_mmcme2_adv_CLKIN1_CLKOUT0)
                                                      0.083    26.008 r  i_audio/i_clocking/mmcm_adv_inst/CLKOUT0
                         net (fo=1, routed)           1.725    27.734    i_audio/i_clocking/zed_audio_clk_48M
    BUFGCTRL_X0Y1        BUFG (Prop_bufg_I_O)         0.091    27.825 r  i_audio/i_clocking/clkout1_buf/O
                         net (fo=226, routed)         1.577    29.402    i_audio/Inst_adau1761_izedboard/Inst_i2c/Inst_i3c2/CLK_48
    SLICE_X8Y46          FDRE                                         r  i_audio/Inst_adau1761_izedboard/Inst_i2c/Inst_i3c2/pcnext_reg[7]/C
                         clock pessimism              0.803    30.205    
                         clock uncertainty           -0.138    30.067    
    SLICE_X8Y46          FDRE (Setup_fdre_C_CE)      -0.169    29.898    i_audio/Inst_adau1761_izedboard/Inst_i2c/Inst_i3c2/pcnext_reg[7]
  -------------------------------------------------------------------
                         required time                         29.898    
                         arrival time                         -15.776    
  -------------------------------------------------------------------
                         slack                                 14.122    

Slack (MET) :             14.122ns  (required time - arrival time)
  Source:                 i_audio/Inst_adau1761_izedboard/Inst_i2c/Inst_adau1761_configuraiton_data/data_reg/CLKARDCLK
                            (rising edge-triggered cell RAMB18E1 clocked by zed_audio_clk_48M  {rise@0.000ns fall@10.417ns period=20.833ns})
  Destination:            i_audio/Inst_adau1761_izedboard/Inst_i2c/Inst_i3c2/pcnext_reg[8]/CE
                            (rising edge-triggered cell FDRE clocked by zed_audio_clk_48M  {rise@0.000ns fall@10.417ns period=20.833ns})
  Path Group:             zed_audio_clk_48M
  Path Type:              Setup (Max at Slow Process Corner)
  Requirement:            20.833ns  (zed_audio_clk_48M rise@20.833ns - zed_audio_clk_48M rise@0.000ns)
  Data Path Delay:        6.336ns  (logic 3.056ns (48.232%)  route 3.280ns (51.768%))
  Logic Levels:           3  (LUT4=1 LUT6=2)
  Clock Path Skew:        -0.068ns (DCD - SCD + CPR)
    Destination Clock Delay (DCD):    8.569ns = ( 29.402 - 20.833 ) 
    Source Clock Delay      (SCD):    9.440ns
    Clock Pessimism Removal (CPR):    0.803ns
  Clock Uncertainty:      0.138ns  ((TSJ^2 + DJ^2)^1/2) / 2 + PE
    Total System Jitter     (TSJ):    0.071ns
    Discrete Jitter          (DJ):    0.267ns
    Phase Error              (PE):    0.000ns

    Location             Delay type                Incr(ns)  Path(ns)    Netlist Resource(s)
  -------------------------------------------------------------------    -------------------
                         (clock zed_audio_clk_48M rise edge)
                                                      0.000     0.000 r  
    Y9                                                0.000     0.000 r  clk_100 (IN)
                         net (fo=0)                   0.000     0.000    i_audio/i_clocking/clk_100
    Y9                   IBUF (Prop_ibuf_I_O)         1.490     1.490 r  i_audio/i_clocking/clkin1_buf/O
                         net (fo=1, routed)           2.171     3.661    i_audio/i_clocking/o_CLK_100
    BUFGCTRL_X0Y0        BUFG (Prop_bufg_I_O)         0.101     3.762 r  i_audio/i_clocking/o_CLK_100_BUFG_inst/O
                         net (fo=1798, routed)        1.803     5.565    i_audio/i_clocking/o_CLK_100_BUFG
    MMCME2_ADV_X1Y0      MMCME2_ADV (Prop_mmcme2_adv_CLKIN1_CLKOUT0)
                                                      0.088     5.653 r  i_audio/i_clocking/mmcm_adv_inst/CLKOUT0
                         net (fo=1, routed)           1.889     7.542    i_audio/i_clocking/zed_audio_clk_48M
    BUFGCTRL_X0Y1        BUFG (Prop_bufg_I_O)         0.101     7.643 r  i_audio/i_clocking/clkout1_buf/O
                         net (fo=226, routed)         1.796     9.440    i_audio/Inst_adau1761_izedboard/Inst_i2c/Inst_adau1761_configuraiton_data/CLK_48
    RAMB18_X0Y18         RAMB18E1                                     r  i_audio/Inst_adau1761_izedboard/Inst_i2c/Inst_adau1761_configuraiton_data/data_reg/CLKARDCLK
  -------------------------------------------------------------------    -------------------
    RAMB18_X0Y18         RAMB18E1 (Prop_ramb18e1_CLKARDCLK_DOADO[3])
                                                      2.454    11.894 r  i_audio/Inst_adau1761_izedboard/Inst_i2c/Inst_adau1761_configuraiton_data/data_reg/DOADO[3]
                         net (fo=29, routed)          1.371    13.265    i_audio/Inst_adau1761_izedboard/Inst_i2c/Inst_adau1761_configuraiton_data/DOADO[3]
    SLICE_X6Y46          LUT4 (Prop_lut4_I3_O)        0.150    13.415 r  i_audio/Inst_adau1761_izedboard/Inst_i2c/Inst_adau1761_configuraiton_data/pcnext[9]_i_9/O
                         net (fo=1, routed)           0.452    13.867    i_audio/Inst_adau1761_izedboard/Inst_i2c/Inst_adau1761_configuraiton_data/pcnext[9]_i_9_n_0
    SLICE_X6Y46          LUT6 (Prop_lut6_I1_O)        0.328    14.195 r  i_audio/Inst_adau1761_izedboard/Inst_i2c/Inst_adau1761_configuraiton_data/pcnext[9]_i_4/O
                         net (fo=1, routed)           0.730    14.925    i_audio/Inst_adau1761_izedboard/Inst_i2c/Inst_i3c2/pcnext_reg[0]_0
    SLICE_X5Y46          LUT6 (Prop_lut6_I5_O)        0.124    15.049 r  i_audio/Inst_adau1761_izedboard/Inst_i2c/Inst_i3c2/pcnext[9]_i_1/O
                         net (fo=11, routed)          0.727    15.776    i_audio/Inst_adau1761_izedboard/Inst_i2c/Inst_i3c2/pcnext[9]_i_1_n_0
    SLICE_X8Y46          FDRE                                         r  i_audio/Inst_adau1761_izedboard/Inst_i2c/Inst_i3c2/pcnext_reg[8]/CE
  -------------------------------------------------------------------    -------------------

                         (clock zed_audio_clk_48M rise edge)
                                                     20.833    20.833 r  
    Y9                                                0.000    20.833 r  clk_100 (IN)
                         net (fo=0)                   0.000    20.833    i_audio/i_clocking/clk_100
    Y9                   IBUF (Prop_ibuf_I_O)         1.420    22.253 r  i_audio/i_clocking/clkin1_buf/O
                         net (fo=1, routed)           1.972    24.225    i_audio/i_clocking/o_CLK_100
    BUFGCTRL_X0Y0        BUFG (Prop_bufg_I_O)         0.091    24.316 r  i_audio/i_clocking/o_CLK_100_BUFG_inst/O
                         net (fo=1798, routed)        1.609    25.925    i_audio/i_clocking/o_CLK_100_BUFG
    MMCME2_ADV_X1Y0      MMCME2_ADV (Prop_mmcme2_adv_CLKIN1_CLKOUT0)
                                                      0.083    26.008 r  i_audio/i_clocking/mmcm_adv_inst/CLKOUT0
                         net (fo=1, routed)           1.725    27.734    i_audio/i_clocking/zed_audio_clk_48M
    BUFGCTRL_X0Y1        BUFG (Prop_bufg_I_O)         0.091    27.825 r  i_audio/i_clocking/clkout1_buf/O
                         net (fo=226, routed)         1.577    29.402    i_audio/Inst_adau1761_izedboard/Inst_i2c/Inst_i3c2/CLK_48
    SLICE_X8Y46          FDRE                                         r  i_audio/Inst_adau1761_izedboard/Inst_i2c/Inst_i3c2/pcnext_reg[8]/C
                         clock pessimism              0.803    30.205    
                         clock uncertainty           -0.138    30.067    
    SLICE_X8Y46          FDRE (Setup_fdre_C_CE)      -0.169    29.898    i_audio/Inst_adau1761_izedboard/Inst_i2c/Inst_i3c2/pcnext_reg[8]
  -------------------------------------------------------------------
                         required time                         29.898    
                         arrival time                         -15.776    
  -------------------------------------------------------------------
                         slack                                 14.122    





Min Delay Paths
--------------------------------------------------------------------------------------
Slack (MET) :             0.025ns  (arrival time - required time)
  Source:                 i_audio/Inst_adau1761_izedboard/Inst_i2s_data_interface/sr_out_reg[33]/C
                            (rising edge-triggered cell FDRE clocked by zed_audio_clk_48M  {rise@0.000ns fall@10.417ns period=20.833ns})
  Destination:            i_audio/Inst_adau1761_izedboard/Inst_i2s_data_interface/sr_out_reg[34]/D
                            (rising edge-triggered cell FDRE clocked by zed_audio_clk_48M  {rise@0.000ns fall@10.417ns period=20.833ns})
  Path Group:             zed_audio_clk_48M
  Path Type:              Hold (Min at Fast Process Corner)
  Requirement:            0.000ns  (zed_audio_clk_48M rise@0.000ns - zed_audio_clk_48M rise@0.000ns)
  Data Path Delay:        0.352ns  (logic 0.141ns (40.000%)  route 0.211ns (60.000%))
  Logic Levels:           0  
  Clock Path Skew:        0.257ns (DCD - SCD - CPR)
    Destination Clock Delay (DCD):    3.530ns
    Source Clock Delay      (SCD):    2.700ns
    Clock Pessimism Removal (CPR):    0.572ns

    Location             Delay type                Incr(ns)  Path(ns)    Netlist Resource(s)
  -------------------------------------------------------------------    -------------------
                         (clock zed_audio_clk_48M rise edge)
                                                      0.000     0.000 r  
    Y9                                                0.000     0.000 r  clk_100 (IN)
                         net (fo=0)                   0.000     0.000    i_audio/i_clocking/clk_100
    Y9                   IBUF (Prop_ibuf_I_O)         0.258     0.258 r  i_audio/i_clocking/clkin1_buf/O
                         net (fo=1, routed)           0.663     0.921    i_audio/i_clocking/o_CLK_100
    BUFGCTRL_X0Y0        BUFG (Prop_bufg_I_O)         0.026     0.947 r  i_audio/i_clocking/o_CLK_100_BUFG_inst/O
                         net (fo=1798, routed)        0.595     1.542    i_audio/i_clocking/o_CLK_100_BUFG
    MMCME2_ADV_X1Y0      MMCME2_ADV (Prop_mmcme2_adv_CLKIN1_CLKOUT0)
                                                      0.050     1.592 r  i_audio/i_clocking/mmcm_adv_inst/CLKOUT0
                         net (fo=1, routed)           0.529     2.121    i_audio/i_clocking/zed_audio_clk_48M
    BUFGCTRL_X0Y1        BUFG (Prop_bufg_I_O)         0.026     2.147 r  i_audio/i_clocking/clkout1_buf/O
                         net (fo=226, routed)         0.554     2.700    i_audio/Inst_adau1761_izedboard/Inst_i2s_data_interface/CLK_48
    SLICE_X48Y16         FDRE                                         r  i_audio/Inst_adau1761_izedboard/Inst_i2s_data_interface/sr_out_reg[33]/C
  -------------------------------------------------------------------    -------------------
    SLICE_X48Y16         FDRE (Prop_fdre_C_Q)         0.141     2.841 r  i_audio/Inst_adau1761_izedboard/Inst_i2s_data_interface/sr_out_reg[33]/Q
                         net (fo=1, routed)           0.211     3.053    i_audio/Inst_adau1761_izedboard/Inst_i2s_data_interface/sr_out[33]
    SLICE_X52Y16         FDRE                                         r  i_audio/Inst_adau1761_izedboard/Inst_i2s_data_interface/sr_out_reg[34]/D
  -------------------------------------------------------------------    -------------------

                         (clock zed_audio_clk_48M rise edge)
                                                      0.000     0.000 r  
    Y9                                                0.000     0.000 r  clk_100 (IN)
                         net (fo=0)                   0.000     0.000    i_audio/i_clocking/clk_100
    Y9                   IBUF (Prop_ibuf_I_O)         0.446     0.446 r  i_audio/i_clocking/clkin1_buf/O
                         net (fo=1, routed)           0.719     1.165    i_audio/i_clocking/o_CLK_100
    BUFGCTRL_X0Y0        BUFG (Prop_bufg_I_O)         0.029     1.194 r  i_audio/i_clocking/o_CLK_100_BUFG_inst/O
                         net (fo=1798, routed)        0.862     2.056    i_audio/i_clocking/o_CLK_100_BUFG
    MMCME2_ADV_X1Y0      MMCME2_ADV (Prop_mmcme2_adv_CLKIN1_CLKOUT0)
                                                      0.053     2.109 r  i_audio/i_clocking/mmcm_adv_inst/CLKOUT0
                         net (fo=1, routed)           0.576     2.685    i_audio/i_clocking/zed_audio_clk_48M
    BUFGCTRL_X0Y1        BUFG (Prop_bufg_I_O)         0.029     2.714 r  i_audio/i_clocking/clkout1_buf/O
                         net (fo=226, routed)         0.816     3.530    i_audio/Inst_adau1761_izedboard/Inst_i2s_data_interface/CLK_48
    SLICE_X52Y16         FDRE                                         r  i_audio/Inst_adau1761_izedboard/Inst_i2s_data_interface/sr_out_reg[34]/C
                         clock pessimism             -0.572     2.958    
    SLICE_X52Y16         FDRE (Hold_fdre_C_D)         0.070     3.028    i_audio/Inst_adau1761_izedboard/Inst_i2s_data_interface/sr_out_reg[34]
  -------------------------------------------------------------------
                         required time                         -3.028    
                         arrival time                           3.053    
  -------------------------------------------------------------------
                         slack                                  0.025    

Slack (MET) :             0.118ns  (arrival time - required time)
  Source:                 i_audio/Inst_adau1761_izedboard/Inst_i2s_data_interface/sr_in_reg[83]/C
                            (rising edge-triggered cell FDRE clocked by zed_audio_clk_48M  {rise@0.000ns fall@10.417ns period=20.833ns})
  Destination:            i_audio/Inst_adau1761_izedboard/Inst_i2s_data_interface/audio_r_out_reg[12]/D
                            (rising edge-triggered cell FDRE clocked by zed_audio_clk_48M  {rise@0.000ns fall@10.417ns period=20.833ns})
  Path Group:             zed_audio_clk_48M
  Path Type:              Hold (Min at Fast Process Corner)
  Requirement:            0.000ns  (zed_audio_clk_48M rise@0.000ns - zed_audio_clk_48M rise@0.000ns)
  Data Path Delay:        0.207ns  (logic 0.141ns (68.017%)  route 0.066ns (31.983%))
  Logic Levels:           0  
  Clock Path Skew:        0.013ns (DCD - SCD - CPR)
    Destination Clock Delay (DCD):    3.533ns
    Source Clock Delay      (SCD):    2.701ns
    Clock Pessimism Removal (CPR):    0.819ns

    Location             Delay type                Incr(ns)  Path(ns)    Netlist Resource(s)
  -------------------------------------------------------------------    -------------------
                         (clock zed_audio_clk_48M rise edge)
                                                      0.000     0.000 r  
    Y9                                                0.000     0.000 r  clk_100 (IN)
                         net (fo=0)                   0.000     0.000    i_audio/i_clocking/clk_100
    Y9                   IBUF (Prop_ibuf_I_O)         0.258     0.258 r  i_audio/i_clocking/clkin1_buf/O
                         net (fo=1, routed)           0.663     0.921    i_audio/i_clocking/o_CLK_100
    BUFGCTRL_X0Y0        BUFG (Prop_bufg_I_O)         0.026     0.947 r  i_audio/i_clocking/o_CLK_100_BUFG_inst/O
                         net (fo=1798, routed)        0.595     1.542    i_audio/i_clocking/o_CLK_100_BUFG
    MMCME2_ADV_X1Y0      MMCME2_ADV (Prop_mmcme2_adv_CLKIN1_CLKOUT0)
                                                      0.050     1.592 r  i_audio/i_clocking/mmcm_adv_inst/CLKOUT0
                         net (fo=1, routed)           0.529     2.121    i_audio/i_clocking/zed_audio_clk_48M
    BUFGCTRL_X0Y1        BUFG (Prop_bufg_I_O)         0.026     2.147 r  i_audio/i_clocking/clkout1_buf/O
                         net (fo=226, routed)         0.555     2.701    i_audio/Inst_adau1761_izedboard/Inst_i2s_data_interface/CLK_48
    SLICE_X35Y18         FDRE                                         r  i_audio/Inst_adau1761_izedboard/Inst_i2s_data_interface/sr_in_reg[83]/C
  -------------------------------------------------------------------    -------------------
    SLICE_X35Y18         FDRE (Prop_fdre_C_Q)         0.141     2.842 r  i_audio/Inst_adau1761_izedboard/Inst_i2s_data_interface/sr_in_reg[83]/Q
                         net (fo=2, routed)           0.066     2.909    i_audio/Inst_adau1761_izedboard/Inst_i2s_data_interface/sr_in[83]
    SLICE_X34Y18         FDRE                                         r  i_audio/Inst_adau1761_izedboard/Inst_i2s_data_interface/audio_r_out_reg[12]/D
  -------------------------------------------------------------------    -------------------

                         (clock zed_audio_clk_48M rise edge)
                                                      0.000     0.000 r  
    Y9                                                0.000     0.000 r  clk_100 (IN)
                         net (fo=0)                   0.000     0.000    i_audio/i_clocking/clk_100
    Y9                   IBUF (Prop_ibuf_I_O)         0.446     0.446 r  i_audio/i_clocking/clkin1_buf/O
                         net (fo=1, routed)           0.719     1.165    i_audio/i_clocking/o_CLK_100
    BUFGCTRL_X0Y0        BUFG (Prop_bufg_I_O)         0.029     1.194 r  i_audio/i_clocking/o_CLK_100_BUFG_inst/O
                         net (fo=1798, routed)        0.862     2.056    i_audio/i_clocking/o_CLK_100_BUFG
    MMCME2_ADV_X1Y0      MMCME2_ADV (Prop_mmcme2_adv_CLKIN1_CLKOUT0)
                                                      0.053     2.109 r  i_audio/i_clocking/mmcm_adv_inst/CLKOUT0
                         net (fo=1, routed)           0.576     2.685    i_audio/i_clocking/zed_audio_clk_48M
    BUFGCTRL_X0Y1        BUFG (Prop_bufg_I_O)         0.029     2.714 r  i_audio/i_clocking/clkout1_buf/O
                         net (fo=226, routed)         0.819     3.533    i_audio/Inst_adau1761_izedboard/Inst_i2s_data_interface/CLK_48
    SLICE_X34Y18         FDRE                                         r  i_audio/Inst_adau1761_izedboard/Inst_i2s_data_interface/audio_r_out_reg[12]/C
                         clock pessimism             -0.819     2.714    
    SLICE_X34Y18         FDRE (Hold_fdre_C_D)         0.076     2.790    i_audio/Inst_adau1761_izedboard/Inst_i2s_data_interface/audio_r_out_reg[12]
  -------------------------------------------------------------------
                         required time                         -2.790    
                         arrival time                           2.909    
  -------------------------------------------------------------------
                         slack                                  0.118    

Slack (MET) :             0.121ns  (arrival time - required time)
  Source:                 i_audio/Inst_adau1761_izedboard/Inst_i2s_data_interface/sr_in_reg[123]/C
                            (rising edge-triggered cell FDRE clocked by zed_audio_clk_48M  {rise@0.000ns fall@10.417ns period=20.833ns})
  Destination:            i_audio/Inst_adau1761_izedboard/Inst_i2s_data_interface/audio_l_out_reg[20]/D
                            (rising edge-triggered cell FDRE clocked by zed_audio_clk_48M  {rise@0.000ns fall@10.417ns period=20.833ns})
  Path Group:             zed_audio_clk_48M
  Path Type:              Hold (Min at Fast Process Corner)
  Requirement:            0.000ns  (zed_audio_clk_48M rise@0.000ns - zed_audio_clk_48M rise@0.000ns)
  Data Path Delay:        0.209ns  (logic 0.141ns (67.367%)  route 0.068ns (32.633%))
  Logic Levels:           0  
  Clock Path Skew:        0.013ns (DCD - SCD - CPR)
    Destination Clock Delay (DCD):    3.559ns
    Source Clock Delay      (SCD):    2.724ns
    Clock Pessimism Removal (CPR):    0.822ns

    Location             Delay type                Incr(ns)  Path(ns)    Netlist Resource(s)
  -------------------------------------------------------------------    -------------------
                         (clock zed_audio_clk_48M rise edge)
                                                      0.000     0.000 r  
    Y9                                                0.000     0.000 r  clk_100 (IN)
                         net (fo=0)                   0.000     0.000    i_audio/i_clocking/clk_100
    Y9                   IBUF (Prop_ibuf_I_O)         0.258     0.258 r  i_audio/i_clocking/clkin1_buf/O
                         net (fo=1, routed)           0.663     0.921    i_audio/i_clocking/o_CLK_100
    BUFGCTRL_X0Y0        BUFG (Prop_bufg_I_O)         0.026     0.947 r  i_audio/i_clocking/o_CLK_100_BUFG_inst/O
                         net (fo=1798, routed)        0.595     1.542    i_audio/i_clocking/o_CLK_100_BUFG
    MMCME2_ADV_X1Y0      MMCME2_ADV (Prop_mmcme2_adv_CLKIN1_CLKOUT0)
                                                      0.050     1.592 r  i_audio/i_clocking/mmcm_adv_inst/CLKOUT0
                         net (fo=1, routed)           0.529     2.121    i_audio/i_clocking/zed_audio_clk_48M
    BUFGCTRL_X0Y1        BUFG (Prop_bufg_I_O)         0.026     2.147 r  i_audio/i_clocking/clkout1_buf/O
                         net (fo=226, routed)         0.578     2.724    i_audio/Inst_adau1761_izedboard/Inst_i2s_data_interface/CLK_48
    SLICE_X83Y20         FDRE                                         r  i_audio/Inst_adau1761_izedboard/Inst_i2s_data_interface/sr_in_reg[123]/C
  -------------------------------------------------------------------    -------------------
    SLICE_X83Y20         FDRE (Prop_fdre_C_Q)         0.141     2.865 r  i_audio/Inst_adau1761_izedboard/Inst_i2s_data_interface/sr_in_reg[123]/Q
                         net (fo=2, routed)           0.068     2.934    i_audio/Inst_adau1761_izedboard/Inst_i2s_data_interface/sr_in[123]
    SLICE_X82Y20         FDRE                                         r  i_audio/Inst_adau1761_izedboard/Inst_i2s_data_interface/audio_l_out_reg[20]/D
  -------------------------------------------------------------------    -------------------

                         (clock zed_audio_clk_48M rise edge)
                                                      0.000     0.000 r  
    Y9                                                0.000     0.000 r  clk_100 (IN)
                         net (fo=0)                   0.000     0.000    i_audio/i_clocking/clk_100
    Y9                   IBUF (Prop_ibuf_I_O)         0.446     0.446 r  i_audio/i_clocking/clkin1_buf/O
                         net (fo=1, routed)           0.719     1.165    i_audio/i_clocking/o_CLK_100
    BUFGCTRL_X0Y0        BUFG (Prop_bufg_I_O)         0.029     1.194 r  i_audio/i_clocking/o_CLK_100_BUFG_inst/O
                         net (fo=1798, routed)        0.862     2.056    i_audio/i_clocking/o_CLK_100_BUFG
    MMCME2_ADV_X1Y0      MMCME2_ADV (Prop_mmcme2_adv_CLKIN1_CLKOUT0)
                                                      0.053     2.109 r  i_audio/i_clocking/mmcm_adv_inst/CLKOUT0
                         net (fo=1, routed)           0.576     2.685    i_audio/i_clocking/zed_audio_clk_48M
    BUFGCTRL_X0Y1        BUFG (Prop_bufg_I_O)         0.029     2.714 r  i_audio/i_clocking/clkout1_buf/O
                         net (fo=226, routed)         0.845     3.559    i_audio/Inst_adau1761_izedboard/Inst_i2s_data_interface/CLK_48
    SLICE_X82Y20         FDRE                                         r  i_audio/Inst_adau1761_izedboard/Inst_i2s_data_interface/audio_l_out_reg[20]/C
                         clock pessimism             -0.822     2.737    
    SLICE_X82Y20         FDRE (Hold_fdre_C_D)         0.075     2.812    i_audio/Inst_adau1761_izedboard/Inst_i2s_data_interface/audio_l_out_reg[20]
  -------------------------------------------------------------------
                         required time                         -2.812    
                         arrival time                           2.934    
  -------------------------------------------------------------------
                         slack                                  0.121    

Slack (MET) :             0.135ns  (arrival time - required time)
  Source:                 i_audio/Inst_adau1761_izedboard/Inst_i2c/Inst_i3c2/pcnext_reg[3]/C
                            (rising edge-triggered cell FDRE clocked by zed_audio_clk_48M  {rise@0.000ns fall@10.417ns period=20.833ns})
  Destination:            i_audio/Inst_adau1761_izedboard/Inst_i2c/Inst_adau1761_configuraiton_data/data_reg/ADDRARDADDR[7]
                            (rising edge-triggered cell RAMB18E1 clocked by zed_audio_clk_48M  {rise@0.000ns fall@10.417ns period=20.833ns})
  Path Group:             zed_audio_clk_48M
  Path Type:              Hold (Min at Fast Process Corner)
  Requirement:            0.000ns  (zed_audio_clk_48M rise@0.000ns - zed_audio_clk_48M rise@0.000ns)
  Data Path Delay:        0.377ns  (logic 0.141ns (37.358%)  route 0.236ns (62.642%))
  Logic Levels:           0  
  Clock Path Skew:        0.059ns (DCD - SCD - CPR)
    Destination Clock Delay (DCD):    3.621ns
    Source Clock Delay      (SCD):    2.740ns
    Clock Pessimism Removal (CPR):    0.821ns

    Location             Delay type                Incr(ns)  Path(ns)    Netlist Resource(s)
  -------------------------------------------------------------------    -------------------
                         (clock zed_audio_clk_48M rise edge)
                                                      0.000     0.000 r  
    Y9                                                0.000     0.000 r  clk_100 (IN)
                         net (fo=0)                   0.000     0.000    i_audio/i_clocking/clk_100
    Y9                   IBUF (Prop_ibuf_I_O)         0.258     0.258 r  i_audio/i_clocking/clkin1_buf/O
                         net (fo=1, routed)           0.663     0.921    i_audio/i_clocking/o_CLK_100
    BUFGCTRL_X0Y0        BUFG (Prop_bufg_I_O)         0.026     0.947 r  i_audio/i_clocking/o_CLK_100_BUFG_inst/O
                         net (fo=1798, routed)        0.595     1.542    i_audio/i_clocking/o_CLK_100_BUFG
    MMCME2_ADV_X1Y0      MMCME2_ADV (Prop_mmcme2_adv_CLKIN1_CLKOUT0)
                                                      0.050     1.592 r  i_audio/i_clocking/mmcm_adv_inst/CLKOUT0
                         net (fo=1, routed)           0.529     2.121    i_audio/i_clocking/zed_audio_clk_48M
    BUFGCTRL_X0Y1        BUFG (Prop_bufg_I_O)         0.026     2.147 r  i_audio/i_clocking/clkout1_buf/O
                         net (fo=226, routed)         0.594     2.740    i_audio/Inst_adau1761_izedboard/Inst_i2c/Inst_i3c2/CLK_48
    SLICE_X9Y45          FDRE                                         r  i_audio/Inst_adau1761_izedboard/Inst_i2c/Inst_i3c2/pcnext_reg[3]/C
  -------------------------------------------------------------------    -------------------
    SLICE_X9Y45          FDRE (Prop_fdre_C_Q)         0.141     2.881 r  i_audio/Inst_adau1761_izedboard/Inst_i2c/Inst_i3c2/pcnext_reg[3]/Q
                         net (fo=5, routed)           0.236     3.118    i_audio/Inst_adau1761_izedboard/Inst_i2c/Inst_adau1761_configuraiton_data/Q[3]
    RAMB18_X0Y18         RAMB18E1                                     r  i_audio/Inst_adau1761_izedboard/Inst_i2c/Inst_adau1761_configuraiton_data/data_reg/ADDRARDADDR[7]
  -------------------------------------------------------------------    -------------------

                         (clock zed_audio_clk_48M rise edge)
                                                      0.000     0.000 r  
    Y9                                                0.000     0.000 r  clk_100 (IN)
                         net (fo=0)                   0.000     0.000    i_audio/i_clocking/clk_100
    Y9                   IBUF (Prop_ibuf_I_O)         0.446     0.446 r  i_audio/i_clocking/clkin1_buf/O
                         net (fo=1, routed)           0.719     1.165    i_audio/i_clocking/o_CLK_100
    BUFGCTRL_X0Y0        BUFG (Prop_bufg_I_O)         0.029     1.194 r  i_audio/i_clocking/o_CLK_100_BUFG_inst/O
                         net (fo=1798, routed)        0.862     2.056    i_audio/i_clocking/o_CLK_100_BUFG
    MMCME2_ADV_X1Y0      MMCME2_ADV (Prop_mmcme2_adv_CLKIN1_CLKOUT0)
                                                      0.053     2.109 r  i_audio/i_clocking/mmcm_adv_inst/CLKOUT0
                         net (fo=1, routed)           0.576     2.685    i_audio/i_clocking/zed_audio_clk_48M
    BUFGCTRL_X0Y1        BUFG (Prop_bufg_I_O)         0.029     2.714 r  i_audio/i_clocking/clkout1_buf/O
                         net (fo=226, routed)         0.906     3.621    i_audio/Inst_adau1761_izedboard/Inst_i2c/Inst_adau1761_configuraiton_data/CLK_48
    RAMB18_X0Y18         RAMB18E1                                     r  i_audio/Inst_adau1761_izedboard/Inst_i2c/Inst_adau1761_configuraiton_data/data_reg/CLKARDCLK
                         clock pessimism             -0.821     2.800    
    RAMB18_X0Y18         RAMB18E1 (Hold_ramb18e1_CLKARDCLK_ADDRARDADDR[7])
                                                      0.183     2.983    i_audio/Inst_adau1761_izedboard/Inst_i2c/Inst_adau1761_configuraiton_data/data_reg
  -------------------------------------------------------------------
                         required time                         -2.983    
                         arrival time                           3.118    
  -------------------------------------------------------------------
                         slack                                  0.135    

Slack (MET) :             0.143ns  (arrival time - required time)
  Source:                 i_audio/Inst_adau1761_izedboard/Inst_i2c/Inst_i3c2/pcnext_reg[5]/C
                            (rising edge-triggered cell FDRE clocked by zed_audio_clk_48M  {rise@0.000ns fall@10.417ns period=20.833ns})
  Destination:            i_audio/Inst_adau1761_izedboard/Inst_i2c/Inst_adau1761_configuraiton_data/data_reg/ADDRARDADDR[9]
                            (rising edge-triggered cell RAMB18E1 clocked by zed_audio_clk_48M  {rise@0.000ns fall@10.417ns period=20.833ns})
  Path Group:             zed_audio_clk_48M
  Path Type:              Hold (Min at Fast Process Corner)
  Requirement:            0.000ns  (zed_audio_clk_48M rise@0.000ns - zed_audio_clk_48M rise@0.000ns)
  Data Path Delay:        0.385ns  (logic 0.164ns (42.571%)  route 0.221ns (57.429%))
  Logic Levels:           0  
  Clock Path Skew:        0.059ns (DCD - SCD - CPR)
    Destination Clock Delay (DCD):    3.621ns
    Source Clock Delay      (SCD):    2.740ns
    Clock Pessimism Removal (CPR):    0.821ns

    Location             Delay type                Incr(ns)  Path(ns)    Netlist Resource(s)
  -------------------------------------------------------------------    -------------------
                         (clock zed_audio_clk_48M rise edge)
                                                      0.000     0.000 r  
    Y9                                                0.000     0.000 r  clk_100 (IN)
                         net (fo=0)                   0.000     0.000    i_audio/i_clocking/clk_100
    Y9                   IBUF (Prop_ibuf_I_O)         0.258     0.258 r  i_audio/i_clocking/clkin1_buf/O
                         net (fo=1, routed)           0.663     0.921    i_audio/i_clocking/o_CLK_100
    BUFGCTRL_X0Y0        BUFG (Prop_bufg_I_O)         0.026     0.947 r  i_audio/i_clocking/o_CLK_100_BUFG_inst/O
                         net (fo=1798, routed)        0.595     1.542    i_audio/i_clocking/o_CLK_100_BUFG
    MMCME2_ADV_X1Y0      MMCME2_ADV (Prop_mmcme2_adv_CLKIN1_CLKOUT0)
                                                      0.050     1.592 r  i_audio/i_clocking/mmcm_adv_inst/CLKOUT0
                         net (fo=1, routed)           0.529     2.121    i_audio/i_clocking/zed_audio_clk_48M
    BUFGCTRL_X0Y1        BUFG (Prop_bufg_I_O)         0.026     2.147 r  i_audio/i_clocking/clkout1_buf/O
                         net (fo=226, routed)         0.594     2.740    i_audio/Inst_adau1761_izedboard/Inst_i2c/Inst_i3c2/CLK_48
    SLICE_X8Y45          FDRE                                         r  i_audio/Inst_adau1761_izedboard/Inst_i2c/Inst_i3c2/pcnext_reg[5]/C
  -------------------------------------------------------------------    -------------------
    SLICE_X8Y45          FDRE (Prop_fdre_C_Q)         0.164     2.904 r  i_audio/Inst_adau1761_izedboard/Inst_i2c/Inst_i3c2/pcnext_reg[5]/Q
                         net (fo=3, routed)           0.221     3.126    i_audio/Inst_adau1761_izedboard/Inst_i2c/Inst_adau1761_configuraiton_data/Q[5]
    RAMB18_X0Y18         RAMB18E1                                     r  i_audio/Inst_adau1761_izedboard/Inst_i2c/Inst_adau1761_configuraiton_data/data_reg/ADDRARDADDR[9]
  -------------------------------------------------------------------    -------------------

                         (clock zed_audio_clk_48M rise edge)
                                                      0.000     0.000 r  
    Y9                                                0.000     0.000 r  clk_100 (IN)
                         net (fo=0)                   0.000     0.000    i_audio/i_clocking/clk_100
    Y9                   IBUF (Prop_ibuf_I_O)         0.446     0.446 r  i_audio/i_clocking/clkin1_buf/O
                         net (fo=1, routed)           0.719     1.165    i_audio/i_clocking/o_CLK_100
    BUFGCTRL_X0Y0        BUFG (Prop_bufg_I_O)         0.029     1.194 r  i_audio/i_clocking/o_CLK_100_BUFG_inst/O
                         net (fo=1798, routed)        0.862     2.056    i_audio/i_clocking/o_CLK_100_BUFG
    MMCME2_ADV_X1Y0      MMCME2_ADV (Prop_mmcme2_adv_CLKIN1_CLKOUT0)
                                                      0.053     2.109 r  i_audio/i_clocking/mmcm_adv_inst/CLKOUT0
                         net (fo=1, routed)           0.576     2.685    i_audio/i_clocking/zed_audio_clk_48M
    BUFGCTRL_X0Y1        BUFG (Prop_bufg_I_O)         0.029     2.714 r  i_audio/i_clocking/clkout1_buf/O
                         net (fo=226, routed)         0.906     3.621    i_audio/Inst_adau1761_izedboard/Inst_i2c/Inst_adau1761_configuraiton_data/CLK_48
    RAMB18_X0Y18         RAMB18E1                                     r  i_audio/Inst_adau1761_izedboard/Inst_i2c/Inst_adau1761_configuraiton_data/data_reg/CLKARDCLK
                         clock pessimism             -0.821     2.800    
    RAMB18_X0Y18         RAMB18E1 (Hold_ramb18e1_CLKARDCLK_ADDRARDADDR[9])
                                                      0.183     2.983    i_audio/Inst_adau1761_izedboard/Inst_i2c/Inst_adau1761_configuraiton_data/data_reg
  -------------------------------------------------------------------
                         required time                         -2.983    
                         arrival time                           3.126    
  -------------------------------------------------------------------
                         slack                                  0.143    

Slack (MET) :             0.143ns  (arrival time - required time)
  Source:                 i_audio/Inst_adau1761_izedboard/Inst_i2c/Inst_i3c2/pcnext_reg[4]/C
                            (rising edge-triggered cell FDRE clocked by zed_audio_clk_48M  {rise@0.000ns fall@10.417ns period=20.833ns})
  Destination:            i_audio/Inst_adau1761_izedboard/Inst_i2c/Inst_adau1761_configuraiton_data/data_reg/ADDRARDADDR[8]
                            (rising edge-triggered cell RAMB18E1 clocked by zed_audio_clk_48M  {rise@0.000ns fall@10.417ns period=20.833ns})
  Path Group:             zed_audio_clk_48M
  Path Type:              Hold (Min at Fast Process Corner)
  Requirement:            0.000ns  (zed_audio_clk_48M rise@0.000ns - zed_audio_clk_48M rise@0.000ns)
  Data Path Delay:        0.386ns  (logic 0.141ns (36.534%)  route 0.245ns (63.466%))
  Logic Levels:           0  
  Clock Path Skew:        0.059ns (DCD - SCD - CPR)
    Destination Clock Delay (DCD):    3.621ns
    Source Clock Delay      (SCD):    2.740ns
    Clock Pessimism Removal (CPR):    0.821ns

    Location             Delay type                Incr(ns)  Path(ns)    Netlist Resource(s)
  -------------------------------------------------------------------    -------------------
                         (clock zed_audio_clk_48M rise edge)
                                                      0.000     0.000 r  
    Y9                                                0.000     0.000 r  clk_100 (IN)
                         net (fo=0)                   0.000     0.000    i_audio/i_clocking/clk_100
    Y9                   IBUF (Prop_ibuf_I_O)         0.258     0.258 r  i_audio/i_clocking/clkin1_buf/O
                         net (fo=1, routed)           0.663     0.921    i_audio/i_clocking/o_CLK_100
    BUFGCTRL_X0Y0        BUFG (Prop_bufg_I_O)         0.026     0.947 r  i_audio/i_clocking/o_CLK_100_BUFG_inst/O
                         net (fo=1798, routed)        0.595     1.542    i_audio/i_clocking/o_CLK_100_BUFG
    MMCME2_ADV_X1Y0      MMCME2_ADV (Prop_mmcme2_adv_CLKIN1_CLKOUT0)
                                                      0.050     1.592 r  i_audio/i_clocking/mmcm_adv_inst/CLKOUT0
                         net (fo=1, routed)           0.529     2.121    i_audio/i_clocking/zed_audio_clk_48M
    BUFGCTRL_X0Y1        BUFG (Prop_bufg_I_O)         0.026     2.147 r  i_audio/i_clocking/clkout1_buf/O
                         net (fo=226, routed)         0.594     2.740    i_audio/Inst_adau1761_izedboard/Inst_i2c/Inst_i3c2/CLK_48
    SLICE_X9Y45          FDRE                                         r  i_audio/Inst_adau1761_izedboard/Inst_i2c/Inst_i3c2/pcnext_reg[4]/C
  -------------------------------------------------------------------    -------------------
    SLICE_X9Y45          FDRE (Prop_fdre_C_Q)         0.141     2.881 r  i_audio/Inst_adau1761_izedboard/Inst_i2c/Inst_i3c2/pcnext_reg[4]/Q
                         net (fo=4, routed)           0.245     3.126    i_audio/Inst_adau1761_izedboard/Inst_i2c/Inst_adau1761_configuraiton_data/Q[4]
    RAMB18_X0Y18         RAMB18E1                                     r  i_audio/Inst_adau1761_izedboard/Inst_i2c/Inst_adau1761_configuraiton_data/data_reg/ADDRARDADDR[8]
  -------------------------------------------------------------------    -------------------

                         (clock zed_audio_clk_48M rise edge)
                                                      0.000     0.000 r  
    Y9                                                0.000     0.000 r  clk_100 (IN)
                         net (fo=0)                   0.000     0.000    i_audio/i_clocking/clk_100
    Y9                   IBUF (Prop_ibuf_I_O)         0.446     0.446 r  i_audio/i_clocking/clkin1_buf/O
                         net (fo=1, routed)           0.719     1.165    i_audio/i_clocking/o_CLK_100
    BUFGCTRL_X0Y0        BUFG (Prop_bufg_I_O)         0.029     1.194 r  i_audio/i_clocking/o_CLK_100_BUFG_inst/O
                         net (fo=1798, routed)        0.862     2.056    i_audio/i_clocking/o_CLK_100_BUFG
    MMCME2_ADV_X1Y0      MMCME2_ADV (Prop_mmcme2_adv_CLKIN1_CLKOUT0)
                                                      0.053     2.109 r  i_audio/i_clocking/mmcm_adv_inst/CLKOUT0
                         net (fo=1, routed)           0.576     2.685    i_audio/i_clocking/zed_audio_clk_48M
    BUFGCTRL_X0Y1        BUFG (Prop_bufg_I_O)         0.029     2.714 r  i_audio/i_clocking/clkout1_buf/O
                         net (fo=226, routed)         0.906     3.621    i_audio/Inst_adau1761_izedboard/Inst_i2c/Inst_adau1761_configuraiton_data/CLK_48
    RAMB18_X0Y18         RAMB18E1                                     r  i_audio/Inst_adau1761_izedboard/Inst_i2c/Inst_adau1761_configuraiton_data/data_reg/CLKARDCLK
                         clock pessimism             -0.821     2.800    
    RAMB18_X0Y18         RAMB18E1 (Hold_ramb18e1_CLKARDCLK_ADDRARDADDR[8])
                                                      0.183     2.983    i_audio/Inst_adau1761_izedboard/Inst_i2c/Inst_adau1761_configuraiton_data/data_reg
  -------------------------------------------------------------------
                         required time                         -2.983    
                         arrival time                           3.126    
  -------------------------------------------------------------------
                         slack                                  0.143    

Slack (MET) :             0.146ns  (arrival time - required time)
  Source:                 i_audio/Inst_adau1761_izedboard/Inst_i2c/Inst_i3c2/pcnext_reg[6]/C
                            (rising edge-triggered cell FDRE clocked by zed_audio_clk_48M  {rise@0.000ns fall@10.417ns period=20.833ns})
  Destination:            i_audio/Inst_adau1761_izedboard/Inst_i2c/Inst_adau1761_configuraiton_data/data_reg/ADDRARDADDR[10]
                            (rising edge-triggered cell RAMB18E1 clocked by zed_audio_clk_48M  {rise@0.000ns fall@10.417ns period=20.833ns})
  Path Group:             zed_audio_clk_48M
  Path Type:              Hold (Min at Fast Process Corner)
  Requirement:            0.000ns  (zed_audio_clk_48M rise@0.000ns - zed_audio_clk_48M rise@0.000ns)
  Data Path Delay:        0.389ns  (logic 0.164ns (42.182%)  route 0.225ns (57.818%))
  Logic Levels:           0  
  Clock Path Skew:        0.059ns (DCD - SCD - CPR)
    Destination Clock Delay (DCD):    3.621ns
    Source Clock Delay      (SCD):    2.740ns
    Clock Pessimism Removal (CPR):    0.821ns

    Location             Delay type                Incr(ns)  Path(ns)    Netlist Resource(s)
  -------------------------------------------------------------------    -------------------
                         (clock zed_audio_clk_48M rise edge)
                                                      0.000     0.000 r  
    Y9                                                0.000     0.000 r  clk_100 (IN)
                         net (fo=0)                   0.000     0.000    i_audio/i_clocking/clk_100
    Y9                   IBUF (Prop_ibuf_I_O)         0.258     0.258 r  i_audio/i_clocking/clkin1_buf/O
                         net (fo=1, routed)           0.663     0.921    i_audio/i_clocking/o_CLK_100
    BUFGCTRL_X0Y0        BUFG (Prop_bufg_I_O)         0.026     0.947 r  i_audio/i_clocking/o_CLK_100_BUFG_inst/O
                         net (fo=1798, routed)        0.595     1.542    i_audio/i_clocking/o_CLK_100_BUFG
    MMCME2_ADV_X1Y0      MMCME2_ADV (Prop_mmcme2_adv_CLKIN1_CLKOUT0)
                                                      0.050     1.592 r  i_audio/i_clocking/mmcm_adv_inst/CLKOUT0
                         net (fo=1, routed)           0.529     2.121    i_audio/i_clocking/zed_audio_clk_48M
    BUFGCTRL_X0Y1        BUFG (Prop_bufg_I_O)         0.026     2.147 r  i_audio/i_clocking/clkout1_buf/O
                         net (fo=226, routed)         0.594     2.740    i_audio/Inst_adau1761_izedboard/Inst_i2c/Inst_i3c2/CLK_48
    SLICE_X8Y46          FDRE                                         r  i_audio/Inst_adau1761_izedboard/Inst_i2c/Inst_i3c2/pcnext_reg[6]/C
  -------------------------------------------------------------------    -------------------
    SLICE_X8Y46          FDRE (Prop_fdre_C_Q)         0.164     2.904 r  i_audio/Inst_adau1761_izedboard/Inst_i2c/Inst_i3c2/pcnext_reg[6]/Q
                         net (fo=4, routed)           0.225     3.129    i_audio/Inst_adau1761_izedboard/Inst_i2c/Inst_adau1761_configuraiton_data/Q[6]
    RAMB18_X0Y18         RAMB18E1                                     r  i_audio/Inst_adau1761_izedboard/Inst_i2c/Inst_adau1761_configuraiton_data/data_reg/ADDRARDADDR[10]
  -------------------------------------------------------------------    -------------------

                         (clock zed_audio_clk_48M rise edge)
                                                      0.000     0.000 r  
    Y9                                                0.000     0.000 r  clk_100 (IN)
                         net (fo=0)                   0.000     0.000    i_audio/i_clocking/clk_100
    Y9                   IBUF (Prop_ibuf_I_O)         0.446     0.446 r  i_audio/i_clocking/clkin1_buf/O
                         net (fo=1, routed)           0.719     1.165    i_audio/i_clocking/o_CLK_100
    BUFGCTRL_X0Y0        BUFG (Prop_bufg_I_O)         0.029     1.194 r  i_audio/i_clocking/o_CLK_100_BUFG_inst/O
                         net (fo=1798, routed)        0.862     2.056    i_audio/i_clocking/o_CLK_100_BUFG
    MMCME2_ADV_X1Y0      MMCME2_ADV (Prop_mmcme2_adv_CLKIN1_CLKOUT0)
                                                      0.053     2.109 r  i_audio/i_clocking/mmcm_adv_inst/CLKOUT0
                         net (fo=1, routed)           0.576     2.685    i_audio/i_clocking/zed_audio_clk_48M
    BUFGCTRL_X0Y1        BUFG (Prop_bufg_I_O)         0.029     2.714 r  i_audio/i_clocking/clkout1_buf/O
                         net (fo=226, routed)         0.906     3.621    i_audio/Inst_adau1761_izedboard/Inst_i2c/Inst_adau1761_configuraiton_data/CLK_48
    RAMB18_X0Y18         RAMB18E1                                     r  i_audio/Inst_adau1761_izedboard/Inst_i2c/Inst_adau1761_configuraiton_data/data_reg/CLKARDCLK
                         clock pessimism             -0.821     2.800    
    RAMB18_X0Y18         RAMB18E1 (Hold_ramb18e1_CLKARDCLK_ADDRARDADDR[10])
                                                      0.183     2.983    i_audio/Inst_adau1761_izedboard/Inst_i2c/Inst_adau1761_configuraiton_data/data_reg
  -------------------------------------------------------------------
                         required time                         -2.983    
                         arrival time                           3.129    
  -------------------------------------------------------------------
                         slack                                  0.146    

Slack (MET) :             0.148ns  (arrival time - required time)
  Source:                 i_audio/Inst_adau1761_izedboard/Inst_i2c/Inst_i3c2/pcnext_reg[8]/C
                            (rising edge-triggered cell FDRE clocked by zed_audio_clk_48M  {rise@0.000ns fall@10.417ns period=20.833ns})
  Destination:            i_audio/Inst_adau1761_izedboard/Inst_i2c/Inst_adau1761_configuraiton_data/data_reg/ADDRARDADDR[12]
                            (rising edge-triggered cell RAMB18E1 clocked by zed_audio_clk_48M  {rise@0.000ns fall@10.417ns period=20.833ns})
  Path Group:             zed_audio_clk_48M
  Path Type:              Hold (Min at Fast Process Corner)
  Requirement:            0.000ns  (zed_audio_clk_48M rise@0.000ns - zed_audio_clk_48M rise@0.000ns)
  Data Path Delay:        0.390ns  (logic 0.164ns (42.036%)  route 0.226ns (57.964%))
  Logic Levels:           0  
  Clock Path Skew:        0.059ns (DCD - SCD - CPR)
    Destination Clock Delay (DCD):    3.621ns
    Source Clock Delay      (SCD):    2.740ns
    Clock Pessimism Removal (CPR):    0.821ns

    Location             Delay type                Incr(ns)  Path(ns)    Netlist Resource(s)
  -------------------------------------------------------------------    -------------------
                         (clock zed_audio_clk_48M rise edge)
                                                      0.000     0.000 r  
    Y9                                                0.000     0.000 r  clk_100 (IN)
                         net (fo=0)                   0.000     0.000    i_audio/i_clocking/clk_100
    Y9                   IBUF (Prop_ibuf_I_O)         0.258     0.258 r  i_audio/i_clocking/clkin1_buf/O
                         net (fo=1, routed)           0.663     0.921    i_audio/i_clocking/o_CLK_100
    BUFGCTRL_X0Y0        BUFG (Prop_bufg_I_O)         0.026     0.947 r  i_audio/i_clocking/o_CLK_100_BUFG_inst/O
                         net (fo=1798, routed)        0.595     1.542    i_audio/i_clocking/o_CLK_100_BUFG
    MMCME2_ADV_X1Y0      MMCME2_ADV (Prop_mmcme2_adv_CLKIN1_CLKOUT0)
                                                      0.050     1.592 r  i_audio/i_clocking/mmcm_adv_inst/CLKOUT0
                         net (fo=1, routed)           0.529     2.121    i_audio/i_clocking/zed_audio_clk_48M
    BUFGCTRL_X0Y1        BUFG (Prop_bufg_I_O)         0.026     2.147 r  i_audio/i_clocking/clkout1_buf/O
                         net (fo=226, routed)         0.594     2.740    i_audio/Inst_adau1761_izedboard/Inst_i2c/Inst_i3c2/CLK_48
    SLICE_X8Y46          FDRE                                         r  i_audio/Inst_adau1761_izedboard/Inst_i2c/Inst_i3c2/pcnext_reg[8]/C
  -------------------------------------------------------------------    -------------------
    SLICE_X8Y46          FDRE (Prop_fdre_C_Q)         0.164     2.904 r  i_audio/Inst_adau1761_izedboard/Inst_i2c/Inst_i3c2/pcnext_reg[8]/Q
                         net (fo=3, routed)           0.226     3.130    i_audio/Inst_adau1761_izedboard/Inst_i2c/Inst_adau1761_configuraiton_data/Q[8]
    RAMB18_X0Y18         RAMB18E1                                     r  i_audio/Inst_adau1761_izedboard/Inst_i2c/Inst_adau1761_configuraiton_data/data_reg/ADDRARDADDR[12]
  -------------------------------------------------------------------    -------------------

                         (clock zed_audio_clk_48M rise edge)
                                                      0.000     0.000 r  
    Y9                                                0.000     0.000 r  clk_100 (IN)
                         net (fo=0)                   0.000     0.000    i_audio/i_clocking/clk_100
    Y9                   IBUF (Prop_ibuf_I_O)         0.446     0.446 r  i_audio/i_clocking/clkin1_buf/O
                         net (fo=1, routed)           0.719     1.165    i_audio/i_clocking/o_CLK_100
    BUFGCTRL_X0Y0        BUFG (Prop_bufg_I_O)         0.029     1.194 r  i_audio/i_clocking/o_CLK_100_BUFG_inst/O
                         net (fo=1798, routed)        0.862     2.056    i_audio/i_clocking/o_CLK_100_BUFG
    MMCME2_ADV_X1Y0      MMCME2_ADV (Prop_mmcme2_adv_CLKIN1_CLKOUT0)
                                                      0.053     2.109 r  i_audio/i_clocking/mmcm_adv_inst/CLKOUT0
                         net (fo=1, routed)           0.576     2.685    i_audio/i_clocking/zed_audio_clk_48M
    BUFGCTRL_X0Y1        BUFG (Prop_bufg_I_O)         0.029     2.714 r  i_audio/i_clocking/clkout1_buf/O
                         net (fo=226, routed)         0.906     3.621    i_audio/Inst_adau1761_izedboard/Inst_i2c/Inst_adau1761_configuraiton_data/CLK_48
    RAMB18_X0Y18         RAMB18E1                                     r  i_audio/Inst_adau1761_izedboard/Inst_i2c/Inst_adau1761_configuraiton_data/data_reg/CLKARDCLK
                         clock pessimism             -0.821     2.800    
    RAMB18_X0Y18         RAMB18E1 (Hold_ramb18e1_CLKARDCLK_ADDRARDADDR[12])
                                                      0.183     2.983    i_audio/Inst_adau1761_izedboard/Inst_i2c/Inst_adau1761_configuraiton_data/data_reg
  -------------------------------------------------------------------
                         required time                         -2.983    
                         arrival time                           3.130    
  -------------------------------------------------------------------
                         slack                                  0.148    

Slack (MET) :             0.153ns  (arrival time - required time)
  Source:                 i_audio/Inst_adau1761_izedboard/Inst_i2c/Inst_i3c2/pcnext_reg[7]/C
                            (rising edge-triggered cell FDRE clocked by zed_audio_clk_48M  {rise@0.000ns fall@10.417ns period=20.833ns})
  Destination:            i_audio/Inst_adau1761_izedboard/Inst_i2c/Inst_adau1761_configuraiton_data/data_reg/ADDRARDADDR[11]
                            (rising edge-triggered cell RAMB18E1 clocked by zed_audio_clk_48M  {rise@0.000ns fall@10.417ns period=20.833ns})
  Path Group:             zed_audio_clk_48M
  Path Type:              Hold (Min at Fast Process Corner)
  Requirement:            0.000ns  (zed_audio_clk_48M rise@0.000ns - zed_audio_clk_48M rise@0.000ns)
  Data Path Delay:        0.395ns  (logic 0.164ns (41.483%)  route 0.231ns (58.517%))
  Logic Levels:           0  
  Clock Path Skew:        0.059ns (DCD - SCD - CPR)
    Destination Clock Delay (DCD):    3.621ns
    Source Clock Delay      (SCD):    2.740ns
    Clock Pessimism Removal (CPR):    0.821ns

    Location             Delay type                Incr(ns)  Path(ns)    Netlist Resource(s)
  -------------------------------------------------------------------    -------------------
                         (clock zed_audio_clk_48M rise edge)
                                                      0.000     0.000 r  
    Y9                                                0.000     0.000 r  clk_100 (IN)
                         net (fo=0)                   0.000     0.000    i_audio/i_clocking/clk_100
    Y9                   IBUF (Prop_ibuf_I_O)         0.258     0.258 r  i_audio/i_clocking/clkin1_buf/O
                         net (fo=1, routed)           0.663     0.921    i_audio/i_clocking/o_CLK_100
    BUFGCTRL_X0Y0        BUFG (Prop_bufg_I_O)         0.026     0.947 r  i_audio/i_clocking/o_CLK_100_BUFG_inst/O
                         net (fo=1798, routed)        0.595     1.542    i_audio/i_clocking/o_CLK_100_BUFG
    MMCME2_ADV_X1Y0      MMCME2_ADV (Prop_mmcme2_adv_CLKIN1_CLKOUT0)
                                                      0.050     1.592 r  i_audio/i_clocking/mmcm_adv_inst/CLKOUT0
                         net (fo=1, routed)           0.529     2.121    i_audio/i_clocking/zed_audio_clk_48M
    BUFGCTRL_X0Y1        BUFG (Prop_bufg_I_O)         0.026     2.147 r  i_audio/i_clocking/clkout1_buf/O
                         net (fo=226, routed)         0.594     2.740    i_audio/Inst_adau1761_izedboard/Inst_i2c/Inst_i3c2/CLK_48
    SLICE_X8Y46          FDRE                                         r  i_audio/Inst_adau1761_izedboard/Inst_i2c/Inst_i3c2/pcnext_reg[7]/C
  -------------------------------------------------------------------    -------------------
    SLICE_X8Y46          FDRE (Prop_fdre_C_Q)         0.164     2.904 r  i_audio/Inst_adau1761_izedboard/Inst_i2c/Inst_i3c2/pcnext_reg[7]/Q
                         net (fo=3, routed)           0.231     3.136    i_audio/Inst_adau1761_izedboard/Inst_i2c/Inst_adau1761_configuraiton_data/Q[7]
    RAMB18_X0Y18         RAMB18E1                                     r  i_audio/Inst_adau1761_izedboard/Inst_i2c/Inst_adau1761_configuraiton_data/data_reg/ADDRARDADDR[11]
  -------------------------------------------------------------------    -------------------

                         (clock zed_audio_clk_48M rise edge)
                                                      0.000     0.000 r  
    Y9                                                0.000     0.000 r  clk_100 (IN)
                         net (fo=0)                   0.000     0.000    i_audio/i_clocking/clk_100
    Y9                   IBUF (Prop_ibuf_I_O)         0.446     0.446 r  i_audio/i_clocking/clkin1_buf/O
                         net (fo=1, routed)           0.719     1.165    i_audio/i_clocking/o_CLK_100
    BUFGCTRL_X0Y0        BUFG (Prop_bufg_I_O)         0.029     1.194 r  i_audio/i_clocking/o_CLK_100_BUFG_inst/O
                         net (fo=1798, routed)        0.862     2.056    i_audio/i_clocking/o_CLK_100_BUFG
    MMCME2_ADV_X1Y0      MMCME2_ADV (Prop_mmcme2_adv_CLKIN1_CLKOUT0)
                                                      0.053     2.109 r  i_audio/i_clocking/mmcm_adv_inst/CLKOUT0
                         net (fo=1, routed)           0.576     2.685    i_audio/i_clocking/zed_audio_clk_48M
    BUFGCTRL_X0Y1        BUFG (Prop_bufg_I_O)         0.029     2.714 r  i_audio/i_clocking/clkout1_buf/O
                         net (fo=226, routed)         0.906     3.621    i_audio/Inst_adau1761_izedboard/Inst_i2c/Inst_adau1761_configuraiton_data/CLK_48
    RAMB18_X0Y18         RAMB18E1                                     r  i_audio/Inst_adau1761_izedboard/Inst_i2c/Inst_adau1761_configuraiton_data/data_reg/CLKARDCLK
                         clock pessimism             -0.821     2.800    
    RAMB18_X0Y18         RAMB18E1 (Hold_ramb18e1_CLKARDCLK_ADDRARDADDR[11])
                                                      0.183     2.983    i_audio/Inst_adau1761_izedboard/Inst_i2c/Inst_adau1761_configuraiton_data/data_reg
  -------------------------------------------------------------------
                         required time                         -2.983    
                         arrival time                           3.136    
  -------------------------------------------------------------------
                         slack                                  0.153    

Slack (MET) :             0.154ns  (arrival time - required time)
  Source:                 i_audio/Inst_adau1761_izedboard/Inst_i2c/Inst_adau1761_configuraiton_data/i_audio/Inst_adau1761_izedboard/Inst_i2c/Inst_adau1761_configuraiton_data/data_reg_cooolgate_en_gate_97_cooolDelFlop/C
                            (rising edge-triggered cell FDCE clocked by zed_audio_clk_48M  {rise@0.000ns fall@10.417ns period=20.833ns})
  Destination:            i_audio/Inst_adau1761_izedboard/Inst_i2c/Inst_adau1761_configuraiton_data/data_reg/ENARDEN
                            (rising edge-triggered cell RAMB18E1 clocked by zed_audio_clk_48M  {rise@0.000ns fall@10.417ns period=20.833ns})
  Path Group:             zed_audio_clk_48M
  Path Type:              Hold (Min at Fast Process Corner)
  Requirement:            0.000ns  (zed_audio_clk_48M rise@0.000ns - zed_audio_clk_48M rise@0.000ns)
  Data Path Delay:        0.308ns  (logic 0.164ns (53.214%)  route 0.144ns (46.786%))
  Logic Levels:           0  
  Clock Path Skew:        0.058ns (DCD - SCD - CPR)
    Destination Clock Delay (DCD):    3.621ns
    Source Clock Delay      (SCD):    2.741ns
    Clock Pessimism Removal (CPR):    0.821ns

    Location             Delay type                Incr(ns)  Path(ns)    Netlist Resource(s)
  -------------------------------------------------------------------    -------------------
                         (clock zed_audio_clk_48M rise edge)
                                                      0.000     0.000 r  
    Y9                                                0.000     0.000 r  clk_100 (IN)
                         net (fo=0)                   0.000     0.000    i_audio/i_clocking/clk_100
    Y9                   IBUF (Prop_ibuf_I_O)         0.258     0.258 r  i_audio/i_clocking/clkin1_buf/O
                         net (fo=1, routed)           0.663     0.921    i_audio/i_clocking/o_CLK_100
    BUFGCTRL_X0Y0        BUFG (Prop_bufg_I_O)         0.026     0.947 r  i_audio/i_clocking/o_CLK_100_BUFG_inst/O
                         net (fo=1798, routed)        0.595     1.542    i_audio/i_clocking/o_CLK_100_BUFG
    MMCME2_ADV_X1Y0      MMCME2_ADV (Prop_mmcme2_adv_CLKIN1_CLKOUT0)
                                                      0.050     1.592 r  i_audio/i_clocking/mmcm_adv_inst/CLKOUT0
                         net (fo=1, routed)           0.529     2.121    i_audio/i_clocking/zed_audio_clk_48M
    BUFGCTRL_X0Y1        BUFG (Prop_bufg_I_O)         0.026     2.147 r  i_audio/i_clocking/clkout1_buf/O
                         net (fo=226, routed)         0.595     2.741    i_audio/Inst_adau1761_izedboard/Inst_i2c/Inst_adau1761_configuraiton_data/CLK_48
    SLICE_X8Y47          FDCE                                         r  i_audio/Inst_adau1761_izedboard/Inst_i2c/Inst_adau1761_configuraiton_data/i_audio/Inst_adau1761_izedboard/Inst_i2c/Inst_adau1761_configuraiton_data/data_reg_cooolgate_en_gate_97_cooolDelFlop/C
  -------------------------------------------------------------------    -------------------
    SLICE_X8Y47          FDCE (Prop_fdce_C_Q)         0.164     2.905 r  i_audio/Inst_adau1761_izedboard/Inst_i2c/Inst_adau1761_configuraiton_data/i_audio/Inst_adau1761_izedboard/Inst_i2c/Inst_adau1761_configuraiton_data/data_reg_cooolgate_en_gate_97_cooolDelFlop/Q
                         net (fo=1, routed)           0.144     3.050    i_audio/Inst_adau1761_izedboard/Inst_i2c/Inst_adau1761_configuraiton_data/i_audio/Inst_adau1761_izedboard/Inst_i2c/Inst_adau1761_configuraiton_data/data_reg_cooolgate_en_sig_49
    RAMB18_X0Y18         RAMB18E1                                     r  i_audio/Inst_adau1761_izedboard/Inst_i2c/Inst_adau1761_configuraiton_data/data_reg/ENARDEN
  -------------------------------------------------------------------    -------------------

                         (clock zed_audio_clk_48M rise edge)
                                                      0.000     0.000 r  
    Y9                                                0.000     0.000 r  clk_100 (IN)
                         net (fo=0)                   0.000     0.000    i_audio/i_clocking/clk_100
    Y9                   IBUF (Prop_ibuf_I_O)         0.446     0.446 r  i_audio/i_clocking/clkin1_buf/O
                         net (fo=1, routed)           0.719     1.165    i_audio/i_clocking/o_CLK_100
    BUFGCTRL_X0Y0        BUFG (Prop_bufg_I_O)         0.029     1.194 r  i_audio/i_clocking/o_CLK_100_BUFG_inst/O
                         net (fo=1798, routed)        0.862     2.056    i_audio/i_clocking/o_CLK_100_BUFG
    MMCME2_ADV_X1Y0      MMCME2_ADV (Prop_mmcme2_adv_CLKIN1_CLKOUT0)
                                                      0.053     2.109 r  i_audio/i_clocking/mmcm_adv_inst/CLKOUT0
                         net (fo=1, routed)           0.576     2.685    i_audio/i_clocking/zed_audio_clk_48M
    BUFGCTRL_X0Y1        BUFG (Prop_bufg_I_O)         0.029     2.714 r  i_audio/i_clocking/clkout1_buf/O
                         net (fo=226, routed)         0.906     3.621    i_audio/Inst_adau1761_izedboard/Inst_i2c/Inst_adau1761_configuraiton_data/CLK_48
    RAMB18_X0Y18         RAMB18E1                                     r  i_audio/Inst_adau1761_izedboard/Inst_i2c/Inst_adau1761_configuraiton_data/data_reg/CLKARDCLK
                         clock pessimism             -0.821     2.800    
    RAMB18_X0Y18         RAMB18E1 (Hold_ramb18e1_CLKARDCLK_ENARDEN)
                                                      0.096     2.896    i_audio/Inst_adau1761_izedboard/Inst_i2c/Inst_adau1761_configuraiton_data/data_reg
  -------------------------------------------------------------------
                         required time                         -2.896    
                         arrival time                           3.050    
  -------------------------------------------------------------------
                         slack                                  0.154    





Pulse Width Checks
--------------------------------------------------------------------------------------
Clock Name:         zed_audio_clk_48M
Waveform(ns):       { 0.000 10.417 }
Period(ns):         20.833
Sources:            { i_audio/i_clocking/mmcm_adv_inst/CLKOUT0 }

Check Type        Corner  Lib Pin             Reference Pin  Required(ns)  Actual(ns)  Slack(ns)  Location         Pin
Min Period        n/a     RAMB18E1/CLKARDCLK  n/a            2.576         20.833      18.257     RAMB18_X0Y18     i_audio/Inst_adau1761_izedboard/Inst_i2c/Inst_adau1761_configuraiton_data/data_reg/CLKARDCLK
Min Period        n/a     BUFG/I              n/a            2.155         20.833      18.678     BUFGCTRL_X0Y1    i_audio/i_clocking/clkout1_buf/I
Min Period        n/a     MMCME2_ADV/CLKOUT0  n/a            1.249         20.833      19.584     MMCME2_ADV_X1Y0  i_audio/i_clocking/mmcm_adv_inst/CLKOUT0
Min Period        n/a     FDRE/C              n/a            1.000         20.833      19.833     SLICE_X58Y22     i_audio/sample_clk_48k_d3_48_reg__0/C
Min Period        n/a     FDCE/C              n/a            1.000         20.833      19.833     SLICE_X8Y47      i_audio/Inst_adau1761_izedboard/Inst_i2c/Inst_adau1761_configuraiton_data/i_audio/Inst_adau1761_izedboard/Inst_i2c/Inst_adau1761_configuraiton_data/data_reg_cooolgate_en_gate_97_cooolDelFlop/C
Min Period        n/a     FDRE/C              n/a            1.000         20.833      19.833     SLICE_X4Y46      i_audio/Inst_adau1761_izedboard/Inst_i2c/Inst_i3c2/ack_flag_reg/C
Min Period        n/a     FDRE/C              n/a            1.000         20.833      19.833     SLICE_X3Y44      i_audio/Inst_adau1761_izedboard/Inst_i2c/Inst_i3c2/bitcount_reg[0]/C
Min Period        n/a     FDRE/C              n/a            1.000         20.833      19.833     SLICE_X3Y44      i_audio/Inst_adau1761_izedboard/Inst_i2c/Inst_i3c2/bitcount_reg[1]/C
Min Period        n/a     FDRE/C              n/a            1.000         20.833      19.833     SLICE_X3Y45      i_audio/Inst_adau1761_izedboard/Inst_i2c/Inst_i3c2/bitcount_reg[2]/C
Min Period        n/a     FDRE/C              n/a            1.000         20.833      19.833     SLICE_X3Y45      i_audio/Inst_adau1761_izedboard/Inst_i2c/Inst_i3c2/bitcount_reg[3]/C
Max Period        n/a     MMCME2_ADV/CLKOUT0  n/a            213.360       20.833      192.527    MMCME2_ADV_X1Y0  i_audio/i_clocking/mmcm_adv_inst/CLKOUT0
Low Pulse Width   Slow    SRL16E/CLK          n/a            0.980         10.417      9.437      SLICE_X58Y22     i_audio/sample_clk_48k_d2_48_reg_srl2/CLK
Low Pulse Width   Fast    SRL16E/CLK          n/a            0.980         10.417      9.437      SLICE_X58Y22     i_audio/sample_clk_48k_d2_48_reg_srl2/CLK
Low Pulse Width   Slow    SRL16E/CLK          n/a            0.980         10.417      9.437      SLICE_X46Y17     i_audio/Inst_adau1761_izedboard/Inst_i2s_data_interface/bclk_delay_reg[2]_srl5/CLK
Low Pulse Width   Fast    SRL16E/CLK          n/a            0.980         10.417      9.437      SLICE_X46Y17     i_audio/Inst_adau1761_izedboard/Inst_i2s_data_interface/bclk_delay_reg[2]_srl5/CLK
Low Pulse Width   Slow    SRL16E/CLK          n/a            0.980         10.417      9.437      SLICE_X46Y18     i_audio/Inst_adau1761_izedboard/Inst_i2s_data_interface/sr_in_reg[102]_srl8/CLK
Low Pulse Width   Fast    SRL16E/CLK          n/a            0.980         10.417      9.437      SLICE_X46Y18     i_audio/Inst_adau1761_izedboard/Inst_i2s_data_interface/sr_in_reg[102]_srl8/CLK
Low Pulse Width   Slow    SRLC32E/CLK         n/a            0.980         10.417      9.437      SLICE_X30Y20     i_audio/Inst_adau1761_izedboard/Inst_i2s_data_interface/sr_in_reg[31]_srl32/CLK
Low Pulse Width   Fast    SRLC32E/CLK         n/a            0.980         10.417      9.437      SLICE_X30Y20     i_audio/Inst_adau1761_izedboard/Inst_i2s_data_interface/sr_in_reg[31]_srl32/CLK
Low Pulse Width   Slow    SRLC32E/CLK         n/a            0.980         10.417      9.437      SLICE_X30Y20     i_audio/Inst_adau1761_izedboard/Inst_i2s_data_interface/sr_in_reg[63]_srl32/CLK
Low Pulse Width   Fast    SRLC32E/CLK         n/a            0.980         10.417      9.437      SLICE_X30Y20     i_audio/Inst_adau1761_izedboard/Inst_i2s_data_interface/sr_in_reg[63]_srl32/CLK
High Pulse Width  Slow    SRL16E/CLK          n/a            0.980         10.417      9.437      SLICE_X58Y22     i_audio/sample_clk_48k_d2_48_reg_srl2/CLK
High Pulse Width  Fast    SRL16E/CLK          n/a            0.980         10.417      9.437      SLICE_X58Y22     i_audio/sample_clk_48k_d2_48_reg_srl2/CLK
High Pulse Width  Slow    SRL16E/CLK          n/a            0.980         10.417      9.437      SLICE_X46Y17     i_audio/Inst_adau1761_izedboard/Inst_i2s_data_interface/bclk_delay_reg[2]_srl5/CLK
High Pulse Width  Fast    SRL16E/CLK          n/a            0.980         10.417      9.437      SLICE_X46Y17     i_audio/Inst_adau1761_izedboard/Inst_i2s_data_interface/bclk_delay_reg[2]_srl5/CLK
High Pulse Width  Slow    SRL16E/CLK          n/a            0.980         10.417      9.437      SLICE_X46Y18     i_audio/Inst_adau1761_izedboard/Inst_i2s_data_interface/sr_in_reg[102]_srl8/CLK
High Pulse Width  Fast    SRL16E/CLK          n/a            0.980         10.417      9.437      SLICE_X46Y18     i_audio/Inst_adau1761_izedboard/Inst_i2s_data_interface/sr_in_reg[102]_srl8/CLK
High Pulse Width  Slow    SRLC32E/CLK         n/a            0.980         10.417      9.437      SLICE_X30Y20     i_audio/Inst_adau1761_izedboard/Inst_i2s_data_interface/sr_in_reg[31]_srl32/CLK
High Pulse Width  Fast    SRLC32E/CLK         n/a            0.980         10.417      9.437      SLICE_X30Y20     i_audio/Inst_adau1761_izedboard/Inst_i2s_data_interface/sr_in_reg[31]_srl32/CLK
High Pulse Width  Slow    SRLC32E/CLK         n/a            0.980         10.417      9.437      SLICE_X30Y20     i_audio/Inst_adau1761_izedboard/Inst_i2s_data_interface/sr_in_reg[63]_srl32/CLK
High Pulse Width  Fast    SRLC32E/CLK         n/a            0.980         10.417      9.437      SLICE_X30Y20     i_audio/Inst_adau1761_izedboard/Inst_i2s_data_interface/sr_in_reg[63]_srl32/CLK



--------------------------------------------------------------------------------------
Path Group:  (none)
From Clock:  clk_100
  To Clock:  clk_100

Max Delay             2 Endpoints
Min Delay             2 Endpoints
--------------------------------------------------------------------------------------


Max Delay Paths
--------------------------------------------------------------------------------------
Slack:                    inf
  Source:                 btn_s1_reg[0]/C
                            (rising edge-triggered cell FDRE clocked by clk_100  {rise@0.000ns fall@5.000ns period=10.000ns})
  Destination:            chan_r/i_delay_line/i_fifo/inst/gen_fifo.xpm_fifo_axis_inst/gaxis_rst_sync.xpm_cdc_sync_rst_inst/syncstages_ff_reg[0]/D
                            (rising edge-triggered cell FDRE clocked by clk_100  {rise@0.000ns fall@5.000ns period=10.000ns})
  Path Group:             (none)
  Path Type:              Setup (Max at Slow Process Corner)
  Data Path Delay:        4.567ns  (logic 0.456ns (9.985%)  route 4.111ns (90.015%))
  Logic Levels:           0  
  Clock Path Skew:        -0.435ns (DCD - SCD + CPR)
    Destination Clock Delay (DCD):    5.039ns
    Source Clock Delay      (SCD):    5.474ns
    Clock Pessimism Removal (CPR):    0.000ns
  Clock Uncertainty:      0.035ns  ((TSJ^2 + TIJ^2)^1/2 + DJ) / 2 + PE
    Total System Jitter     (TSJ):    0.071ns
    Total Input Jitter      (TIJ):    0.000ns
    Discrete Jitter          (DJ):    0.000ns
    Phase Error              (PE):    0.000ns
  Timing Exception:       False Path

    Location             Delay type                Incr(ns)  Path(ns)    Netlist Resource(s)
  -------------------------------------------------------------------    -------------------
                         (clock clk_100 rise edge)    0.000     0.000 r  
    Y9                                                0.000     0.000 r  clk_100 (IN)
                         net (fo=0)                   0.000     0.000    i_audio/i_clocking/clk_100
    Y9                   IBUF (Prop_ibuf_I_O)         1.490     1.490 r  i_audio/i_clocking/clkin1_buf/O
                         net (fo=1, routed)           2.171     3.661    i_audio/i_clocking/o_CLK_100
    BUFGCTRL_X0Y0        BUFG (Prop_bufg_I_O)         0.101     3.762 r  i_audio/i_clocking/o_CLK_100_BUFG_inst/O
                         net (fo=1798, routed)        1.712     5.474    clk
    SLICE_X64Y27         FDRE                                         r  btn_s1_reg[0]/C
  -------------------------------------------------------------------    -------------------
    SLICE_X64Y27         FDRE (Prop_fdre_C_Q)         0.456     5.930 r  btn_s1_reg[0]/Q
                         net (fo=104, routed)         4.111    10.041    chan_r/i_delay_line/i_fifo/inst/gen_fifo.xpm_fifo_axis_inst/gaxis_rst_sync.xpm_cdc_sync_rst_inst/src_rst
    SLICE_X28Y21         FDRE                                         r  chan_r/i_delay_line/i_fifo/inst/gen_fifo.xpm_fifo_axis_inst/gaxis_rst_sync.xpm_cdc_sync_rst_inst/syncstages_ff_reg[0]/D
  -------------------------------------------------------------------    -------------------

                         (clock clk_100 rise edge)    0.000     0.000 r  
    Y9                                                0.000     0.000 r  clk_100 (IN)
                         net (fo=0)                   0.000     0.000    i_audio/i_clocking/clk_100
    Y9                   IBUF (Prop_ibuf_I_O)         1.420     1.420 r  i_audio/i_clocking/clkin1_buf/O
                         net (fo=1, routed)           1.972     3.392    i_audio/i_clocking/o_CLK_100
    BUFGCTRL_X0Y0        BUFG (Prop_bufg_I_O)         0.091     3.483 r  i_audio/i_clocking/o_CLK_100_BUFG_inst/O
                         net (fo=1798, routed)        1.556     5.039    chan_r/i_delay_line/i_fifo/inst/gen_fifo.xpm_fifo_axis_inst/gaxis_rst_sync.xpm_cdc_sync_rst_inst/dest_clk
    SLICE_X28Y21         FDRE                                         r  chan_r/i_delay_line/i_fifo/inst/gen_fifo.xpm_fifo_axis_inst/gaxis_rst_sync.xpm_cdc_sync_rst_inst/syncstages_ff_reg[0]/C

Slack:                    inf
  Source:                 btn_s1_reg[0]/C
                            (rising edge-triggered cell FDRE clocked by clk_100  {rise@0.000ns fall@5.000ns period=10.000ns})
  Destination:            chan_l/i_delay_line/i_fifo/inst/gen_fifo.xpm_fifo_axis_inst/gaxis_rst_sync.xpm_cdc_sync_rst_inst/syncstages_ff_reg[0]/D
                            (rising edge-triggered cell FDRE clocked by clk_100  {rise@0.000ns fall@5.000ns period=10.000ns})
  Path Group:             (none)
  Path Type:              Setup (Max at Slow Process Corner)
  Data Path Delay:        1.570ns  (logic 0.456ns (29.042%)  route 1.114ns (70.958%))
  Logic Levels:           0  
  Clock Path Skew:        -0.455ns (DCD - SCD + CPR)
    Destination Clock Delay (DCD):    5.019ns
    Source Clock Delay      (SCD):    5.474ns
    Clock Pessimism Removal (CPR):    0.000ns
  Clock Uncertainty:      0.035ns  ((TSJ^2 + TIJ^2)^1/2 + DJ) / 2 + PE
    Total System Jitter     (TSJ):    0.071ns
    Total Input Jitter      (TIJ):    0.000ns
    Discrete Jitter          (DJ):    0.000ns
    Phase Error              (PE):    0.000ns
  Timing Exception:       False Path

    Location             Delay type                Incr(ns)  Path(ns)    Netlist Resource(s)
  -------------------------------------------------------------------    -------------------
                         (clock clk_100 rise edge)    0.000     0.000 r  
    Y9                                                0.000     0.000 r  clk_100 (IN)
                         net (fo=0)                   0.000     0.000    i_audio/i_clocking/clk_100
    Y9                   IBUF (Prop_ibuf_I_O)         1.490     1.490 r  i_audio/i_clocking/clkin1_buf/O
                         net (fo=1, routed)           2.171     3.661    i_audio/i_clocking/o_CLK_100
    BUFGCTRL_X0Y0        BUFG (Prop_bufg_I_O)         0.101     3.762 r  i_audio/i_clocking/o_CLK_100_BUFG_inst/O
                         net (fo=1798, routed)        1.712     5.474    clk
    SLICE_X64Y27         FDRE                                         r  btn_s1_reg[0]/C
  -------------------------------------------------------------------    -------------------
    SLICE_X64Y27         FDRE (Prop_fdre_C_Q)         0.456     5.930 r  btn_s1_reg[0]/Q
                         net (fo=104, routed)         1.114     7.045    chan_l/i_delay_line/i_fifo/inst/gen_fifo.xpm_fifo_axis_inst/gaxis_rst_sync.xpm_cdc_sync_rst_inst/src_rst
    SLICE_X57Y26         FDRE                                         r  chan_l/i_delay_line/i_fifo/inst/gen_fifo.xpm_fifo_axis_inst/gaxis_rst_sync.xpm_cdc_sync_rst_inst/syncstages_ff_reg[0]/D
  -------------------------------------------------------------------    -------------------

                         (clock clk_100 rise edge)    0.000     0.000 r  
    Y9                                                0.000     0.000 r  clk_100 (IN)
                         net (fo=0)                   0.000     0.000    i_audio/i_clocking/clk_100
    Y9                   IBUF (Prop_ibuf_I_O)         1.420     1.420 r  i_audio/i_clocking/clkin1_buf/O
                         net (fo=1, routed)           1.972     3.392    i_audio/i_clocking/o_CLK_100
    BUFGCTRL_X0Y0        BUFG (Prop_bufg_I_O)         0.091     3.483 r  i_audio/i_clocking/o_CLK_100_BUFG_inst/O
                         net (fo=1798, routed)        1.536     5.019    chan_l/i_delay_line/i_fifo/inst/gen_fifo.xpm_fifo_axis_inst/gaxis_rst_sync.xpm_cdc_sync_rst_inst/dest_clk
    SLICE_X57Y26         FDRE                                         r  chan_l/i_delay_line/i_fifo/inst/gen_fifo.xpm_fifo_axis_inst/gaxis_rst_sync.xpm_cdc_sync_rst_inst/syncstages_ff_reg[0]/C





Min Delay Paths
--------------------------------------------------------------------------------------
Slack:                    inf
  Source:                 btn_s1_reg[0]/C
                            (rising edge-triggered cell FDRE clocked by clk_100  {rise@0.000ns fall@5.000ns period=10.000ns})
  Destination:            chan_l/i_delay_line/i_fifo/inst/gen_fifo.xpm_fifo_axis_inst/gaxis_rst_sync.xpm_cdc_sync_rst_inst/syncstages_ff_reg[0]/D
                            (rising edge-triggered cell FDRE clocked by clk_100  {rise@0.000ns fall@5.000ns period=10.000ns})
  Path Group:             (none)
  Path Type:              Hold (Min at Fast Process Corner)
  Data Path Delay:        0.541ns  (logic 0.141ns (26.055%)  route 0.400ns (73.945%))
  Logic Levels:           0  
  Clock Path Skew:        0.509ns (DCD - SCD - CPR)
    Destination Clock Delay (DCD):    2.029ns
    Source Clock Delay      (SCD):    1.520ns
    Clock Pessimism Removal (CPR):    -0.000ns
  Clock Uncertainty:      0.035ns  ((TSJ^2 + TIJ^2)^1/2 + DJ) / 2 + PE
    Total System Jitter     (TSJ):    0.071ns
    Total Input Jitter      (TIJ):    0.000ns
    Discrete Jitter          (DJ):    0.000ns
    Phase Error              (PE):    0.000ns
  Timing Exception:       False Path

    Location             Delay type                Incr(ns)  Path(ns)    Netlist Resource(s)
  -------------------------------------------------------------------    -------------------
                         (clock clk_100 rise edge)    0.000     0.000 r  
    Y9                                                0.000     0.000 r  clk_100 (IN)
                         net (fo=0)                   0.000     0.000    i_audio/i_clocking/clk_100
    Y9                   IBUF (Prop_ibuf_I_O)         0.258     0.258 r  i_audio/i_clocking/clkin1_buf/O
                         net (fo=1, routed)           0.663     0.921    i_audio/i_clocking/o_CLK_100
    BUFGCTRL_X0Y0        BUFG (Prop_bufg_I_O)         0.026     0.947 r  i_audio/i_clocking/o_CLK_100_BUFG_inst/O
                         net (fo=1798, routed)        0.573     1.520    clk
    SLICE_X64Y27         FDRE                                         r  btn_s1_reg[0]/C
  -------------------------------------------------------------------    -------------------
    SLICE_X64Y27         FDRE (Prop_fdre_C_Q)         0.141     1.661 r  btn_s1_reg[0]/Q
                         net (fo=104, routed)         0.400     2.061    chan_l/i_delay_line/i_fifo/inst/gen_fifo.xpm_fifo_axis_inst/gaxis_rst_sync.xpm_cdc_sync_rst_inst/src_rst
    SLICE_X57Y26         FDRE                                         r  chan_l/i_delay_line/i_fifo/inst/gen_fifo.xpm_fifo_axis_inst/gaxis_rst_sync.xpm_cdc_sync_rst_inst/syncstages_ff_reg[0]/D
  -------------------------------------------------------------------    -------------------

                         (clock clk_100 rise edge)    0.000     0.000 r  
    Y9                                                0.000     0.000 r  clk_100 (IN)
                         net (fo=0)                   0.000     0.000    i_audio/i_clocking/clk_100
    Y9                   IBUF (Prop_ibuf_I_O)         0.446     0.446 r  i_audio/i_clocking/clkin1_buf/O
                         net (fo=1, routed)           0.719     1.165    i_audio/i_clocking/o_CLK_100
    BUFGCTRL_X0Y0        BUFG (Prop_bufg_I_O)         0.029     1.194 r  i_audio/i_clocking/o_CLK_100_BUFG_inst/O
                         net (fo=1798, routed)        0.835     2.029    chan_l/i_delay_line/i_fifo/inst/gen_fifo.xpm_fifo_axis_inst/gaxis_rst_sync.xpm_cdc_sync_rst_inst/dest_clk
    SLICE_X57Y26         FDRE                                         r  chan_l/i_delay_line/i_fifo/inst/gen_fifo.xpm_fifo_axis_inst/gaxis_rst_sync.xpm_cdc_sync_rst_inst/syncstages_ff_reg[0]/C

Slack:                    inf
  Source:                 btn_s1_reg[0]/C
                            (rising edge-triggered cell FDRE clocked by clk_100  {rise@0.000ns fall@5.000ns period=10.000ns})
  Destination:            chan_r/i_delay_line/i_fifo/inst/gen_fifo.xpm_fifo_axis_inst/gaxis_rst_sync.xpm_cdc_sync_rst_inst/syncstages_ff_reg[0]/D
                            (rising edge-triggered cell FDRE clocked by clk_100  {rise@0.000ns fall@5.000ns period=10.000ns})
  Path Group:             (none)
  Path Type:              Hold (Min at Fast Process Corner)
  Data Path Delay:        2.034ns  (logic 0.141ns (6.933%)  route 1.893ns (93.067%))
  Logic Levels:           0  
  Clock Path Skew:        0.518ns (DCD - SCD - CPR)
    Destination Clock Delay (DCD):    2.038ns
    Source Clock Delay      (SCD):    1.520ns
    Clock Pessimism Removal (CPR):    -0.000ns
  Clock Uncertainty:      0.035ns  ((TSJ^2 + TIJ^2)^1/2 + DJ) / 2 + PE
    Total System Jitter     (TSJ):    0.071ns
    Total Input Jitter      (TIJ):    0.000ns
    Discrete Jitter          (DJ):    0.000ns
    Phase Error              (PE):    0.000ns
  Timing Exception:       False Path

    Location             Delay type                Incr(ns)  Path(ns)    Netlist Resource(s)
  -------------------------------------------------------------------    -------------------
                         (clock clk_100 rise edge)    0.000     0.000 r  
    Y9                                                0.000     0.000 r  clk_100 (IN)
                         net (fo=0)                   0.000     0.000    i_audio/i_clocking/clk_100
    Y9                   IBUF (Prop_ibuf_I_O)         0.258     0.258 r  i_audio/i_clocking/clkin1_buf/O
                         net (fo=1, routed)           0.663     0.921    i_audio/i_clocking/o_CLK_100
    BUFGCTRL_X0Y0        BUFG (Prop_bufg_I_O)         0.026     0.947 r  i_audio/i_clocking/o_CLK_100_BUFG_inst/O
                         net (fo=1798, routed)        0.573     1.520    clk
    SLICE_X64Y27         FDRE                                         r  btn_s1_reg[0]/C
  -------------------------------------------------------------------    -------------------
    SLICE_X64Y27         FDRE (Prop_fdre_C_Q)         0.141     1.661 r  btn_s1_reg[0]/Q
                         net (fo=104, routed)         1.893     3.554    chan_r/i_delay_line/i_fifo/inst/gen_fifo.xpm_fifo_axis_inst/gaxis_rst_sync.xpm_cdc_sync_rst_inst/src_rst
    SLICE_X28Y21         FDRE                                         r  chan_r/i_delay_line/i_fifo/inst/gen_fifo.xpm_fifo_axis_inst/gaxis_rst_sync.xpm_cdc_sync_rst_inst/syncstages_ff_reg[0]/D
  -------------------------------------------------------------------    -------------------

                         (clock clk_100 rise edge)    0.000     0.000 r  
    Y9                                                0.000     0.000 r  clk_100 (IN)
                         net (fo=0)                   0.000     0.000    i_audio/i_clocking/clk_100
    Y9                   IBUF (Prop_ibuf_I_O)         0.446     0.446 r  i_audio/i_clocking/clkin1_buf/O
                         net (fo=1, routed)           0.719     1.165    i_audio/i_clocking/o_CLK_100
    BUFGCTRL_X0Y0        BUFG (Prop_bufg_I_O)         0.029     1.194 r  i_audio/i_clocking/o_CLK_100_BUFG_inst/O
                         net (fo=1798, routed)        0.844     2.038    chan_r/i_delay_line/i_fifo/inst/gen_fifo.xpm_fifo_axis_inst/gaxis_rst_sync.xpm_cdc_sync_rst_inst/dest_clk
    SLICE_X28Y21         FDRE                                         r  chan_r/i_delay_line/i_fifo/inst/gen_fifo.xpm_fifo_axis_inst/gaxis_rst_sync.xpm_cdc_sync_rst_inst/syncstages_ff_reg[0]/C





--------------------------------------------------------------------------------------
Path Group:  (none)
From Clock:  zed_audio_clk_48M
  To Clock:  clk_100

Max Delay           109 Endpoints
Min Delay           109 Endpoints
--------------------------------------------------------------------------------------


Max Delay Paths
--------------------------------------------------------------------------------------
Slack:                    inf
  Source:                 i_audio/Inst_adau1761_izedboard/Inst_i2s_data_interface/audio_r_out_reg[23]/C
                            (rising edge-triggered cell FDRE clocked by zed_audio_clk_48M  {rise@0.000ns fall@10.417ns period=20.833ns})
  Destination:            i_audio/line_in_r_reg[23]/D
                            (rising edge-triggered cell FDRE clocked by clk_100  {rise@0.000ns fall@5.000ns period=10.000ns})
  Path Group:             (none)
  Path Type:              Setup (Max at Slow Process Corner)
  Data Path Delay:        2.203ns  (logic 0.518ns (23.511%)  route 1.685ns (76.489%))
  Logic Levels:           0  
  Clock Path Skew:        -4.264ns (DCD - SCD + CPR)
    Destination Clock Delay (DCD):    5.034ns
    Source Clock Delay      (SCD):    9.298ns
    Clock Pessimism Removal (CPR):    0.000ns
  Clock Uncertainty:      0.435ns  ((TSJ^2 + DJ^2)^1/2) / 2 + PE
    Total System Jitter     (TSJ):    0.071ns
    Discrete Jitter          (DJ):    0.267ns
    Phase Error              (PE):    0.297ns
  Timing Exception:       False Path

    Location             Delay type                Incr(ns)  Path(ns)    Netlist Resource(s)
  -------------------------------------------------------------------    -------------------
                         (clock zed_audio_clk_48M rise edge)
                                                      0.000     0.000 r  
    Y9                                                0.000     0.000 r  clk_100 (IN)
                         net (fo=0)                   0.000     0.000    i_audio/i_clocking/clk_100
    Y9                   IBUF (Prop_ibuf_I_O)         1.490     1.490 r  i_audio/i_clocking/clkin1_buf/O
                         net (fo=1, routed)           2.171     3.661    i_audio/i_clocking/o_CLK_100
    BUFGCTRL_X0Y0        BUFG (Prop_bufg_I_O)         0.101     3.762 r  i_audio/i_clocking/o_CLK_100_BUFG_inst/O
                         net (fo=1798, routed)        1.803     5.565    i_audio/i_clocking/o_CLK_100_BUFG
    MMCME2_ADV_X1Y0      MMCME2_ADV (Prop_mmcme2_adv_CLKIN1_CLKOUT0)
                                                      0.088     5.653 r  i_audio/i_clocking/mmcm_adv_inst/CLKOUT0
                         net (fo=1, routed)           1.889     7.542    i_audio/i_clocking/zed_audio_clk_48M
    BUFGCTRL_X0Y1        BUFG (Prop_bufg_I_O)         0.101     7.643 r  i_audio/i_clocking/clkout1_buf/O
                         net (fo=226, routed)         1.655     9.298    i_audio/Inst_adau1761_izedboard/Inst_i2s_data_interface/CLK_48
    SLICE_X36Y18         FDRE                                         r  i_audio/Inst_adau1761_izedboard/Inst_i2s_data_interface/audio_r_out_reg[23]/C
  -------------------------------------------------------------------    -------------------
    SLICE_X36Y18         FDRE (Prop_fdre_C_Q)         0.518     9.816 r  i_audio/Inst_adau1761_izedboard/Inst_i2s_data_interface/audio_r_out_reg[23]/Q
                         net (fo=8, routed)           1.685    11.502    i_audio/audio_r_out_reg[23][23]
    SLICE_X28Y24         FDRE                                         r  i_audio/line_in_r_reg[23]/D
  -------------------------------------------------------------------    -------------------

                         (clock clk_100 rise edge)    0.000     0.000 r  
    Y9                                                0.000     0.000 r  clk_100 (IN)
                         net (fo=0)                   0.000     0.000    i_audio/i_clocking/clk_100
    Y9                   IBUF (Prop_ibuf_I_O)         1.420     1.420 r  i_audio/i_clocking/clkin1_buf/O
                         net (fo=1, routed)           1.972     3.392    i_audio/i_clocking/o_CLK_100
    BUFGCTRL_X0Y0        BUFG (Prop_bufg_I_O)         0.091     3.483 r  i_audio/i_clocking/o_CLK_100_BUFG_inst/O
                         net (fo=1798, routed)        1.551     5.034    i_audio/clk_100_bufg
    SLICE_X28Y24         FDRE                                         r  i_audio/line_in_r_reg[23]/C

Slack:                    inf
  Source:                 i_audio/Inst_adau1761_izedboard/Inst_i2s_data_interface/audio_l_out_reg[0]/C
                            (rising edge-triggered cell FDRE clocked by zed_audio_clk_48M  {rise@0.000ns fall@10.417ns period=20.833ns})
  Destination:            chan_l/p_dry_reg/A[0]
                            (rising edge-triggered cell DSP48E1 clocked by clk_100  {rise@0.000ns fall@5.000ns period=10.000ns})
  Path Group:             (none)
  Path Type:              Setup (Max at Slow Process Corner)
  Data Path Delay:        2.087ns  (logic 0.456ns (21.852%)  route 1.631ns (78.148%))
  Logic Levels:           0  
  Clock Path Skew:        -4.186ns (DCD - SCD + CPR)
    Destination Clock Delay (DCD):    5.177ns
    Source Clock Delay      (SCD):    9.362ns
    Clock Pessimism Removal (CPR):    0.000ns
  Clock Uncertainty:      0.435ns  ((TSJ^2 + DJ^2)^1/2) / 2 + PE
    Total System Jitter     (TSJ):    0.071ns
    Discrete Jitter          (DJ):    0.267ns
    Phase Error              (PE):    0.297ns
  Timing Exception:       False Path

    Location             Delay type                Incr(ns)  Path(ns)    Netlist Resource(s)
  -------------------------------------------------------------------    -------------------
                         (clock zed_audio_clk_48M rise edge)
                                                      0.000     0.000 r  
    Y9                                                0.000     0.000 r  clk_100 (IN)
                         net (fo=0)                   0.000     0.000    i_audio/i_clocking/clk_100
    Y9                   IBUF (Prop_ibuf_I_O)         1.490     1.490 r  i_audio/i_clocking/clkin1_buf/O
                         net (fo=1, routed)           2.171     3.661    i_audio/i_clocking/o_CLK_100
    BUFGCTRL_X0Y0        BUFG (Prop_bufg_I_O)         0.101     3.762 r  i_audio/i_clocking/o_CLK_100_BUFG_inst/O
                         net (fo=1798, routed)        1.803     5.565    i_audio/i_clocking/o_CLK_100_BUFG
    MMCME2_ADV_X1Y0      MMCME2_ADV (Prop_mmcme2_adv_CLKIN1_CLKOUT0)
                                                      0.088     5.653 r  i_audio/i_clocking/mmcm_adv_inst/CLKOUT0
                         net (fo=1, routed)           1.889     7.542    i_audio/i_clocking/zed_audio_clk_48M
    BUFGCTRL_X0Y1        BUFG (Prop_bufg_I_O)         0.101     7.643 r  i_audio/i_clocking/clkout1_buf/O
                         net (fo=226, routed)         1.719     9.362    i_audio/Inst_adau1761_izedboard/Inst_i2s_data_interface/CLK_48
    SLICE_X63Y17         FDRE                                         r  i_audio/Inst_adau1761_izedboard/Inst_i2s_data_interface/audio_l_out_reg[0]/C
  -------------------------------------------------------------------    -------------------
    SLICE_X63Y17         FDRE (Prop_fdre_C_Q)         0.456     9.818 r  i_audio/Inst_adau1761_izedboard/Inst_i2s_data_interface/audio_l_out_reg[0]/Q
                         net (fo=2, routed)           1.631    11.449    chan_l/p_dry_reg_0[0]
    DSP48_X3Y9           DSP48E1                                      r  chan_l/p_dry_reg/A[0]
  -------------------------------------------------------------------    -------------------

                         (clock clk_100 rise edge)    0.000     0.000 r  
    Y9                                                0.000     0.000 r  clk_100 (IN)
                         net (fo=0)                   0.000     0.000    i_audio/i_clocking/clk_100
    Y9                   IBUF (Prop_ibuf_I_O)         1.420     1.420 r  i_audio/i_clocking/clkin1_buf/O
                         net (fo=1, routed)           1.972     3.392    i_audio/i_clocking/o_CLK_100
    BUFGCTRL_X0Y0        BUFG (Prop_bufg_I_O)         0.091     3.483 r  i_audio/i_clocking/o_CLK_100_BUFG_inst/O
                         net (fo=1798, routed)        1.694     5.177    chan_l/o_clk_100
    DSP48_X3Y9           DSP48E1                                      r  chan_l/p_dry_reg/CLK

Slack:                    inf
  Source:                 i_audio/Inst_adau1761_izedboard/Inst_i2s_data_interface/audio_l_out_reg[22]/C
                            (rising edge-triggered cell FDRE clocked by zed_audio_clk_48M  {rise@0.000ns fall@10.417ns period=20.833ns})
  Destination:            chan_l/p_dry_reg/A[22]
                            (rising edge-triggered cell DSP48E1 clocked by clk_100  {rise@0.000ns fall@5.000ns period=10.000ns})
  Path Group:             (none)
  Path Type:              Setup (Max at Slow Process Corner)
  Data Path Delay:        1.999ns  (logic 0.518ns (25.917%)  route 1.481ns (74.083%))
  Logic Levels:           0  
  Clock Path Skew:        -4.190ns (DCD - SCD + CPR)
    Destination Clock Delay (DCD):    5.177ns
    Source Clock Delay      (SCD):    9.366ns
    Clock Pessimism Removal (CPR):    0.000ns
  Clock Uncertainty:      0.435ns  ((TSJ^2 + DJ^2)^1/2) / 2 + PE
    Total System Jitter     (TSJ):    0.071ns
    Discrete Jitter          (DJ):    0.267ns
    Phase Error              (PE):    0.297ns
  Timing Exception:       False Path

    Location             Delay type                Incr(ns)  Path(ns)    Netlist Resource(s)
  -------------------------------------------------------------------    -------------------
                         (clock zed_audio_clk_48M rise edge)
                                                      0.000     0.000 r  
    Y9                                                0.000     0.000 r  clk_100 (IN)
                         net (fo=0)                   0.000     0.000    i_audio/i_clocking/clk_100
    Y9                   IBUF (Prop_ibuf_I_O)         1.490     1.490 r  i_audio/i_clocking/clkin1_buf/O
                         net (fo=1, routed)           2.171     3.661    i_audio/i_clocking/o_CLK_100
    BUFGCTRL_X0Y0        BUFG (Prop_bufg_I_O)         0.101     3.762 r  i_audio/i_clocking/o_CLK_100_BUFG_inst/O
                         net (fo=1798, routed)        1.803     5.565    i_audio/i_clocking/o_CLK_100_BUFG
    MMCME2_ADV_X1Y0      MMCME2_ADV (Prop_mmcme2_adv_CLKIN1_CLKOUT0)
                                                      0.088     5.653 r  i_audio/i_clocking/mmcm_adv_inst/CLKOUT0
                         net (fo=1, routed)           1.889     7.542    i_audio/i_clocking/zed_audio_clk_48M
    BUFGCTRL_X0Y1        BUFG (Prop_bufg_I_O)         0.101     7.643 r  i_audio/i_clocking/clkout1_buf/O
                         net (fo=226, routed)         1.723     9.366    i_audio/Inst_adau1761_izedboard/Inst_i2s_data_interface/CLK_48
    SLICE_X82Y20         FDRE                                         r  i_audio/Inst_adau1761_izedboard/Inst_i2s_data_interface/audio_l_out_reg[22]/C
  -------------------------------------------------------------------    -------------------
    SLICE_X82Y20         FDRE (Prop_fdre_C_Q)         0.518     9.884 r  i_audio/Inst_adau1761_izedboard/Inst_i2s_data_interface/audio_l_out_reg[22]/Q
                         net (fo=2, routed)           1.481    11.365    chan_l/p_dry_reg_0[22]
    DSP48_X3Y9           DSP48E1                                      r  chan_l/p_dry_reg/A[22]
  -------------------------------------------------------------------    -------------------

                         (clock clk_100 rise edge)    0.000     0.000 r  
    Y9                                                0.000     0.000 r  clk_100 (IN)
                         net (fo=0)                   0.000     0.000    i_audio/i_clocking/clk_100
    Y9                   IBUF (Prop_ibuf_I_O)         1.420     1.420 r  i_audio/i_clocking/clkin1_buf/O
                         net (fo=1, routed)           1.972     3.392    i_audio/i_clocking/o_CLK_100
    BUFGCTRL_X0Y0        BUFG (Prop_bufg_I_O)         0.091     3.483 r  i_audio/i_clocking/o_CLK_100_BUFG_inst/O
                         net (fo=1798, routed)        1.694     5.177    chan_l/o_clk_100
    DSP48_X3Y9           DSP48E1                                      r  chan_l/p_dry_reg/CLK

Slack:                    inf
  Source:                 i_audio/Inst_adau1761_izedboard/Inst_i2s_data_interface/audio_l_out_reg[1]/C
                            (rising edge-triggered cell FDRE clocked by zed_audio_clk_48M  {rise@0.000ns fall@10.417ns period=20.833ns})
  Destination:            chan_l/p_dry_reg/A[1]
                            (rising edge-triggered cell DSP48E1 clocked by clk_100  {rise@0.000ns fall@5.000ns period=10.000ns})
  Path Group:             (none)
  Path Type:              Setup (Max at Slow Process Corner)
  Data Path Delay:        1.928ns  (logic 0.456ns (23.654%)  route 1.472ns (76.346%))
  Logic Levels:           0  
  Clock Path Skew:        -4.186ns (DCD - SCD + CPR)
    Destination Clock Delay (DCD):    5.177ns
    Source Clock Delay      (SCD):    9.362ns
    Clock Pessimism Removal (CPR):    0.000ns
  Clock Uncertainty:      0.435ns  ((TSJ^2 + DJ^2)^1/2) / 2 + PE
    Total System Jitter     (TSJ):    0.071ns
    Discrete Jitter          (DJ):    0.267ns
    Phase Error              (PE):    0.297ns
  Timing Exception:       False Path

    Location             Delay type                Incr(ns)  Path(ns)    Netlist Resource(s)
  -------------------------------------------------------------------    -------------------
                         (clock zed_audio_clk_48M rise edge)
                                                      0.000     0.000 r  
    Y9                                                0.000     0.000 r  clk_100 (IN)
                         net (fo=0)                   0.000     0.000    i_audio/i_clocking/clk_100
    Y9                   IBUF (Prop_ibuf_I_O)         1.490     1.490 r  i_audio/i_clocking/clkin1_buf/O
                         net (fo=1, routed)           2.171     3.661    i_audio/i_clocking/o_CLK_100
    BUFGCTRL_X0Y0        BUFG (Prop_bufg_I_O)         0.101     3.762 r  i_audio/i_clocking/o_CLK_100_BUFG_inst/O
                         net (fo=1798, routed)        1.803     5.565    i_audio/i_clocking/o_CLK_100_BUFG
    MMCME2_ADV_X1Y0      MMCME2_ADV (Prop_mmcme2_adv_CLKIN1_CLKOUT0)
                                                      0.088     5.653 r  i_audio/i_clocking/mmcm_adv_inst/CLKOUT0
                         net (fo=1, routed)           1.889     7.542    i_audio/i_clocking/zed_audio_clk_48M
    BUFGCTRL_X0Y1        BUFG (Prop_bufg_I_O)         0.101     7.643 r  i_audio/i_clocking/clkout1_buf/O
                         net (fo=226, routed)         1.719     9.362    i_audio/Inst_adau1761_izedboard/Inst_i2s_data_interface/CLK_48
    SLICE_X68Y18         FDRE                                         r  i_audio/Inst_adau1761_izedboard/Inst_i2s_data_interface/audio_l_out_reg[1]/C
  -------------------------------------------------------------------    -------------------
    SLICE_X68Y18         FDRE (Prop_fdre_C_Q)         0.456     9.818 r  i_audio/Inst_adau1761_izedboard/Inst_i2s_data_interface/audio_l_out_reg[1]/Q
                         net (fo=2, routed)           1.472    11.290    chan_l/p_dry_reg_0[1]
    DSP48_X3Y9           DSP48E1                                      r  chan_l/p_dry_reg/A[1]
  -------------------------------------------------------------------    -------------------

                         (clock clk_100 rise edge)    0.000     0.000 r  
    Y9                                                0.000     0.000 r  clk_100 (IN)
                         net (fo=0)                   0.000     0.000    i_audio/i_clocking/clk_100
    Y9                   IBUF (Prop_ibuf_I_O)         1.420     1.420 r  i_audio/i_clocking/clkin1_buf/O
                         net (fo=1, routed)           1.972     3.392    i_audio/i_clocking/o_CLK_100
    BUFGCTRL_X0Y0        BUFG (Prop_bufg_I_O)         0.091     3.483 r  i_audio/i_clocking/o_CLK_100_BUFG_inst/O
                         net (fo=1798, routed)        1.694     5.177    chan_l/o_clk_100
    DSP48_X3Y9           DSP48E1                                      r  chan_l/p_dry_reg/CLK

Slack:                    inf
  Source:                 i_audio/Inst_adau1761_izedboard/Inst_i2s_data_interface/audio_l_out_reg[13]/C
                            (rising edge-triggered cell FDRE clocked by zed_audio_clk_48M  {rise@0.000ns fall@10.417ns period=20.833ns})
  Destination:            chan_l/p_dry_reg/A[13]
                            (rising edge-triggered cell DSP48E1 clocked by clk_100  {rise@0.000ns fall@5.000ns period=10.000ns})
  Path Group:             (none)
  Path Type:              Setup (Max at Slow Process Corner)
  Data Path Delay:        1.894ns  (logic 0.456ns (24.074%)  route 1.438ns (75.926%))
  Logic Levels:           0  
  Clock Path Skew:        -4.186ns (DCD - SCD + CPR)
    Destination Clock Delay (DCD):    5.177ns
    Source Clock Delay      (SCD):    9.362ns
    Clock Pessimism Removal (CPR):    0.000ns
  Clock Uncertainty:      0.435ns  ((TSJ^2 + DJ^2)^1/2) / 2 + PE
    Total System Jitter     (TSJ):    0.071ns
    Discrete Jitter          (DJ):    0.267ns
    Phase Error              (PE):    0.297ns
  Timing Exception:       False Path

    Location             Delay type                Incr(ns)  Path(ns)    Netlist Resource(s)
  -------------------------------------------------------------------    -------------------
                         (clock zed_audio_clk_48M rise edge)
                                                      0.000     0.000 r  
    Y9                                                0.000     0.000 r  clk_100 (IN)
                         net (fo=0)                   0.000     0.000    i_audio/i_clocking/clk_100
    Y9                   IBUF (Prop_ibuf_I_O)         1.490     1.490 r  i_audio/i_clocking/clkin1_buf/O
                         net (fo=1, routed)           2.171     3.661    i_audio/i_clocking/o_CLK_100
    BUFGCTRL_X0Y0        BUFG (Prop_bufg_I_O)         0.101     3.762 r  i_audio/i_clocking/o_CLK_100_BUFG_inst/O
                         net (fo=1798, routed)        1.803     5.565    i_audio/i_clocking/o_CLK_100_BUFG
    MMCME2_ADV_X1Y0      MMCME2_ADV (Prop_mmcme2_adv_CLKIN1_CLKOUT0)
                                                      0.088     5.653 r  i_audio/i_clocking/mmcm_adv_inst/CLKOUT0
                         net (fo=1, routed)           1.889     7.542    i_audio/i_clocking/zed_audio_clk_48M
    BUFGCTRL_X0Y1        BUFG (Prop_bufg_I_O)         0.101     7.643 r  i_audio/i_clocking/clkout1_buf/O
                         net (fo=226, routed)         1.719     9.362    i_audio/Inst_adau1761_izedboard/Inst_i2s_data_interface/CLK_48
    SLICE_X84Y22         FDRE                                         r  i_audio/Inst_adau1761_izedboard/Inst_i2s_data_interface/audio_l_out_reg[13]/C
  -------------------------------------------------------------------    -------------------
    SLICE_X84Y22         FDRE (Prop_fdre_C_Q)         0.456     9.818 r  i_audio/Inst_adau1761_izedboard/Inst_i2s_data_interface/audio_l_out_reg[13]/Q
                         net (fo=2, routed)           1.438    11.257    chan_l/p_dry_reg_0[13]
    DSP48_X3Y9           DSP48E1                                      r  chan_l/p_dry_reg/A[13]
  -------------------------------------------------------------------    -------------------

                         (clock clk_100 rise edge)    0.000     0.000 r  
    Y9                                                0.000     0.000 r  clk_100 (IN)
                         net (fo=0)                   0.000     0.000    i_audio/i_clocking/clk_100
    Y9                   IBUF (Prop_ibuf_I_O)         1.420     1.420 r  i_audio/i_clocking/clkin1_buf/O
                         net (fo=1, routed)           1.972     3.392    i_audio/i_clocking/o_CLK_100
    BUFGCTRL_X0Y0        BUFG (Prop_bufg_I_O)         0.091     3.483 r  i_audio/i_clocking/o_CLK_100_BUFG_inst/O
                         net (fo=1798, routed)        1.694     5.177    chan_l/o_clk_100
    DSP48_X3Y9           DSP48E1                                      r  chan_l/p_dry_reg/CLK

Slack:                    inf
  Source:                 i_audio/Inst_adau1761_izedboard/Inst_i2s_data_interface/audio_l_out_reg[2]/C
                            (rising edge-triggered cell FDRE clocked by zed_audio_clk_48M  {rise@0.000ns fall@10.417ns period=20.833ns})
  Destination:            chan_l/p_dry_reg/A[2]
                            (rising edge-triggered cell DSP48E1 clocked by clk_100  {rise@0.000ns fall@5.000ns period=10.000ns})
  Path Group:             (none)
  Path Type:              Setup (Max at Slow Process Corner)
  Data Path Delay:        1.878ns  (logic 0.456ns (24.279%)  route 1.422ns (75.721%))
  Logic Levels:           0  
  Clock Path Skew:        -4.184ns (DCD - SCD + CPR)
    Destination Clock Delay (DCD):    5.177ns
    Source Clock Delay      (SCD):    9.360ns
    Clock Pessimism Removal (CPR):    0.000ns
  Clock Uncertainty:      0.435ns  ((TSJ^2 + DJ^2)^1/2) / 2 + PE
    Total System Jitter     (TSJ):    0.071ns
    Discrete Jitter          (DJ):    0.267ns
    Phase Error              (PE):    0.297ns
  Timing Exception:       False Path

    Location             Delay type                Incr(ns)  Path(ns)    Netlist Resource(s)
  -------------------------------------------------------------------    -------------------
                         (clock zed_audio_clk_48M rise edge)
                                                      0.000     0.000 r  
    Y9                                                0.000     0.000 r  clk_100 (IN)
                         net (fo=0)                   0.000     0.000    i_audio/i_clocking/clk_100
    Y9                   IBUF (Prop_ibuf_I_O)         1.490     1.490 r  i_audio/i_clocking/clkin1_buf/O
                         net (fo=1, routed)           2.171     3.661    i_audio/i_clocking/o_CLK_100
    BUFGCTRL_X0Y0        BUFG (Prop_bufg_I_O)         0.101     3.762 r  i_audio/i_clocking/o_CLK_100_BUFG_inst/O
                         net (fo=1798, routed)        1.803     5.565    i_audio/i_clocking/o_CLK_100_BUFG
    MMCME2_ADV_X1Y0      MMCME2_ADV (Prop_mmcme2_adv_CLKIN1_CLKOUT0)
                                                      0.088     5.653 r  i_audio/i_clocking/mmcm_adv_inst/CLKOUT0
                         net (fo=1, routed)           1.889     7.542    i_audio/i_clocking/zed_audio_clk_48M
    BUFGCTRL_X0Y1        BUFG (Prop_bufg_I_O)         0.101     7.643 r  i_audio/i_clocking/clkout1_buf/O
                         net (fo=226, routed)         1.717     9.360    i_audio/Inst_adau1761_izedboard/Inst_i2s_data_interface/CLK_48
    SLICE_X68Y20         FDRE                                         r  i_audio/Inst_adau1761_izedboard/Inst_i2s_data_interface/audio_l_out_reg[2]/C
  -------------------------------------------------------------------    -------------------
    SLICE_X68Y20         FDRE (Prop_fdre_C_Q)         0.456     9.816 r  i_audio/Inst_adau1761_izedboard/Inst_i2s_data_interface/audio_l_out_reg[2]/Q
                         net (fo=2, routed)           1.422    11.239    chan_l/p_dry_reg_0[2]
    DSP48_X3Y9           DSP48E1                                      r  chan_l/p_dry_reg/A[2]
  -------------------------------------------------------------------    -------------------

                         (clock clk_100 rise edge)    0.000     0.000 r  
    Y9                                                0.000     0.000 r  clk_100 (IN)
                         net (fo=0)                   0.000     0.000    i_audio/i_clocking/clk_100
    Y9                   IBUF (Prop_ibuf_I_O)         1.420     1.420 r  i_audio/i_clocking/clkin1_buf/O
                         net (fo=1, routed)           1.972     3.392    i_audio/i_clocking/o_CLK_100
    BUFGCTRL_X0Y0        BUFG (Prop_bufg_I_O)         0.091     3.483 r  i_audio/i_clocking/o_CLK_100_BUFG_inst/O
                         net (fo=1798, routed)        1.694     5.177    chan_l/o_clk_100
    DSP48_X3Y9           DSP48E1                                      r  chan_l/p_dry_reg/CLK

Slack:                    inf
  Source:                 i_audio/Inst_adau1761_izedboard/Inst_i2s_data_interface/audio_l_out_reg[23]/C
                            (rising edge-triggered cell FDRE clocked by zed_audio_clk_48M  {rise@0.000ns fall@10.417ns period=20.833ns})
  Destination:            chan_l/p_dry_reg/A[28]
                            (rising edge-triggered cell DSP48E1 clocked by clk_100  {rise@0.000ns fall@5.000ns period=10.000ns})
  Path Group:             (none)
  Path Type:              Setup (Max at Slow Process Corner)
  Data Path Delay:        1.802ns  (logic 0.518ns (28.747%)  route 1.284ns (71.253%))
  Logic Levels:           0  
  Clock Path Skew:        -4.190ns (DCD - SCD + CPR)
    Destination Clock Delay (DCD):    5.177ns
    Source Clock Delay      (SCD):    9.366ns
    Clock Pessimism Removal (CPR):    0.000ns
  Clock Uncertainty:      0.435ns  ((TSJ^2 + DJ^2)^1/2) / 2 + PE
    Total System Jitter     (TSJ):    0.071ns
    Discrete Jitter          (DJ):    0.267ns
    Phase Error              (PE):    0.297ns
  Timing Exception:       False Path

    Location             Delay type                Incr(ns)  Path(ns)    Netlist Resource(s)
  -------------------------------------------------------------------    -------------------
                         (clock zed_audio_clk_48M rise edge)
                                                      0.000     0.000 r  
    Y9                                                0.000     0.000 r  clk_100 (IN)
                         net (fo=0)                   0.000     0.000    i_audio/i_clocking/clk_100
    Y9                   IBUF (Prop_ibuf_I_O)         1.490     1.490 r  i_audio/i_clocking/clkin1_buf/O
                         net (fo=1, routed)           2.171     3.661    i_audio/i_clocking/o_CLK_100
    BUFGCTRL_X0Y0        BUFG (Prop_bufg_I_O)         0.101     3.762 r  i_audio/i_clocking/o_CLK_100_BUFG_inst/O
                         net (fo=1798, routed)        1.803     5.565    i_audio/i_clocking/o_CLK_100_BUFG
    MMCME2_ADV_X1Y0      MMCME2_ADV (Prop_mmcme2_adv_CLKIN1_CLKOUT0)
                                                      0.088     5.653 r  i_audio/i_clocking/mmcm_adv_inst/CLKOUT0
                         net (fo=1, routed)           1.889     7.542    i_audio/i_clocking/zed_audio_clk_48M
    BUFGCTRL_X0Y1        BUFG (Prop_bufg_I_O)         0.101     7.643 r  i_audio/i_clocking/clkout1_buf/O
                         net (fo=226, routed)         1.723     9.366    i_audio/Inst_adau1761_izedboard/Inst_i2s_data_interface/CLK_48
    SLICE_X82Y20         FDRE                                         r  i_audio/Inst_adau1761_izedboard/Inst_i2s_data_interface/audio_l_out_reg[23]/C
  -------------------------------------------------------------------    -------------------
    SLICE_X82Y20         FDRE (Prop_fdre_C_Q)         0.518     9.884 r  i_audio/Inst_adau1761_izedboard/Inst_i2s_data_interface/audio_l_out_reg[23]/Q
                         net (fo=8, routed)           1.284    11.168    chan_l/p_dry_reg_0[23]
    DSP48_X3Y9           DSP48E1                                      r  chan_l/p_dry_reg/A[28]
  -------------------------------------------------------------------    -------------------

                         (clock clk_100 rise edge)    0.000     0.000 r  
    Y9                                                0.000     0.000 r  clk_100 (IN)
                         net (fo=0)                   0.000     0.000    i_audio/i_clocking/clk_100
    Y9                   IBUF (Prop_ibuf_I_O)         1.420     1.420 r  i_audio/i_clocking/clkin1_buf/O
                         net (fo=1, routed)           1.972     3.392    i_audio/i_clocking/o_CLK_100
    BUFGCTRL_X0Y0        BUFG (Prop_bufg_I_O)         0.091     3.483 r  i_audio/i_clocking/o_CLK_100_BUFG_inst/O
                         net (fo=1798, routed)        1.694     5.177    chan_l/o_clk_100
    DSP48_X3Y9           DSP48E1                                      r  chan_l/p_dry_reg/CLK

Slack:                    inf
  Source:                 i_audio/Inst_adau1761_izedboard/Inst_i2s_data_interface/audio_l_out_reg[23]/C
                            (rising edge-triggered cell FDRE clocked by zed_audio_clk_48M  {rise@0.000ns fall@10.417ns period=20.833ns})
  Destination:            chan_l/p_dry_reg/A[29]
                            (rising edge-triggered cell DSP48E1 clocked by clk_100  {rise@0.000ns fall@5.000ns period=10.000ns})
  Path Group:             (none)
  Path Type:              Setup (Max at Slow Process Corner)
  Data Path Delay:        1.802ns  (logic 0.518ns (28.747%)  route 1.284ns (71.253%))
  Logic Levels:           0  
  Clock Path Skew:        -4.190ns (DCD - SCD + CPR)
    Destination Clock Delay (DCD):    5.177ns
    Source Clock Delay      (SCD):    9.366ns
    Clock Pessimism Removal (CPR):    0.000ns
  Clock Uncertainty:      0.435ns  ((TSJ^2 + DJ^2)^1/2) / 2 + PE
    Total System Jitter     (TSJ):    0.071ns
    Discrete Jitter          (DJ):    0.267ns
    Phase Error              (PE):    0.297ns
  Timing Exception:       False Path

    Location             Delay type                Incr(ns)  Path(ns)    Netlist Resource(s)
  -------------------------------------------------------------------    -------------------
                         (clock zed_audio_clk_48M rise edge)
                                                      0.000     0.000 r  
    Y9                                                0.000     0.000 r  clk_100 (IN)
                         net (fo=0)                   0.000     0.000    i_audio/i_clocking/clk_100
    Y9                   IBUF (Prop_ibuf_I_O)         1.490     1.490 r  i_audio/i_clocking/clkin1_buf/O
                         net (fo=1, routed)           2.171     3.661    i_audio/i_clocking/o_CLK_100
    BUFGCTRL_X0Y0        BUFG (Prop_bufg_I_O)         0.101     3.762 r  i_audio/i_clocking/o_CLK_100_BUFG_inst/O
                         net (fo=1798, routed)        1.803     5.565    i_audio/i_clocking/o_CLK_100_BUFG
    MMCME2_ADV_X1Y0      MMCME2_ADV (Prop_mmcme2_adv_CLKIN1_CLKOUT0)
                                                      0.088     5.653 r  i_audio/i_clocking/mmcm_adv_inst/CLKOUT0
                         net (fo=1, routed)           1.889     7.542    i_audio/i_clocking/zed_audio_clk_48M
    BUFGCTRL_X0Y1        BUFG (Prop_bufg_I_O)         0.101     7.643 r  i_audio/i_clocking/clkout1_buf/O
                         net (fo=226, routed)         1.723     9.366    i_audio/Inst_adau1761_izedboard/Inst_i2s_data_interface/CLK_48
    SLICE_X82Y20         FDRE                                         r  i_audio/Inst_adau1761_izedboard/Inst_i2s_data_interface/audio_l_out_reg[23]/C
  -------------------------------------------------------------------    -------------------
    SLICE_X82Y20         FDRE (Prop_fdre_C_Q)         0.518     9.884 r  i_audio/Inst_adau1761_izedboard/Inst_i2s_data_interface/audio_l_out_reg[23]/Q
                         net (fo=8, routed)           1.284    11.168    chan_l/p_dry_reg_0[23]
    DSP48_X3Y9           DSP48E1                                      r  chan_l/p_dry_reg/A[29]
  -------------------------------------------------------------------    -------------------

                         (clock clk_100 rise edge)    0.000     0.000 r  
    Y9                                                0.000     0.000 r  clk_100 (IN)
                         net (fo=0)                   0.000     0.000    i_audio/i_clocking/clk_100
    Y9                   IBUF (Prop_ibuf_I_O)         1.420     1.420 r  i_audio/i_clocking/clkin1_buf/O
                         net (fo=1, routed)           1.972     3.392    i_audio/i_clocking/o_CLK_100
    BUFGCTRL_X0Y0        BUFG (Prop_bufg_I_O)         0.091     3.483 r  i_audio/i_clocking/o_CLK_100_BUFG_inst/O
                         net (fo=1798, routed)        1.694     5.177    chan_l/o_clk_100
    DSP48_X3Y9           DSP48E1                                      r  chan_l/p_dry_reg/CLK

Slack:                    inf
  Source:                 i_audio/Inst_adau1761_izedboard/Inst_i2s_data_interface/audio_l_out_reg[6]/C
                            (rising edge-triggered cell FDRE clocked by zed_audio_clk_48M  {rise@0.000ns fall@10.417ns period=20.833ns})
  Destination:            chan_l/p_dry_reg/A[6]
                            (rising edge-triggered cell DSP48E1 clocked by clk_100  {rise@0.000ns fall@5.000ns period=10.000ns})
  Path Group:             (none)
  Path Type:              Setup (Max at Slow Process Corner)
  Data Path Delay:        1.785ns  (logic 0.478ns (26.784%)  route 1.307ns (73.216%))
  Logic Levels:           0  
  Clock Path Skew:        -4.190ns (DCD - SCD + CPR)
    Destination Clock Delay (DCD):    5.177ns
    Source Clock Delay      (SCD):    9.366ns
    Clock Pessimism Removal (CPR):    0.000ns
  Clock Uncertainty:      0.435ns  ((TSJ^2 + DJ^2)^1/2) / 2 + PE
    Total System Jitter     (TSJ):    0.071ns
    Discrete Jitter          (DJ):    0.267ns
    Phase Error              (PE):    0.297ns
  Timing Exception:       False Path

    Location             Delay type                Incr(ns)  Path(ns)    Netlist Resource(s)
  -------------------------------------------------------------------    -------------------
                         (clock zed_audio_clk_48M rise edge)
                                                      0.000     0.000 r  
    Y9                                                0.000     0.000 r  clk_100 (IN)
                         net (fo=0)                   0.000     0.000    i_audio/i_clocking/clk_100
    Y9                   IBUF (Prop_ibuf_I_O)         1.490     1.490 r  i_audio/i_clocking/clkin1_buf/O
                         net (fo=1, routed)           2.171     3.661    i_audio/i_clocking/o_CLK_100
    BUFGCTRL_X0Y0        BUFG (Prop_bufg_I_O)         0.101     3.762 r  i_audio/i_clocking/o_CLK_100_BUFG_inst/O
                         net (fo=1798, routed)        1.803     5.565    i_audio/i_clocking/o_CLK_100_BUFG
    MMCME2_ADV_X1Y0      MMCME2_ADV (Prop_mmcme2_adv_CLKIN1_CLKOUT0)
                                                      0.088     5.653 r  i_audio/i_clocking/mmcm_adv_inst/CLKOUT0
                         net (fo=1, routed)           1.889     7.542    i_audio/i_clocking/zed_audio_clk_48M
    BUFGCTRL_X0Y1        BUFG (Prop_bufg_I_O)         0.101     7.643 r  i_audio/i_clocking/clkout1_buf/O
                         net (fo=226, routed)         1.723     9.366    i_audio/Inst_adau1761_izedboard/Inst_i2s_data_interface/CLK_48
    SLICE_X82Y20         FDRE                                         r  i_audio/Inst_adau1761_izedboard/Inst_i2s_data_interface/audio_l_out_reg[6]/C
  -------------------------------------------------------------------    -------------------
    SLICE_X82Y20         FDRE (Prop_fdre_C_Q)         0.478     9.844 r  i_audio/Inst_adau1761_izedboard/Inst_i2s_data_interface/audio_l_out_reg[6]/Q
                         net (fo=2, routed)           1.307    11.151    chan_l/p_dry_reg_0[6]
    DSP48_X3Y9           DSP48E1                                      r  chan_l/p_dry_reg/A[6]
  -------------------------------------------------------------------    -------------------

                         (clock clk_100 rise edge)    0.000     0.000 r  
    Y9                                                0.000     0.000 r  clk_100 (IN)
                         net (fo=0)                   0.000     0.000    i_audio/i_clocking/clk_100
    Y9                   IBUF (Prop_ibuf_I_O)         1.420     1.420 r  i_audio/i_clocking/clkin1_buf/O
                         net (fo=1, routed)           1.972     3.392    i_audio/i_clocking/o_CLK_100
    BUFGCTRL_X0Y0        BUFG (Prop_bufg_I_O)         0.091     3.483 r  i_audio/i_clocking/o_CLK_100_BUFG_inst/O
                         net (fo=1798, routed)        1.694     5.177    chan_l/o_clk_100
    DSP48_X3Y9           DSP48E1                                      r  chan_l/p_dry_reg/CLK

Slack:                    inf
  Source:                 i_audio/Inst_adau1761_izedboard/Inst_i2s_data_interface/audio_l_out_reg[21]/C
                            (rising edge-triggered cell FDRE clocked by zed_audio_clk_48M  {rise@0.000ns fall@10.417ns period=20.833ns})
  Destination:            i_audio/line_in_l_reg[21]/D
                            (rising edge-triggered cell FDRE clocked by clk_100  {rise@0.000ns fall@5.000ns period=10.000ns})
  Path Group:             (none)
  Path Type:              Setup (Max at Slow Process Corner)
  Data Path Delay:        1.657ns  (logic 0.518ns (31.253%)  route 1.139ns (68.747%))
  Logic Levels:           0  
  Clock Path Skew:        -4.275ns (DCD - SCD + CPR)
    Destination Clock Delay (DCD):    5.091ns
    Source Clock Delay      (SCD):    9.366ns
    Clock Pessimism Removal (CPR):    0.000ns
  Clock Uncertainty:      0.435ns  ((TSJ^2 + DJ^2)^1/2) / 2 + PE
    Total System Jitter     (TSJ):    0.071ns
    Discrete Jitter          (DJ):    0.267ns
    Phase Error              (PE):    0.297ns
  Timing Exception:       False Path

    Location             Delay type                Incr(ns)  Path(ns)    Netlist Resource(s)
  -------------------------------------------------------------------    -------------------
                         (clock zed_audio_clk_48M rise edge)
                                                      0.000     0.000 r  
    Y9                                                0.000     0.000 r  clk_100 (IN)
                         net (fo=0)                   0.000     0.000    i_audio/i_clocking/clk_100
    Y9                   IBUF (Prop_ibuf_I_O)         1.490     1.490 r  i_audio/i_clocking/clkin1_buf/O
                         net (fo=1, routed)           2.171     3.661    i_audio/i_clocking/o_CLK_100
    BUFGCTRL_X0Y0        BUFG (Prop_bufg_I_O)         0.101     3.762 r  i_audio/i_clocking/o_CLK_100_BUFG_inst/O
                         net (fo=1798, routed)        1.803     5.565    i_audio/i_clocking/o_CLK_100_BUFG
    MMCME2_ADV_X1Y0      MMCME2_ADV (Prop_mmcme2_adv_CLKIN1_CLKOUT0)
                                                      0.088     5.653 r  i_audio/i_clocking/mmcm_adv_inst/CLKOUT0
                         net (fo=1, routed)           1.889     7.542    i_audio/i_clocking/zed_audio_clk_48M
    BUFGCTRL_X0Y1        BUFG (Prop_bufg_I_O)         0.101     7.643 r  i_audio/i_clocking/clkout1_buf/O
                         net (fo=226, routed)         1.723     9.366    i_audio/Inst_adau1761_izedboard/Inst_i2s_data_interface/CLK_48
    SLICE_X82Y20         FDRE                                         r  i_audio/Inst_adau1761_izedboard/Inst_i2s_data_interface/audio_l_out_reg[21]/C
  -------------------------------------------------------------------    -------------------
    SLICE_X82Y20         FDRE (Prop_fdre_C_Q)         0.518     9.884 r  i_audio/Inst_adau1761_izedboard/Inst_i2s_data_interface/audio_l_out_reg[21]/Q
                         net (fo=2, routed)           1.139    11.024    i_audio/Q[21]
    SLICE_X92Y19         FDRE                                         r  i_audio/line_in_l_reg[21]/D
  -------------------------------------------------------------------    -------------------

                         (clock clk_100 rise edge)    0.000     0.000 r  
    Y9                                                0.000     0.000 r  clk_100 (IN)
                         net (fo=0)                   0.000     0.000    i_audio/i_clocking/clk_100
    Y9                   IBUF (Prop_ibuf_I_O)         1.420     1.420 r  i_audio/i_clocking/clkin1_buf/O
                         net (fo=1, routed)           1.972     3.392    i_audio/i_clocking/o_CLK_100
    BUFGCTRL_X0Y0        BUFG (Prop_bufg_I_O)         0.091     3.483 r  i_audio/i_clocking/o_CLK_100_BUFG_inst/O
                         net (fo=1798, routed)        1.608     5.091    i_audio/clk_100_bufg
    SLICE_X92Y19         FDRE                                         r  i_audio/line_in_l_reg[21]/C





Min Delay Paths
--------------------------------------------------------------------------------------
Slack:                    inf
  Source:                 i_audio/Inst_adau1761_izedboard/Inst_i2s_data_interface/audio_l_out_reg[0]/C
                            (rising edge-triggered cell FDRE clocked by zed_audio_clk_48M  {rise@0.000ns fall@10.417ns period=20.833ns})
  Destination:            i_audio/line_in_l_reg[0]/D
                            (rising edge-triggered cell FDRE clocked by clk_100  {rise@0.000ns fall@5.000ns period=10.000ns})
  Path Group:             (none)
  Path Type:              Hold (Min at Fast Process Corner)
  Data Path Delay:        0.265ns  (logic 0.141ns (53.299%)  route 0.124ns (46.701%))
  Logic Levels:           0  
  Clock Path Skew:        -0.685ns (DCD - SCD - CPR)
    Destination Clock Delay (DCD):    2.038ns
    Source Clock Delay      (SCD):    2.723ns
    Clock Pessimism Removal (CPR):    -0.000ns
  Clock Uncertainty:      0.435ns  ((TSJ^2 + DJ^2)^1/2) / 2 + PE
    Total System Jitter     (TSJ):    0.071ns
    Discrete Jitter          (DJ):    0.267ns
    Phase Error              (PE):    0.297ns
  Timing Exception:       False Path

    Location             Delay type                Incr(ns)  Path(ns)    Netlist Resource(s)
  -------------------------------------------------------------------    -------------------
                         (clock zed_audio_clk_48M rise edge)
                                                      0.000     0.000 r  
    Y9                                                0.000     0.000 r  clk_100 (IN)
                         net (fo=0)                   0.000     0.000    i_audio/i_clocking/clk_100
    Y9                   IBUF (Prop_ibuf_I_O)         0.258     0.258 r  i_audio/i_clocking/clkin1_buf/O
                         net (fo=1, routed)           0.663     0.921    i_audio/i_clocking/o_CLK_100
    BUFGCTRL_X0Y0        BUFG (Prop_bufg_I_O)         0.026     0.947 r  i_audio/i_clocking/o_CLK_100_BUFG_inst/O
                         net (fo=1798, routed)        0.595     1.542    i_audio/i_clocking/o_CLK_100_BUFG
    MMCME2_ADV_X1Y0      MMCME2_ADV (Prop_mmcme2_adv_CLKIN1_CLKOUT0)
                                                      0.050     1.592 r  i_audio/i_clocking/mmcm_adv_inst/CLKOUT0
                         net (fo=1, routed)           0.529     2.121    i_audio/i_clocking/zed_audio_clk_48M
    BUFGCTRL_X0Y1        BUFG (Prop_bufg_I_O)         0.026     2.147 r  i_audio/i_clocking/clkout1_buf/O
                         net (fo=226, routed)         0.577     2.723    i_audio/Inst_adau1761_izedboard/Inst_i2s_data_interface/CLK_48
    SLICE_X63Y17         FDRE                                         r  i_audio/Inst_adau1761_izedboard/Inst_i2s_data_interface/audio_l_out_reg[0]/C
  -------------------------------------------------------------------    -------------------
    SLICE_X63Y17         FDRE (Prop_fdre_C_Q)         0.141     2.864 r  i_audio/Inst_adau1761_izedboard/Inst_i2s_data_interface/audio_l_out_reg[0]/Q
                         net (fo=2, routed)           0.124     2.988    i_audio/Q[0]
    SLICE_X63Y16         FDRE                                         r  i_audio/line_in_l_reg[0]/D
  -------------------------------------------------------------------    -------------------

                         (clock clk_100 rise edge)    0.000     0.000 r  
    Y9                                                0.000     0.000 r  clk_100 (IN)
                         net (fo=0)                   0.000     0.000    i_audio/i_clocking/clk_100
    Y9                   IBUF (Prop_ibuf_I_O)         0.446     0.446 r  i_audio/i_clocking/clkin1_buf/O
                         net (fo=1, routed)           0.719     1.165    i_audio/i_clocking/o_CLK_100
    BUFGCTRL_X0Y0        BUFG (Prop_bufg_I_O)         0.029     1.194 r  i_audio/i_clocking/o_CLK_100_BUFG_inst/O
                         net (fo=1798, routed)        0.844     2.038    i_audio/clk_100_bufg
    SLICE_X63Y16         FDRE                                         r  i_audio/line_in_l_reg[0]/C

Slack:                    inf
  Source:                 i_audio/Inst_adau1761_izedboard/Inst_i2s_data_interface/audio_l_out_reg[17]/C
                            (rising edge-triggered cell FDRE clocked by zed_audio_clk_48M  {rise@0.000ns fall@10.417ns period=20.833ns})
  Destination:            i_audio/line_in_l_reg[17]/D
                            (rising edge-triggered cell FDRE clocked by clk_100  {rise@0.000ns fall@5.000ns period=10.000ns})
  Path Group:             (none)
  Path Type:              Hold (Min at Fast Process Corner)
  Data Path Delay:        0.268ns  (logic 0.141ns (52.518%)  route 0.127ns (47.482%))
  Logic Levels:           0  
  Clock Path Skew:        -0.686ns (DCD - SCD - CPR)
    Destination Clock Delay (DCD):    2.034ns
    Source Clock Delay      (SCD):    2.720ns
    Clock Pessimism Removal (CPR):    -0.000ns
  Clock Uncertainty:      0.435ns  ((TSJ^2 + DJ^2)^1/2) / 2 + PE
    Total System Jitter     (TSJ):    0.071ns
    Discrete Jitter          (DJ):    0.267ns
    Phase Error              (PE):    0.297ns
  Timing Exception:       False Path

    Location             Delay type                Incr(ns)  Path(ns)    Netlist Resource(s)
  -------------------------------------------------------------------    -------------------
                         (clock zed_audio_clk_48M rise edge)
                                                      0.000     0.000 r  
    Y9                                                0.000     0.000 r  clk_100 (IN)
                         net (fo=0)                   0.000     0.000    i_audio/i_clocking/clk_100
    Y9                   IBUF (Prop_ibuf_I_O)         0.258     0.258 r  i_audio/i_clocking/clkin1_buf/O
                         net (fo=1, routed)           0.663     0.921    i_audio/i_clocking/o_CLK_100
    BUFGCTRL_X0Y0        BUFG (Prop_bufg_I_O)         0.026     0.947 r  i_audio/i_clocking/o_CLK_100_BUFG_inst/O
                         net (fo=1798, routed)        0.595     1.542    i_audio/i_clocking/o_CLK_100_BUFG
    MMCME2_ADV_X1Y0      MMCME2_ADV (Prop_mmcme2_adv_CLKIN1_CLKOUT0)
                                                      0.050     1.592 r  i_audio/i_clocking/mmcm_adv_inst/CLKOUT0
                         net (fo=1, routed)           0.529     2.121    i_audio/i_clocking/zed_audio_clk_48M
    BUFGCTRL_X0Y1        BUFG (Prop_bufg_I_O)         0.026     2.147 r  i_audio/i_clocking/clkout1_buf/O
                         net (fo=226, routed)         0.574     2.720    i_audio/Inst_adau1761_izedboard/Inst_i2s_data_interface/CLK_48
    SLICE_X83Y24         FDRE                                         r  i_audio/Inst_adau1761_izedboard/Inst_i2s_data_interface/audio_l_out_reg[17]/C
  -------------------------------------------------------------------    -------------------
    SLICE_X83Y24         FDRE (Prop_fdre_C_Q)         0.141     2.861 r  i_audio/Inst_adau1761_izedboard/Inst_i2s_data_interface/audio_l_out_reg[17]/Q
                         net (fo=2, routed)           0.127     2.989    i_audio/Q[17]
    SLICE_X86Y24         FDRE                                         r  i_audio/line_in_l_reg[17]/D
  -------------------------------------------------------------------    -------------------

                         (clock clk_100 rise edge)    0.000     0.000 r  
    Y9                                                0.000     0.000 r  clk_100 (IN)
                         net (fo=0)                   0.000     0.000    i_audio/i_clocking/clk_100
    Y9                   IBUF (Prop_ibuf_I_O)         0.446     0.446 r  i_audio/i_clocking/clkin1_buf/O
                         net (fo=1, routed)           0.719     1.165    i_audio/i_clocking/o_CLK_100
    BUFGCTRL_X0Y0        BUFG (Prop_bufg_I_O)         0.029     1.194 r  i_audio/i_clocking/o_CLK_100_BUFG_inst/O
                         net (fo=1798, routed)        0.840     2.034    i_audio/clk_100_bufg
    SLICE_X86Y24         FDRE                                         r  i_audio/line_in_l_reg[17]/C

Slack:                    inf
  Source:                 i_audio/Inst_adau1761_izedboard/Inst_i2s_data_interface/audio_l_out_reg[12]/C
                            (rising edge-triggered cell FDRE clocked by zed_audio_clk_48M  {rise@0.000ns fall@10.417ns period=20.833ns})
  Destination:            i_audio/line_in_l_reg[12]/D
                            (rising edge-triggered cell FDRE clocked by clk_100  {rise@0.000ns fall@5.000ns period=10.000ns})
  Path Group:             (none)
  Path Type:              Hold (Min at Fast Process Corner)
  Data Path Delay:        0.277ns  (logic 0.141ns (50.939%)  route 0.136ns (49.061%))
  Logic Levels:           0  
  Clock Path Skew:        -0.686ns (DCD - SCD - CPR)
    Destination Clock Delay (DCD):    2.037ns
    Source Clock Delay      (SCD):    2.723ns
    Clock Pessimism Removal (CPR):    -0.000ns
  Clock Uncertainty:      0.435ns  ((TSJ^2 + DJ^2)^1/2) / 2 + PE
    Total System Jitter     (TSJ):    0.071ns
    Discrete Jitter          (DJ):    0.267ns
    Phase Error              (PE):    0.297ns
  Timing Exception:       False Path

    Location             Delay type                Incr(ns)  Path(ns)    Netlist Resource(s)
  -------------------------------------------------------------------    -------------------
                         (clock zed_audio_clk_48M rise edge)
                                                      0.000     0.000 r  
    Y9                                                0.000     0.000 r  clk_100 (IN)
                         net (fo=0)                   0.000     0.000    i_audio/i_clocking/clk_100
    Y9                   IBUF (Prop_ibuf_I_O)         0.258     0.258 r  i_audio/i_clocking/clkin1_buf/O
                         net (fo=1, routed)           0.663     0.921    i_audio/i_clocking/o_CLK_100
    BUFGCTRL_X0Y0        BUFG (Prop_bufg_I_O)         0.026     0.947 r  i_audio/i_clocking/o_CLK_100_BUFG_inst/O
                         net (fo=1798, routed)        0.595     1.542    i_audio/i_clocking/o_CLK_100_BUFG
    MMCME2_ADV_X1Y0      MMCME2_ADV (Prop_mmcme2_adv_CLKIN1_CLKOUT0)
                                                      0.050     1.592 r  i_audio/i_clocking/mmcm_adv_inst/CLKOUT0
                         net (fo=1, routed)           0.529     2.121    i_audio/i_clocking/zed_audio_clk_48M
    BUFGCTRL_X0Y1        BUFG (Prop_bufg_I_O)         0.026     2.147 r  i_audio/i_clocking/clkout1_buf/O
                         net (fo=226, routed)         0.577     2.723    i_audio/Inst_adau1761_izedboard/Inst_i2s_data_interface/CLK_48
    SLICE_X84Y22         FDRE                                         r  i_audio/Inst_adau1761_izedboard/Inst_i2s_data_interface/audio_l_out_reg[12]/C
  -------------------------------------------------------------------    -------------------
    SLICE_X84Y22         FDRE (Prop_fdre_C_Q)         0.141     2.864 r  i_audio/Inst_adau1761_izedboard/Inst_i2s_data_interface/audio_l_out_reg[12]/Q
                         net (fo=2, routed)           0.136     3.000    i_audio/Q[12]
    SLICE_X88Y22         FDRE                                         r  i_audio/line_in_l_reg[12]/D
  -------------------------------------------------------------------    -------------------

                         (clock clk_100 rise edge)    0.000     0.000 r  
    Y9                                                0.000     0.000 r  clk_100 (IN)
                         net (fo=0)                   0.000     0.000    i_audio/i_clocking/clk_100
    Y9                   IBUF (Prop_ibuf_I_O)         0.446     0.446 r  i_audio/i_clocking/clkin1_buf/O
                         net (fo=1, routed)           0.719     1.165    i_audio/i_clocking/o_CLK_100
    BUFGCTRL_X0Y0        BUFG (Prop_bufg_I_O)         0.029     1.194 r  i_audio/i_clocking/o_CLK_100_BUFG_inst/O
                         net (fo=1798, routed)        0.843     2.037    i_audio/clk_100_bufg
    SLICE_X88Y22         FDRE                                         r  i_audio/line_in_l_reg[12]/C

Slack:                    inf
  Source:                 i_audio/Inst_adau1761_izedboard/Inst_i2s_data_interface/audio_l_out_reg[3]/C
                            (rising edge-triggered cell FDRE clocked by zed_audio_clk_48M  {rise@0.000ns fall@10.417ns period=20.833ns})
  Destination:            i_audio/line_in_l_reg[3]/D
                            (rising edge-triggered cell FDRE clocked by clk_100  {rise@0.000ns fall@5.000ns period=10.000ns})
  Path Group:             (none)
  Path Type:              Hold (Min at Fast Process Corner)
  Data Path Delay:        0.278ns  (logic 0.141ns (50.653%)  route 0.137ns (49.347%))
  Logic Levels:           0  
  Clock Path Skew:        -0.688ns (DCD - SCD - CPR)
    Destination Clock Delay (DCD):    2.034ns
    Source Clock Delay      (SCD):    2.722ns
    Clock Pessimism Removal (CPR):    -0.000ns
  Clock Uncertainty:      0.435ns  ((TSJ^2 + DJ^2)^1/2) / 2 + PE
    Total System Jitter     (TSJ):    0.071ns
    Discrete Jitter          (DJ):    0.267ns
    Phase Error              (PE):    0.297ns
  Timing Exception:       False Path

    Location             Delay type                Incr(ns)  Path(ns)    Netlist Resource(s)
  -------------------------------------------------------------------    -------------------
                         (clock zed_audio_clk_48M rise edge)
                                                      0.000     0.000 r  
    Y9                                                0.000     0.000 r  clk_100 (IN)
                         net (fo=0)                   0.000     0.000    i_audio/i_clocking/clk_100
    Y9                   IBUF (Prop_ibuf_I_O)         0.258     0.258 r  i_audio/i_clocking/clkin1_buf/O
                         net (fo=1, routed)           0.663     0.921    i_audio/i_clocking/o_CLK_100
    BUFGCTRL_X0Y0        BUFG (Prop_bufg_I_O)         0.026     0.947 r  i_audio/i_clocking/o_CLK_100_BUFG_inst/O
                         net (fo=1798, routed)        0.595     1.542    i_audio/i_clocking/o_CLK_100_BUFG
    MMCME2_ADV_X1Y0      MMCME2_ADV (Prop_mmcme2_adv_CLKIN1_CLKOUT0)
                                                      0.050     1.592 r  i_audio/i_clocking/mmcm_adv_inst/CLKOUT0
                         net (fo=1, routed)           0.529     2.121    i_audio/i_clocking/zed_audio_clk_48M
    BUFGCTRL_X0Y1        BUFG (Prop_bufg_I_O)         0.026     2.147 r  i_audio/i_clocking/clkout1_buf/O
                         net (fo=226, routed)         0.576     2.722    i_audio/Inst_adau1761_izedboard/Inst_i2s_data_interface/CLK_48
    SLICE_X70Y20         FDRE                                         r  i_audio/Inst_adau1761_izedboard/Inst_i2s_data_interface/audio_l_out_reg[3]/C
  -------------------------------------------------------------------    -------------------
    SLICE_X70Y20         FDRE (Prop_fdre_C_Q)         0.141     2.863 r  i_audio/Inst_adau1761_izedboard/Inst_i2s_data_interface/audio_l_out_reg[3]/Q
                         net (fo=2, routed)           0.137     3.001    i_audio/Q[3]
    SLICE_X66Y20         FDRE                                         r  i_audio/line_in_l_reg[3]/D
  -------------------------------------------------------------------    -------------------

                         (clock clk_100 rise edge)    0.000     0.000 r  
    Y9                                                0.000     0.000 r  clk_100 (IN)
                         net (fo=0)                   0.000     0.000    i_audio/i_clocking/clk_100
    Y9                   IBUF (Prop_ibuf_I_O)         0.446     0.446 r  i_audio/i_clocking/clkin1_buf/O
                         net (fo=1, routed)           0.719     1.165    i_audio/i_clocking/o_CLK_100
    BUFGCTRL_X0Y0        BUFG (Prop_bufg_I_O)         0.029     1.194 r  i_audio/i_clocking/o_CLK_100_BUFG_inst/O
                         net (fo=1798, routed)        0.840     2.034    i_audio/clk_100_bufg
    SLICE_X66Y20         FDRE                                         r  i_audio/line_in_l_reg[3]/C

Slack:                    inf
  Source:                 i_audio/Inst_adau1761_izedboard/Inst_i2s_data_interface/audio_r_out_reg[1]/C
                            (rising edge-triggered cell FDRE clocked by zed_audio_clk_48M  {rise@0.000ns fall@10.417ns period=20.833ns})
  Destination:            i_audio/line_in_r_reg[1]/D
                            (rising edge-triggered cell FDRE clocked by clk_100  {rise@0.000ns fall@5.000ns period=10.000ns})
  Path Group:             (none)
  Path Type:              Hold (Min at Fast Process Corner)
  Data Path Delay:        0.284ns  (logic 0.164ns (57.700%)  route 0.120ns (42.300%))
  Logic Levels:           0  
  Clock Path Skew:        -0.686ns (DCD - SCD - CPR)
    Destination Clock Delay (DCD):    2.040ns
    Source Clock Delay      (SCD):    2.726ns
    Clock Pessimism Removal (CPR):    -0.000ns
  Clock Uncertainty:      0.435ns  ((TSJ^2 + DJ^2)^1/2) / 2 + PE
    Total System Jitter     (TSJ):    0.071ns
    Discrete Jitter          (DJ):    0.267ns
    Phase Error              (PE):    0.297ns
  Timing Exception:       False Path

    Location             Delay type                Incr(ns)  Path(ns)    Netlist Resource(s)
  -------------------------------------------------------------------    -------------------
                         (clock zed_audio_clk_48M rise edge)
                                                      0.000     0.000 r  
    Y9                                                0.000     0.000 r  clk_100 (IN)
                         net (fo=0)                   0.000     0.000    i_audio/i_clocking/clk_100
    Y9                   IBUF (Prop_ibuf_I_O)         0.258     0.258 r  i_audio/i_clocking/clkin1_buf/O
                         net (fo=1, routed)           0.663     0.921    i_audio/i_clocking/o_CLK_100
    BUFGCTRL_X0Y0        BUFG (Prop_bufg_I_O)         0.026     0.947 r  i_audio/i_clocking/o_CLK_100_BUFG_inst/O
                         net (fo=1798, routed)        0.595     1.542    i_audio/i_clocking/o_CLK_100_BUFG
    MMCME2_ADV_X1Y0      MMCME2_ADV (Prop_mmcme2_adv_CLKIN1_CLKOUT0)
                                                      0.050     1.592 r  i_audio/i_clocking/mmcm_adv_inst/CLKOUT0
                         net (fo=1, routed)           0.529     2.121    i_audio/i_clocking/zed_audio_clk_48M
    BUFGCTRL_X0Y1        BUFG (Prop_bufg_I_O)         0.026     2.147 r  i_audio/i_clocking/clkout1_buf/O
                         net (fo=226, routed)         0.580     2.726    i_audio/Inst_adau1761_izedboard/Inst_i2s_data_interface/CLK_48
    SLICE_X30Y19         FDRE                                         r  i_audio/Inst_adau1761_izedboard/Inst_i2s_data_interface/audio_r_out_reg[1]/C
  -------------------------------------------------------------------    -------------------
    SLICE_X30Y19         FDRE (Prop_fdre_C_Q)         0.164     2.890 r  i_audio/Inst_adau1761_izedboard/Inst_i2s_data_interface/audio_r_out_reg[1]/Q
                         net (fo=2, routed)           0.120     3.011    i_audio/audio_r_out_reg[23][1]
    SLICE_X28Y19         FDRE                                         r  i_audio/line_in_r_reg[1]/D
  -------------------------------------------------------------------    -------------------

                         (clock clk_100 rise edge)    0.000     0.000 r  
    Y9                                                0.000     0.000 r  clk_100 (IN)
                         net (fo=0)                   0.000     0.000    i_audio/i_clocking/clk_100
    Y9                   IBUF (Prop_ibuf_I_O)         0.446     0.446 r  i_audio/i_clocking/clkin1_buf/O
                         net (fo=1, routed)           0.719     1.165    i_audio/i_clocking/o_CLK_100
    BUFGCTRL_X0Y0        BUFG (Prop_bufg_I_O)         0.029     1.194 r  i_audio/i_clocking/o_CLK_100_BUFG_inst/O
                         net (fo=1798, routed)        0.846     2.040    i_audio/clk_100_bufg
    SLICE_X28Y19         FDRE                                         r  i_audio/line_in_r_reg[1]/C

Slack:                    inf
  Source:                 i_audio/Inst_adau1761_izedboard/Inst_i2s_data_interface/audio_r_out_reg[4]/C
                            (rising edge-triggered cell FDRE clocked by zed_audio_clk_48M  {rise@0.000ns fall@10.417ns period=20.833ns})
  Destination:            i_audio/line_in_r_reg[4]/D
                            (rising edge-triggered cell FDRE clocked by clk_100  {rise@0.000ns fall@5.000ns period=10.000ns})
  Path Group:             (none)
  Path Type:              Hold (Min at Fast Process Corner)
  Data Path Delay:        0.315ns  (logic 0.141ns (44.789%)  route 0.174ns (55.211%))
  Logic Levels:           0  
  Clock Path Skew:        -0.689ns (DCD - SCD - CPR)
    Destination Clock Delay (DCD):    2.014ns
    Source Clock Delay      (SCD):    2.703ns
    Clock Pessimism Removal (CPR):    -0.000ns
  Clock Uncertainty:      0.435ns  ((TSJ^2 + DJ^2)^1/2) / 2 + PE
    Total System Jitter     (TSJ):    0.071ns
    Discrete Jitter          (DJ):    0.267ns
    Phase Error              (PE):    0.297ns
  Timing Exception:       False Path

    Location             Delay type                Incr(ns)  Path(ns)    Netlist Resource(s)
  -------------------------------------------------------------------    -------------------
                         (clock zed_audio_clk_48M rise edge)
                                                      0.000     0.000 r  
    Y9                                                0.000     0.000 r  clk_100 (IN)
                         net (fo=0)                   0.000     0.000    i_audio/i_clocking/clk_100
    Y9                   IBUF (Prop_ibuf_I_O)         0.258     0.258 r  i_audio/i_clocking/clkin1_buf/O
                         net (fo=1, routed)           0.663     0.921    i_audio/i_clocking/o_CLK_100
    BUFGCTRL_X0Y0        BUFG (Prop_bufg_I_O)         0.026     0.947 r  i_audio/i_clocking/o_CLK_100_BUFG_inst/O
                         net (fo=1798, routed)        0.595     1.542    i_audio/i_clocking/o_CLK_100_BUFG
    MMCME2_ADV_X1Y0      MMCME2_ADV (Prop_mmcme2_adv_CLKIN1_CLKOUT0)
                                                      0.050     1.592 r  i_audio/i_clocking/mmcm_adv_inst/CLKOUT0
                         net (fo=1, routed)           0.529     2.121    i_audio/i_clocking/zed_audio_clk_48M
    BUFGCTRL_X0Y1        BUFG (Prop_bufg_I_O)         0.026     2.147 r  i_audio/i_clocking/clkout1_buf/O
                         net (fo=226, routed)         0.557     2.703    i_audio/Inst_adau1761_izedboard/Inst_i2s_data_interface/CLK_48
    SLICE_X33Y16         FDRE                                         r  i_audio/Inst_adau1761_izedboard/Inst_i2s_data_interface/audio_r_out_reg[4]/C
  -------------------------------------------------------------------    -------------------
    SLICE_X33Y16         FDRE (Prop_fdre_C_Q)         0.141     2.844 r  i_audio/Inst_adau1761_izedboard/Inst_i2s_data_interface/audio_r_out_reg[4]/Q
                         net (fo=2, routed)           0.174     3.018    i_audio/audio_r_out_reg[23][4]
    SLICE_X33Y17         FDRE                                         r  i_audio/line_in_r_reg[4]/D
  -------------------------------------------------------------------    -------------------

                         (clock clk_100 rise edge)    0.000     0.000 r  
    Y9                                                0.000     0.000 r  clk_100 (IN)
                         net (fo=0)                   0.000     0.000    i_audio/i_clocking/clk_100
    Y9                   IBUF (Prop_ibuf_I_O)         0.446     0.446 r  i_audio/i_clocking/clkin1_buf/O
                         net (fo=1, routed)           0.719     1.165    i_audio/i_clocking/o_CLK_100
    BUFGCTRL_X0Y0        BUFG (Prop_bufg_I_O)         0.029     1.194 r  i_audio/i_clocking/o_CLK_100_BUFG_inst/O
                         net (fo=1798, routed)        0.820     2.014    i_audio/clk_100_bufg
    SLICE_X33Y17         FDRE                                         r  i_audio/line_in_r_reg[4]/C

Slack:                    inf
  Source:                 i_audio/Inst_adau1761_izedboard/Inst_i2s_data_interface/audio_r_out_reg[11]/C
                            (rising edge-triggered cell FDRE clocked by zed_audio_clk_48M  {rise@0.000ns fall@10.417ns period=20.833ns})
  Destination:            i_audio/line_in_r_reg[11]/D
                            (rising edge-triggered cell FDRE clocked by clk_100  {rise@0.000ns fall@5.000ns period=10.000ns})
  Path Group:             (none)
  Path Type:              Hold (Min at Fast Process Corner)
  Data Path Delay:        0.322ns  (logic 0.141ns (43.738%)  route 0.181ns (56.262%))
  Logic Levels:           0  
  Clock Path Skew:        -0.688ns (DCD - SCD - CPR)
    Destination Clock Delay (DCD):    2.014ns
    Source Clock Delay      (SCD):    2.702ns
    Clock Pessimism Removal (CPR):    -0.000ns
  Clock Uncertainty:      0.435ns  ((TSJ^2 + DJ^2)^1/2) / 2 + PE
    Total System Jitter     (TSJ):    0.071ns
    Discrete Jitter          (DJ):    0.267ns
    Phase Error              (PE):    0.297ns
  Timing Exception:       False Path

    Location             Delay type                Incr(ns)  Path(ns)    Netlist Resource(s)
  -------------------------------------------------------------------    -------------------
                         (clock zed_audio_clk_48M rise edge)
                                                      0.000     0.000 r  
    Y9                                                0.000     0.000 r  clk_100 (IN)
                         net (fo=0)                   0.000     0.000    i_audio/i_clocking/clk_100
    Y9                   IBUF (Prop_ibuf_I_O)         0.258     0.258 r  i_audio/i_clocking/clkin1_buf/O
                         net (fo=1, routed)           0.663     0.921    i_audio/i_clocking/o_CLK_100
    BUFGCTRL_X0Y0        BUFG (Prop_bufg_I_O)         0.026     0.947 r  i_audio/i_clocking/o_CLK_100_BUFG_inst/O
                         net (fo=1798, routed)        0.595     1.542    i_audio/i_clocking/o_CLK_100_BUFG
    MMCME2_ADV_X1Y0      MMCME2_ADV (Prop_mmcme2_adv_CLKIN1_CLKOUT0)
                                                      0.050     1.592 r  i_audio/i_clocking/mmcm_adv_inst/CLKOUT0
                         net (fo=1, routed)           0.529     2.121    i_audio/i_clocking/zed_audio_clk_48M
    BUFGCTRL_X0Y1        BUFG (Prop_bufg_I_O)         0.026     2.147 r  i_audio/i_clocking/clkout1_buf/O
                         net (fo=226, routed)         0.556     2.702    i_audio/Inst_adau1761_izedboard/Inst_i2s_data_interface/CLK_48
    SLICE_X35Y17         FDRE                                         r  i_audio/Inst_adau1761_izedboard/Inst_i2s_data_interface/audio_r_out_reg[11]/C
  -------------------------------------------------------------------    -------------------
    SLICE_X35Y17         FDRE (Prop_fdre_C_Q)         0.141     2.843 r  i_audio/Inst_adau1761_izedboard/Inst_i2s_data_interface/audio_r_out_reg[11]/Q
                         net (fo=2, routed)           0.181     3.025    i_audio/audio_r_out_reg[23][11]
    SLICE_X33Y17         FDRE                                         r  i_audio/line_in_r_reg[11]/D
  -------------------------------------------------------------------    -------------------

                         (clock clk_100 rise edge)    0.000     0.000 r  
    Y9                                                0.000     0.000 r  clk_100 (IN)
                         net (fo=0)                   0.000     0.000    i_audio/i_clocking/clk_100
    Y9                   IBUF (Prop_ibuf_I_O)         0.446     0.446 r  i_audio/i_clocking/clkin1_buf/O
                         net (fo=1, routed)           0.719     1.165    i_audio/i_clocking/o_CLK_100
    BUFGCTRL_X0Y0        BUFG (Prop_bufg_I_O)         0.029     1.194 r  i_audio/i_clocking/o_CLK_100_BUFG_inst/O
                         net (fo=1798, routed)        0.820     2.014    i_audio/clk_100_bufg
    SLICE_X33Y17         FDRE                                         r  i_audio/line_in_r_reg[11]/C

Slack:                    inf
  Source:                 i_audio/Inst_adau1761_izedboard/Inst_i2s_data_interface/audio_r_out_reg[7]/C
                            (rising edge-triggered cell FDRE clocked by zed_audio_clk_48M  {rise@0.000ns fall@10.417ns period=20.833ns})
  Destination:            i_audio/line_in_r_reg[7]/D
                            (rising edge-triggered cell FDRE clocked by clk_100  {rise@0.000ns fall@5.000ns period=10.000ns})
  Path Group:             (none)
  Path Type:              Hold (Min at Fast Process Corner)
  Data Path Delay:        0.329ns  (logic 0.141ns (42.870%)  route 0.188ns (57.130%))
  Logic Levels:           0  
  Clock Path Skew:        -0.689ns (DCD - SCD - CPR)
    Destination Clock Delay (DCD):    2.014ns
    Source Clock Delay      (SCD):    2.703ns
    Clock Pessimism Removal (CPR):    -0.000ns
  Clock Uncertainty:      0.435ns  ((TSJ^2 + DJ^2)^1/2) / 2 + PE
    Total System Jitter     (TSJ):    0.071ns
    Discrete Jitter          (DJ):    0.267ns
    Phase Error              (PE):    0.297ns
  Timing Exception:       False Path

    Location             Delay type                Incr(ns)  Path(ns)    Netlist Resource(s)
  -------------------------------------------------------------------    -------------------
                         (clock zed_audio_clk_48M rise edge)
                                                      0.000     0.000 r  
    Y9                                                0.000     0.000 r  clk_100 (IN)
                         net (fo=0)                   0.000     0.000    i_audio/i_clocking/clk_100
    Y9                   IBUF (Prop_ibuf_I_O)         0.258     0.258 r  i_audio/i_clocking/clkin1_buf/O
                         net (fo=1, routed)           0.663     0.921    i_audio/i_clocking/o_CLK_100
    BUFGCTRL_X0Y0        BUFG (Prop_bufg_I_O)         0.026     0.947 r  i_audio/i_clocking/o_CLK_100_BUFG_inst/O
                         net (fo=1798, routed)        0.595     1.542    i_audio/i_clocking/o_CLK_100_BUFG
    MMCME2_ADV_X1Y0      MMCME2_ADV (Prop_mmcme2_adv_CLKIN1_CLKOUT0)
                                                      0.050     1.592 r  i_audio/i_clocking/mmcm_adv_inst/CLKOUT0
                         net (fo=1, routed)           0.529     2.121    i_audio/i_clocking/zed_audio_clk_48M
    BUFGCTRL_X0Y1        BUFG (Prop_bufg_I_O)         0.026     2.147 r  i_audio/i_clocking/clkout1_buf/O
                         net (fo=226, routed)         0.557     2.703    i_audio/Inst_adau1761_izedboard/Inst_i2s_data_interface/CLK_48
    SLICE_X35Y16         FDRE                                         r  i_audio/Inst_adau1761_izedboard/Inst_i2s_data_interface/audio_r_out_reg[7]/C
  -------------------------------------------------------------------    -------------------
    SLICE_X35Y16         FDRE (Prop_fdre_C_Q)         0.141     2.844 r  i_audio/Inst_adau1761_izedboard/Inst_i2s_data_interface/audio_r_out_reg[7]/Q
                         net (fo=2, routed)           0.188     3.032    i_audio/audio_r_out_reg[23][7]
    SLICE_X33Y17         FDRE                                         r  i_audio/line_in_r_reg[7]/D
  -------------------------------------------------------------------    -------------------

                         (clock clk_100 rise edge)    0.000     0.000 r  
    Y9                                                0.000     0.000 r  clk_100 (IN)
                         net (fo=0)                   0.000     0.000    i_audio/i_clocking/clk_100
    Y9                   IBUF (Prop_ibuf_I_O)         0.446     0.446 r  i_audio/i_clocking/clkin1_buf/O
                         net (fo=1, routed)           0.719     1.165    i_audio/i_clocking/o_CLK_100
    BUFGCTRL_X0Y0        BUFG (Prop_bufg_I_O)         0.029     1.194 r  i_audio/i_clocking/o_CLK_100_BUFG_inst/O
                         net (fo=1798, routed)        0.820     2.014    i_audio/clk_100_bufg
    SLICE_X33Y17         FDRE                                         r  i_audio/line_in_r_reg[7]/C

Slack:                    inf
  Source:                 i_audio/Inst_adau1761_izedboard/Inst_i2s_data_interface/audio_r_out_reg[19]/C
                            (rising edge-triggered cell FDRE clocked by zed_audio_clk_48M  {rise@0.000ns fall@10.417ns period=20.833ns})
  Destination:            i_audio/line_in_r_reg[19]/D
                            (rising edge-triggered cell FDRE clocked by clk_100  {rise@0.000ns fall@5.000ns period=10.000ns})
  Path Group:             (none)
  Path Type:              Hold (Min at Fast Process Corner)
  Data Path Delay:        0.337ns  (logic 0.148ns (43.981%)  route 0.189ns (56.019%))
  Logic Levels:           0  
  Clock Path Skew:        -0.687ns (DCD - SCD - CPR)
    Destination Clock Delay (DCD):    2.014ns
    Source Clock Delay      (SCD):    2.701ns
    Clock Pessimism Removal (CPR):    -0.000ns
  Clock Uncertainty:      0.435ns  ((TSJ^2 + DJ^2)^1/2) / 2 + PE
    Total System Jitter     (TSJ):    0.071ns
    Discrete Jitter          (DJ):    0.267ns
    Phase Error              (PE):    0.297ns
  Timing Exception:       False Path

    Location             Delay type                Incr(ns)  Path(ns)    Netlist Resource(s)
  -------------------------------------------------------------------    -------------------
                         (clock zed_audio_clk_48M rise edge)
                                                      0.000     0.000 r  
    Y9                                                0.000     0.000 r  clk_100 (IN)
                         net (fo=0)                   0.000     0.000    i_audio/i_clocking/clk_100
    Y9                   IBUF (Prop_ibuf_I_O)         0.258     0.258 r  i_audio/i_clocking/clkin1_buf/O
                         net (fo=1, routed)           0.663     0.921    i_audio/i_clocking/o_CLK_100
    BUFGCTRL_X0Y0        BUFG (Prop_bufg_I_O)         0.026     0.947 r  i_audio/i_clocking/o_CLK_100_BUFG_inst/O
                         net (fo=1798, routed)        0.595     1.542    i_audio/i_clocking/o_CLK_100_BUFG
    MMCME2_ADV_X1Y0      MMCME2_ADV (Prop_mmcme2_adv_CLKIN1_CLKOUT0)
                                                      0.050     1.592 r  i_audio/i_clocking/mmcm_adv_inst/CLKOUT0
                         net (fo=1, routed)           0.529     2.121    i_audio/i_clocking/zed_audio_clk_48M
    BUFGCTRL_X0Y1        BUFG (Prop_bufg_I_O)         0.026     2.147 r  i_audio/i_clocking/clkout1_buf/O
                         net (fo=226, routed)         0.555     2.701    i_audio/Inst_adau1761_izedboard/Inst_i2s_data_interface/CLK_48
    SLICE_X34Y18         FDRE                                         r  i_audio/Inst_adau1761_izedboard/Inst_i2s_data_interface/audio_r_out_reg[19]/C
  -------------------------------------------------------------------    -------------------
    SLICE_X34Y18         FDRE (Prop_fdre_C_Q)         0.148     2.849 r  i_audio/Inst_adau1761_izedboard/Inst_i2s_data_interface/audio_r_out_reg[19]/Q
                         net (fo=2, routed)           0.189     3.038    i_audio/audio_r_out_reg[23][19]
    SLICE_X33Y17         FDRE                                         r  i_audio/line_in_r_reg[19]/D
  -------------------------------------------------------------------    -------------------

                         (clock clk_100 rise edge)    0.000     0.000 r  
    Y9                                                0.000     0.000 r  clk_100 (IN)
                         net (fo=0)                   0.000     0.000    i_audio/i_clocking/clk_100
    Y9                   IBUF (Prop_ibuf_I_O)         0.446     0.446 r  i_audio/i_clocking/clkin1_buf/O
                         net (fo=1, routed)           0.719     1.165    i_audio/i_clocking/o_CLK_100
    BUFGCTRL_X0Y0        BUFG (Prop_bufg_I_O)         0.029     1.194 r  i_audio/i_clocking/o_CLK_100_BUFG_inst/O
                         net (fo=1798, routed)        0.820     2.014    i_audio/clk_100_bufg
    SLICE_X33Y17         FDRE                                         r  i_audio/line_in_r_reg[19]/C

Slack:                    inf
  Source:                 i_audio/Inst_adau1761_izedboard/Inst_i2s_data_interface/audio_r_out_reg[15]/C
                            (rising edge-triggered cell FDRE clocked by zed_audio_clk_48M  {rise@0.000ns fall@10.417ns period=20.833ns})
  Destination:            i_audio/line_in_r_reg[15]/D
                            (rising edge-triggered cell FDRE clocked by clk_100  {rise@0.000ns fall@5.000ns period=10.000ns})
  Path Group:             (none)
  Path Type:              Hold (Min at Fast Process Corner)
  Data Path Delay:        0.353ns  (logic 0.164ns (46.525%)  route 0.189ns (53.475%))
  Logic Levels:           0  
  Clock Path Skew:        -0.692ns (DCD - SCD - CPR)
    Destination Clock Delay (DCD):    2.006ns
    Source Clock Delay      (SCD):    2.698ns
    Clock Pessimism Removal (CPR):    -0.000ns
  Clock Uncertainty:      0.435ns  ((TSJ^2 + DJ^2)^1/2) / 2 + PE
    Total System Jitter     (TSJ):    0.071ns
    Discrete Jitter          (DJ):    0.267ns
    Phase Error              (PE):    0.297ns
  Timing Exception:       False Path

    Location             Delay type                Incr(ns)  Path(ns)    Netlist Resource(s)
  -------------------------------------------------------------------    -------------------
                         (clock zed_audio_clk_48M rise edge)
                                                      0.000     0.000 r  
    Y9                                                0.000     0.000 r  clk_100 (IN)
                         net (fo=0)                   0.000     0.000    i_audio/i_clocking/clk_100
    Y9                   IBUF (Prop_ibuf_I_O)         0.258     0.258 r  i_audio/i_clocking/clkin1_buf/O
                         net (fo=1, routed)           0.663     0.921    i_audio/i_clocking/o_CLK_100
    BUFGCTRL_X0Y0        BUFG (Prop_bufg_I_O)         0.026     0.947 r  i_audio/i_clocking/o_CLK_100_BUFG_inst/O
                         net (fo=1798, routed)        0.595     1.542    i_audio/i_clocking/o_CLK_100_BUFG
    MMCME2_ADV_X1Y0      MMCME2_ADV (Prop_mmcme2_adv_CLKIN1_CLKOUT0)
                                                      0.050     1.592 r  i_audio/i_clocking/mmcm_adv_inst/CLKOUT0
                         net (fo=1, routed)           0.529     2.121    i_audio/i_clocking/zed_audio_clk_48M
    BUFGCTRL_X0Y1        BUFG (Prop_bufg_I_O)         0.026     2.147 r  i_audio/i_clocking/clkout1_buf/O
                         net (fo=226, routed)         0.552     2.698    i_audio/Inst_adau1761_izedboard/Inst_i2s_data_interface/CLK_48
    SLICE_X36Y19         FDRE                                         r  i_audio/Inst_adau1761_izedboard/Inst_i2s_data_interface/audio_r_out_reg[15]/C
  -------------------------------------------------------------------    -------------------
    SLICE_X36Y19         FDRE (Prop_fdre_C_Q)         0.164     2.862 r  i_audio/Inst_adau1761_izedboard/Inst_i2s_data_interface/audio_r_out_reg[15]/Q
                         net (fo=2, routed)           0.189     3.051    i_audio/audio_r_out_reg[23][15]
    SLICE_X36Y23         FDRE                                         r  i_audio/line_in_r_reg[15]/D
  -------------------------------------------------------------------    -------------------

                         (clock clk_100 rise edge)    0.000     0.000 r  
    Y9                                                0.000     0.000 r  clk_100 (IN)
                         net (fo=0)                   0.000     0.000    i_audio/i_clocking/clk_100
    Y9                   IBUF (Prop_ibuf_I_O)         0.446     0.446 r  i_audio/i_clocking/clkin1_buf/O
                         net (fo=1, routed)           0.719     1.165    i_audio/i_clocking/o_CLK_100
    BUFGCTRL_X0Y0        BUFG (Prop_bufg_I_O)         0.029     1.194 r  i_audio/i_clocking/o_CLK_100_BUFG_inst/O
                         net (fo=1798, routed)        0.812     2.006    i_audio/clk_100_bufg
    SLICE_X36Y23         FDRE                                         r  i_audio/line_in_r_reg[15]/C





--------------------------------------------------------------------------------------
Path Group:  (none)
From Clock:  clk_100
  To Clock:  zed_audio_clk_48M

Max Delay            48 Endpoints
Min Delay            48 Endpoints
--------------------------------------------------------------------------------------


Max Delay Paths
--------------------------------------------------------------------------------------
Slack:                    inf
  Source:                 i_audio/hphone_l_freeze_100_reg[23]/C
                            (rising edge-triggered cell FDRE clocked by clk_100  {rise@0.000ns fall@5.000ns period=10.000ns})
  Destination:            i_audio/Inst_adau1761_izedboard/Inst_i2s_data_interface/sr_out_reg[63]/D
                            (rising edge-triggered cell FDRE clocked by zed_audio_clk_48M  {rise@0.000ns fall@10.417ns period=20.833ns})
  Path Group:             (none)
  Path Type:              Setup (Max at Slow Process Corner)
  Data Path Delay:        2.228ns  (logic 0.642ns (28.820%)  route 1.586ns (71.180%))
  Logic Levels:           1  (LUT4=1)
  Clock Path Skew:        2.993ns (DCD - SCD + CPR)
    Destination Clock Delay (DCD):    8.476ns
    Source Clock Delay      (SCD):    5.482ns
    Clock Pessimism Removal (CPR):    0.000ns
  Clock Uncertainty:      0.435ns  ((TSJ^2 + DJ^2)^1/2) / 2 + PE
    Total System Jitter     (TSJ):    0.071ns
    Discrete Jitter          (DJ):    0.267ns
    Phase Error              (PE):    0.297ns
  Timing Exception:       False Path

    Location             Delay type                Incr(ns)  Path(ns)    Netlist Resource(s)
  -------------------------------------------------------------------    -------------------
                         (clock clk_100 rise edge)    0.000     0.000 r  
    Y9                                                0.000     0.000 r  clk_100 (IN)
                         net (fo=0)                   0.000     0.000    i_audio/i_clocking/clk_100
    Y9                   IBUF (Prop_ibuf_I_O)         1.490     1.490 r  i_audio/i_clocking/clkin1_buf/O
                         net (fo=1, routed)           2.171     3.661    i_audio/i_clocking/o_CLK_100
    BUFGCTRL_X0Y0        BUFG (Prop_bufg_I_O)         0.101     3.762 r  i_audio/i_clocking/o_CLK_100_BUFG_inst/O
                         net (fo=1798, routed)        1.720     5.482    i_audio/clk_100_bufg
    SLICE_X62Y16         FDRE                                         r  i_audio/hphone_l_freeze_100_reg[23]/C
  -------------------------------------------------------------------    -------------------
    SLICE_X62Y16         FDRE (Prop_fdre_C_Q)         0.518     6.000 r  i_audio/hphone_l_freeze_100_reg[23]/Q
                         net (fo=1, routed)           1.586     7.586    i_audio/hphone_l_freeze_100_reg_n_0_[23]
    SLICE_X42Y17         LUT4 (Prop_lut4_I0_O)        0.124     7.710 r  i_audio/sr_out[63]_i_1/O
                         net (fo=1, routed)           0.000     7.710    i_audio/Inst_adau1761_izedboard/Inst_i2s_data_interface/sr_out_reg[63]_0[47]
    SLICE_X42Y17         FDRE                                         r  i_audio/Inst_adau1761_izedboard/Inst_i2s_data_interface/sr_out_reg[63]/D
  -------------------------------------------------------------------    -------------------

                         (clock zed_audio_clk_48M rise edge)
                                                      0.000     0.000 r  
    Y9                                                0.000     0.000 r  clk_100 (IN)
                         net (fo=0)                   0.000     0.000    i_audio/i_clocking/clk_100
    Y9                   IBUF (Prop_ibuf_I_O)         1.420     1.420 r  i_audio/i_clocking/clkin1_buf/O
                         net (fo=1, routed)           1.972     3.392    i_audio/i_clocking/o_CLK_100
    BUFGCTRL_X0Y0        BUFG (Prop_bufg_I_O)         0.091     3.483 r  i_audio/i_clocking/o_CLK_100_BUFG_inst/O
                         net (fo=1798, routed)        1.609     5.092    i_audio/i_clocking/o_CLK_100_BUFG
    MMCME2_ADV_X1Y0      MMCME2_ADV (Prop_mmcme2_adv_CLKIN1_CLKOUT0)
                                                      0.083     5.175 r  i_audio/i_clocking/mmcm_adv_inst/CLKOUT0
                         net (fo=1, routed)           1.725     6.900    i_audio/i_clocking/zed_audio_clk_48M
    BUFGCTRL_X0Y1        BUFG (Prop_bufg_I_O)         0.091     6.991 r  i_audio/i_clocking/clkout1_buf/O
                         net (fo=226, routed)         1.484     8.476    i_audio/Inst_adau1761_izedboard/Inst_i2s_data_interface/CLK_48
    SLICE_X42Y17         FDRE                                         r  i_audio/Inst_adau1761_izedboard/Inst_i2s_data_interface/sr_out_reg[63]/C

Slack:                    inf
  Source:                 i_audio/hphone_l_freeze_100_reg[18]/C
                            (rising edge-triggered cell FDRE clocked by clk_100  {rise@0.000ns fall@5.000ns period=10.000ns})
  Destination:            i_audio/Inst_adau1761_izedboard/Inst_i2s_data_interface/sr_out_reg[58]/D
                            (rising edge-triggered cell FDRE clocked by zed_audio_clk_48M  {rise@0.000ns fall@10.417ns period=20.833ns})
  Path Group:             (none)
  Path Type:              Setup (Max at Slow Process Corner)
  Data Path Delay:        1.520ns  (logic 0.716ns (47.119%)  route 0.804ns (52.881%))
  Logic Levels:           1  (LUT4=1)
  Clock Path Skew:        3.053ns (DCD - SCD + CPR)
    Destination Clock Delay (DCD):    8.543ns
    Source Clock Delay      (SCD):    5.489ns
    Clock Pessimism Removal (CPR):    0.000ns
  Clock Uncertainty:      0.435ns  ((TSJ^2 + DJ^2)^1/2) / 2 + PE
    Total System Jitter     (TSJ):    0.071ns
    Discrete Jitter          (DJ):    0.267ns
    Phase Error              (PE):    0.297ns
  Timing Exception:       False Path

    Location             Delay type                Incr(ns)  Path(ns)    Netlist Resource(s)
  -------------------------------------------------------------------    -------------------
                         (clock clk_100 rise edge)    0.000     0.000 r  
    Y9                                                0.000     0.000 r  clk_100 (IN)
                         net (fo=0)                   0.000     0.000    i_audio/i_clocking/clk_100
    Y9                   IBUF (Prop_ibuf_I_O)         1.490     1.490 r  i_audio/i_clocking/clkin1_buf/O
                         net (fo=1, routed)           2.171     3.661    i_audio/i_clocking/o_CLK_100
    BUFGCTRL_X0Y0        BUFG (Prop_bufg_I_O)         0.101     3.762 r  i_audio/i_clocking/o_CLK_100_BUFG_inst/O
                         net (fo=1798, routed)        1.727     5.489    i_audio/clk_100_bufg
    SLICE_X85Y17         FDRE                                         r  i_audio/hphone_l_freeze_100_reg[18]/C
  -------------------------------------------------------------------    -------------------
    SLICE_X85Y17         FDRE (Prop_fdre_C_Q)         0.419     5.908 r  i_audio/hphone_l_freeze_100_reg[18]/Q
                         net (fo=1, routed)           0.804     6.712    i_audio/hphone_l_freeze_100_reg_n_0_[18]
    SLICE_X83Y17         LUT4 (Prop_lut4_I0_O)        0.297     7.009 r  i_audio/sr_out[58]_i_1/O
                         net (fo=1, routed)           0.000     7.009    i_audio/Inst_adau1761_izedboard/Inst_i2s_data_interface/sr_out_reg[63]_0[42]
    SLICE_X83Y17         FDRE                                         r  i_audio/Inst_adau1761_izedboard/Inst_i2s_data_interface/sr_out_reg[58]/D
  -------------------------------------------------------------------    -------------------

                         (clock zed_audio_clk_48M rise edge)
                                                      0.000     0.000 r  
    Y9                                                0.000     0.000 r  clk_100 (IN)
                         net (fo=0)                   0.000     0.000    i_audio/i_clocking/clk_100
    Y9                   IBUF (Prop_ibuf_I_O)         1.420     1.420 r  i_audio/i_clocking/clkin1_buf/O
                         net (fo=1, routed)           1.972     3.392    i_audio/i_clocking/o_CLK_100
    BUFGCTRL_X0Y0        BUFG (Prop_bufg_I_O)         0.091     3.483 r  i_audio/i_clocking/o_CLK_100_BUFG_inst/O
                         net (fo=1798, routed)        1.609     5.092    i_audio/i_clocking/o_CLK_100_BUFG
    MMCME2_ADV_X1Y0      MMCME2_ADV (Prop_mmcme2_adv_CLKIN1_CLKOUT0)
                                                      0.083     5.175 r  i_audio/i_clocking/mmcm_adv_inst/CLKOUT0
                         net (fo=1, routed)           1.725     6.900    i_audio/i_clocking/zed_audio_clk_48M
    BUFGCTRL_X0Y1        BUFG (Prop_bufg_I_O)         0.091     6.991 r  i_audio/i_clocking/clkout1_buf/O
                         net (fo=226, routed)         1.551     8.543    i_audio/Inst_adau1761_izedboard/Inst_i2s_data_interface/CLK_48
    SLICE_X83Y17         FDRE                                         r  i_audio/Inst_adau1761_izedboard/Inst_i2s_data_interface/sr_out_reg[58]/C

Slack:                    inf
  Source:                 i_audio/hphone_r_freeze_100_reg[22]/C
                            (rising edge-triggered cell FDRE clocked by clk_100  {rise@0.000ns fall@5.000ns period=10.000ns})
  Destination:            i_audio/Inst_adau1761_izedboard/Inst_i2s_data_interface/sr_out_reg[30]/D
                            (rising edge-triggered cell FDRE clocked by zed_audio_clk_48M  {rise@0.000ns fall@10.417ns period=20.833ns})
  Path Group:             (none)
  Path Type:              Setup (Max at Slow Process Corner)
  Data Path Delay:        1.571ns  (logic 0.779ns (49.590%)  route 0.792ns (50.410%))
  Logic Levels:           1  (LUT4=1)
  Clock Path Skew:        3.056ns (DCD - SCD + CPR)
    Destination Clock Delay (DCD):    8.477ns
    Source Clock Delay      (SCD):    5.420ns
    Clock Pessimism Removal (CPR):    0.000ns
  Clock Uncertainty:      0.435ns  ((TSJ^2 + DJ^2)^1/2) / 2 + PE
    Total System Jitter     (TSJ):    0.071ns
    Discrete Jitter          (DJ):    0.267ns
    Phase Error              (PE):    0.297ns
  Timing Exception:       False Path

    Location             Delay type                Incr(ns)  Path(ns)    Netlist Resource(s)
  -------------------------------------------------------------------    -------------------
                         (clock clk_100 rise edge)    0.000     0.000 r  
    Y9                                                0.000     0.000 r  clk_100 (IN)
                         net (fo=0)                   0.000     0.000    i_audio/i_clocking/clk_100
    Y9                   IBUF (Prop_ibuf_I_O)         1.490     1.490 r  i_audio/i_clocking/clkin1_buf/O
                         net (fo=1, routed)           2.171     3.661    i_audio/i_clocking/o_CLK_100
    BUFGCTRL_X0Y0        BUFG (Prop_bufg_I_O)         0.101     3.762 r  i_audio/i_clocking/o_CLK_100_BUFG_inst/O
                         net (fo=1798, routed)        1.658     5.420    i_audio/clk_100_bufg
    SLICE_X38Y16         FDRE                                         r  i_audio/hphone_r_freeze_100_reg[22]/C
  -------------------------------------------------------------------    -------------------
    SLICE_X38Y16         FDRE (Prop_fdre_C_Q)         0.478     5.898 r  i_audio/hphone_r_freeze_100_reg[22]/Q
                         net (fo=1, routed)           0.792     6.690    i_audio/hphone_r_freeze_100_reg_n_0_[22]
    SLICE_X40Y16         LUT4 (Prop_lut4_I0_O)        0.301     6.991 r  i_audio/sr_out[30]_i_1/O
                         net (fo=1, routed)           0.000     6.991    i_audio/Inst_adau1761_izedboard/Inst_i2s_data_interface/sr_out_reg[63]_0[22]
    SLICE_X40Y16         FDRE                                         r  i_audio/Inst_adau1761_izedboard/Inst_i2s_data_interface/sr_out_reg[30]/D
  -------------------------------------------------------------------    -------------------

                         (clock zed_audio_clk_48M rise edge)
                                                      0.000     0.000 r  
    Y9                                                0.000     0.000 r  clk_100 (IN)
                         net (fo=0)                   0.000     0.000    i_audio/i_clocking/clk_100
    Y9                   IBUF (Prop_ibuf_I_O)         1.420     1.420 r  i_audio/i_clocking/clkin1_buf/O
                         net (fo=1, routed)           1.972     3.392    i_audio/i_clocking/o_CLK_100
    BUFGCTRL_X0Y0        BUFG (Prop_bufg_I_O)         0.091     3.483 r  i_audio/i_clocking/o_CLK_100_BUFG_inst/O
                         net (fo=1798, routed)        1.609     5.092    i_audio/i_clocking/o_CLK_100_BUFG
    MMCME2_ADV_X1Y0      MMCME2_ADV (Prop_mmcme2_adv_CLKIN1_CLKOUT0)
                                                      0.083     5.175 r  i_audio/i_clocking/mmcm_adv_inst/CLKOUT0
                         net (fo=1, routed)           1.725     6.900    i_audio/i_clocking/zed_audio_clk_48M
    BUFGCTRL_X0Y1        BUFG (Prop_bufg_I_O)         0.091     6.991 r  i_audio/i_clocking/clkout1_buf/O
                         net (fo=226, routed)         1.485     8.477    i_audio/Inst_adau1761_izedboard/Inst_i2s_data_interface/CLK_48
    SLICE_X40Y16         FDRE                                         r  i_audio/Inst_adau1761_izedboard/Inst_i2s_data_interface/sr_out_reg[30]/C

Slack:                    inf
  Source:                 i_audio/hphone_r_freeze_100_reg[8]/C
                            (rising edge-triggered cell FDRE clocked by clk_100  {rise@0.000ns fall@5.000ns period=10.000ns})
  Destination:            i_audio/Inst_adau1761_izedboard/Inst_i2s_data_interface/sr_out_reg[16]/D
                            (rising edge-triggered cell FDRE clocked by zed_audio_clk_48M  {rise@0.000ns fall@10.417ns period=20.833ns})
  Path Group:             (none)
  Path Type:              Setup (Max at Slow Process Corner)
  Data Path Delay:        1.530ns  (logic 0.715ns (46.726%)  route 0.815ns (53.274%))
  Logic Levels:           1  (LUT4=1)
  Clock Path Skew:        3.058ns (DCD - SCD + CPR)
    Destination Clock Delay (DCD):    8.480ns
    Source Clock Delay      (SCD):    5.421ns
    Clock Pessimism Removal (CPR):    0.000ns
  Clock Uncertainty:      0.435ns  ((TSJ^2 + DJ^2)^1/2) / 2 + PE
    Total System Jitter     (TSJ):    0.071ns
    Discrete Jitter          (DJ):    0.267ns
    Phase Error              (PE):    0.297ns
  Timing Exception:       False Path

    Location             Delay type                Incr(ns)  Path(ns)    Netlist Resource(s)
  -------------------------------------------------------------------    -------------------
                         (clock clk_100 rise edge)    0.000     0.000 r  
    Y9                                                0.000     0.000 r  clk_100 (IN)
                         net (fo=0)                   0.000     0.000    i_audio/i_clocking/clk_100
    Y9                   IBUF (Prop_ibuf_I_O)         1.490     1.490 r  i_audio/i_clocking/clkin1_buf/O
                         net (fo=1, routed)           2.171     3.661    i_audio/i_clocking/o_CLK_100
    BUFGCTRL_X0Y0        BUFG (Prop_bufg_I_O)         0.101     3.762 r  i_audio/i_clocking/o_CLK_100_BUFG_inst/O
                         net (fo=1798, routed)        1.659     5.421    i_audio/clk_100_bufg
    SLICE_X35Y15         FDRE                                         r  i_audio/hphone_r_freeze_100_reg[8]/C
  -------------------------------------------------------------------    -------------------
    SLICE_X35Y15         FDRE (Prop_fdre_C_Q)         0.419     5.840 r  i_audio/hphone_r_freeze_100_reg[8]/Q
                         net (fo=1, routed)           0.815     6.656    i_audio/hphone_r_freeze_100_reg_n_0_[8]
    SLICE_X34Y13         LUT4 (Prop_lut4_I0_O)        0.296     6.952 r  i_audio/sr_out[16]_i_1/O
                         net (fo=1, routed)           0.000     6.952    i_audio/Inst_adau1761_izedboard/Inst_i2s_data_interface/sr_out_reg[63]_0[8]
    SLICE_X34Y13         FDRE                                         r  i_audio/Inst_adau1761_izedboard/Inst_i2s_data_interface/sr_out_reg[16]/D
  -------------------------------------------------------------------    -------------------

                         (clock zed_audio_clk_48M rise edge)
                                                      0.000     0.000 r  
    Y9                                                0.000     0.000 r  clk_100 (IN)
                         net (fo=0)                   0.000     0.000    i_audio/i_clocking/clk_100
    Y9                   IBUF (Prop_ibuf_I_O)         1.420     1.420 r  i_audio/i_clocking/clkin1_buf/O
                         net (fo=1, routed)           1.972     3.392    i_audio/i_clocking/o_CLK_100
    BUFGCTRL_X0Y0        BUFG (Prop_bufg_I_O)         0.091     3.483 r  i_audio/i_clocking/o_CLK_100_BUFG_inst/O
                         net (fo=1798, routed)        1.609     5.092    i_audio/i_clocking/o_CLK_100_BUFG
    MMCME2_ADV_X1Y0      MMCME2_ADV (Prop_mmcme2_adv_CLKIN1_CLKOUT0)
                                                      0.083     5.175 r  i_audio/i_clocking/mmcm_adv_inst/CLKOUT0
                         net (fo=1, routed)           1.725     6.900    i_audio/i_clocking/zed_audio_clk_48M
    BUFGCTRL_X0Y1        BUFG (Prop_bufg_I_O)         0.091     6.991 r  i_audio/i_clocking/clkout1_buf/O
                         net (fo=226, routed)         1.488     8.480    i_audio/Inst_adau1761_izedboard/Inst_i2s_data_interface/CLK_48
    SLICE_X34Y13         FDRE                                         r  i_audio/Inst_adau1761_izedboard/Inst_i2s_data_interface/sr_out_reg[16]/C

Slack:                    inf
  Source:                 i_audio/hphone_l_freeze_100_reg[19]/C
                            (rising edge-triggered cell FDRE clocked by clk_100  {rise@0.000ns fall@5.000ns period=10.000ns})
  Destination:            i_audio/Inst_adau1761_izedboard/Inst_i2s_data_interface/sr_out_reg[59]/D
                            (rising edge-triggered cell FDRE clocked by zed_audio_clk_48M  {rise@0.000ns fall@10.417ns period=20.833ns})
  Path Group:             (none)
  Path Type:              Setup (Max at Slow Process Corner)
  Data Path Delay:        1.454ns  (logic 0.718ns (49.366%)  route 0.736ns (50.634%))
  Logic Levels:           1  (LUT4=1)
  Clock Path Skew:        3.053ns (DCD - SCD + CPR)
    Destination Clock Delay (DCD):    8.543ns
    Source Clock Delay      (SCD):    5.489ns
    Clock Pessimism Removal (CPR):    0.000ns
  Clock Uncertainty:      0.435ns  ((TSJ^2 + DJ^2)^1/2) / 2 + PE
    Total System Jitter     (TSJ):    0.071ns
    Discrete Jitter          (DJ):    0.267ns
    Phase Error              (PE):    0.297ns
  Timing Exception:       False Path

    Location             Delay type                Incr(ns)  Path(ns)    Netlist Resource(s)
  -------------------------------------------------------------------    -------------------
                         (clock clk_100 rise edge)    0.000     0.000 r  
    Y9                                                0.000     0.000 r  clk_100 (IN)
                         net (fo=0)                   0.000     0.000    i_audio/i_clocking/clk_100
    Y9                   IBUF (Prop_ibuf_I_O)         1.490     1.490 r  i_audio/i_clocking/clkin1_buf/O
                         net (fo=1, routed)           2.171     3.661    i_audio/i_clocking/o_CLK_100
    BUFGCTRL_X0Y0        BUFG (Prop_bufg_I_O)         0.101     3.762 r  i_audio/i_clocking/o_CLK_100_BUFG_inst/O
                         net (fo=1798, routed)        1.727     5.489    i_audio/clk_100_bufg
    SLICE_X85Y17         FDRE                                         r  i_audio/hphone_l_freeze_100_reg[19]/C
  -------------------------------------------------------------------    -------------------
    SLICE_X85Y17         FDRE (Prop_fdre_C_Q)         0.419     5.908 r  i_audio/hphone_l_freeze_100_reg[19]/Q
                         net (fo=1, routed)           0.736     6.645    i_audio/hphone_l_freeze_100_reg_n_0_[19]
    SLICE_X83Y17         LUT4 (Prop_lut4_I0_O)        0.299     6.944 r  i_audio/sr_out[59]_i_1/O
                         net (fo=1, routed)           0.000     6.944    i_audio/Inst_adau1761_izedboard/Inst_i2s_data_interface/sr_out_reg[63]_0[43]
    SLICE_X83Y17         FDRE                                         r  i_audio/Inst_adau1761_izedboard/Inst_i2s_data_interface/sr_out_reg[59]/D
  -------------------------------------------------------------------    -------------------

                         (clock zed_audio_clk_48M rise edge)
                                                      0.000     0.000 r  
    Y9                                                0.000     0.000 r  clk_100 (IN)
                         net (fo=0)                   0.000     0.000    i_audio/i_clocking/clk_100
    Y9                   IBUF (Prop_ibuf_I_O)         1.420     1.420 r  i_audio/i_clocking/clkin1_buf/O
                         net (fo=1, routed)           1.972     3.392    i_audio/i_clocking/o_CLK_100
    BUFGCTRL_X0Y0        BUFG (Prop_bufg_I_O)         0.091     3.483 r  i_audio/i_clocking/o_CLK_100_BUFG_inst/O
                         net (fo=1798, routed)        1.609     5.092    i_audio/i_clocking/o_CLK_100_BUFG
    MMCME2_ADV_X1Y0      MMCME2_ADV (Prop_mmcme2_adv_CLKIN1_CLKOUT0)
                                                      0.083     5.175 r  i_audio/i_clocking/mmcm_adv_inst/CLKOUT0
                         net (fo=1, routed)           1.725     6.900    i_audio/i_clocking/zed_audio_clk_48M
    BUFGCTRL_X0Y1        BUFG (Prop_bufg_I_O)         0.091     6.991 r  i_audio/i_clocking/clkout1_buf/O
                         net (fo=226, routed)         1.551     8.543    i_audio/Inst_adau1761_izedboard/Inst_i2s_data_interface/CLK_48
    SLICE_X83Y17         FDRE                                         r  i_audio/Inst_adau1761_izedboard/Inst_i2s_data_interface/sr_out_reg[59]/C

Slack:                    inf
  Source:                 i_audio/hphone_l_freeze_100_reg[17]/C
                            (rising edge-triggered cell FDRE clocked by clk_100  {rise@0.000ns fall@5.000ns period=10.000ns})
  Destination:            i_audio/Inst_adau1761_izedboard/Inst_i2s_data_interface/sr_out_reg[57]/D
                            (rising edge-triggered cell FDRE clocked by zed_audio_clk_48M  {rise@0.000ns fall@10.417ns period=20.833ns})
  Path Group:             (none)
  Path Type:              Setup (Max at Slow Process Corner)
  Data Path Delay:        1.426ns  (logic 0.715ns (50.147%)  route 0.711ns (49.853%))
  Logic Levels:           1  (LUT4=1)
  Clock Path Skew:        3.053ns (DCD - SCD + CPR)
    Destination Clock Delay (DCD):    8.543ns
    Source Clock Delay      (SCD):    5.489ns
    Clock Pessimism Removal (CPR):    0.000ns
  Clock Uncertainty:      0.435ns  ((TSJ^2 + DJ^2)^1/2) / 2 + PE
    Total System Jitter     (TSJ):    0.071ns
    Discrete Jitter          (DJ):    0.267ns
    Phase Error              (PE):    0.297ns
  Timing Exception:       False Path

    Location             Delay type                Incr(ns)  Path(ns)    Netlist Resource(s)
  -------------------------------------------------------------------    -------------------
                         (clock clk_100 rise edge)    0.000     0.000 r  
    Y9                                                0.000     0.000 r  clk_100 (IN)
                         net (fo=0)                   0.000     0.000    i_audio/i_clocking/clk_100
    Y9                   IBUF (Prop_ibuf_I_O)         1.490     1.490 r  i_audio/i_clocking/clkin1_buf/O
                         net (fo=1, routed)           2.171     3.661    i_audio/i_clocking/o_CLK_100
    BUFGCTRL_X0Y0        BUFG (Prop_bufg_I_O)         0.101     3.762 r  i_audio/i_clocking/o_CLK_100_BUFG_inst/O
                         net (fo=1798, routed)        1.727     5.489    i_audio/clk_100_bufg
    SLICE_X85Y17         FDRE                                         r  i_audio/hphone_l_freeze_100_reg[17]/C
  -------------------------------------------------------------------    -------------------
    SLICE_X85Y17         FDRE (Prop_fdre_C_Q)         0.419     5.908 r  i_audio/hphone_l_freeze_100_reg[17]/Q
                         net (fo=1, routed)           0.711     6.619    i_audio/hphone_l_freeze_100_reg_n_0_[17]
    SLICE_X83Y17         LUT4 (Prop_lut4_I0_O)        0.296     6.915 r  i_audio/sr_out[57]_i_1/O
                         net (fo=1, routed)           0.000     6.915    i_audio/Inst_adau1761_izedboard/Inst_i2s_data_interface/sr_out_reg[63]_0[41]
    SLICE_X83Y17         FDRE                                         r  i_audio/Inst_adau1761_izedboard/Inst_i2s_data_interface/sr_out_reg[57]/D
  -------------------------------------------------------------------    -------------------

                         (clock zed_audio_clk_48M rise edge)
                                                      0.000     0.000 r  
    Y9                                                0.000     0.000 r  clk_100 (IN)
                         net (fo=0)                   0.000     0.000    i_audio/i_clocking/clk_100
    Y9                   IBUF (Prop_ibuf_I_O)         1.420     1.420 r  i_audio/i_clocking/clkin1_buf/O
                         net (fo=1, routed)           1.972     3.392    i_audio/i_clocking/o_CLK_100
    BUFGCTRL_X0Y0        BUFG (Prop_bufg_I_O)         0.091     3.483 r  i_audio/i_clocking/o_CLK_100_BUFG_inst/O
                         net (fo=1798, routed)        1.609     5.092    i_audio/i_clocking/o_CLK_100_BUFG
    MMCME2_ADV_X1Y0      MMCME2_ADV (Prop_mmcme2_adv_CLKIN1_CLKOUT0)
                                                      0.083     5.175 r  i_audio/i_clocking/mmcm_adv_inst/CLKOUT0
                         net (fo=1, routed)           1.725     6.900    i_audio/i_clocking/zed_audio_clk_48M
    BUFGCTRL_X0Y1        BUFG (Prop_bufg_I_O)         0.091     6.991 r  i_audio/i_clocking/clkout1_buf/O
                         net (fo=226, routed)         1.551     8.543    i_audio/Inst_adau1761_izedboard/Inst_i2s_data_interface/CLK_48
    SLICE_X83Y17         FDRE                                         r  i_audio/Inst_adau1761_izedboard/Inst_i2s_data_interface/sr_out_reg[57]/C

Slack:                    inf
  Source:                 i_audio/hphone_l_freeze_100_reg[7]/C
                            (rising edge-triggered cell FDRE clocked by clk_100  {rise@0.000ns fall@5.000ns period=10.000ns})
  Destination:            i_audio/Inst_adau1761_izedboard/Inst_i2s_data_interface/sr_out_reg[47]/D
                            (rising edge-triggered cell FDRE clocked by zed_audio_clk_48M  {rise@0.000ns fall@10.417ns period=20.833ns})
  Path Group:             (none)
  Path Type:              Setup (Max at Slow Process Corner)
  Data Path Delay:        1.395ns  (logic 0.580ns (41.565%)  route 0.815ns (58.435%))
  Logic Levels:           1  (LUT4=1)
  Clock Path Skew:        3.052ns (DCD - SCD + CPR)
    Destination Clock Delay (DCD):    8.544ns
    Source Clock Delay      (SCD):    5.491ns
    Clock Pessimism Removal (CPR):    0.000ns
  Clock Uncertainty:      0.435ns  ((TSJ^2 + DJ^2)^1/2) / 2 + PE
    Total System Jitter     (TSJ):    0.071ns
    Discrete Jitter          (DJ):    0.267ns
    Phase Error              (PE):    0.297ns
  Timing Exception:       False Path

    Location             Delay type                Incr(ns)  Path(ns)    Netlist Resource(s)
  -------------------------------------------------------------------    -------------------
                         (clock clk_100 rise edge)    0.000     0.000 r  
    Y9                                                0.000     0.000 r  clk_100 (IN)
                         net (fo=0)                   0.000     0.000    i_audio/i_clocking/clk_100
    Y9                   IBUF (Prop_ibuf_I_O)         1.490     1.490 r  i_audio/i_clocking/clkin1_buf/O
                         net (fo=1, routed)           2.171     3.661    i_audio/i_clocking/o_CLK_100
    BUFGCTRL_X0Y0        BUFG (Prop_bufg_I_O)         0.101     3.762 r  i_audio/i_clocking/o_CLK_100_BUFG_inst/O
                         net (fo=1798, routed)        1.729     5.491    i_audio/clk_100_bufg
    SLICE_X85Y15         FDRE                                         r  i_audio/hphone_l_freeze_100_reg[7]/C
  -------------------------------------------------------------------    -------------------
    SLICE_X85Y15         FDRE (Prop_fdre_C_Q)         0.456     5.947 r  i_audio/hphone_l_freeze_100_reg[7]/Q
                         net (fo=1, routed)           0.815     6.763    i_audio/hphone_l_freeze_100_reg_n_0_[7]
    SLICE_X84Y16         LUT4 (Prop_lut4_I0_O)        0.124     6.887 r  i_audio/sr_out[47]_i_1/O
                         net (fo=1, routed)           0.000     6.887    i_audio/Inst_adau1761_izedboard/Inst_i2s_data_interface/sr_out_reg[63]_0[31]
    SLICE_X84Y16         FDRE                                         r  i_audio/Inst_adau1761_izedboard/Inst_i2s_data_interface/sr_out_reg[47]/D
  -------------------------------------------------------------------    -------------------

                         (clock zed_audio_clk_48M rise edge)
                                                      0.000     0.000 r  
    Y9                                                0.000     0.000 r  clk_100 (IN)
                         net (fo=0)                   0.000     0.000    i_audio/i_clocking/clk_100
    Y9                   IBUF (Prop_ibuf_I_O)         1.420     1.420 r  i_audio/i_clocking/clkin1_buf/O
                         net (fo=1, routed)           1.972     3.392    i_audio/i_clocking/o_CLK_100
    BUFGCTRL_X0Y0        BUFG (Prop_bufg_I_O)         0.091     3.483 r  i_audio/i_clocking/o_CLK_100_BUFG_inst/O
                         net (fo=1798, routed)        1.609     5.092    i_audio/i_clocking/o_CLK_100_BUFG
    MMCME2_ADV_X1Y0      MMCME2_ADV (Prop_mmcme2_adv_CLKIN1_CLKOUT0)
                                                      0.083     5.175 r  i_audio/i_clocking/mmcm_adv_inst/CLKOUT0
                         net (fo=1, routed)           1.725     6.900    i_audio/i_clocking/zed_audio_clk_48M
    BUFGCTRL_X0Y1        BUFG (Prop_bufg_I_O)         0.091     6.991 r  i_audio/i_clocking/clkout1_buf/O
                         net (fo=226, routed)         1.552     8.544    i_audio/Inst_adau1761_izedboard/Inst_i2s_data_interface/CLK_48
    SLICE_X84Y16         FDRE                                         r  i_audio/Inst_adau1761_izedboard/Inst_i2s_data_interface/sr_out_reg[47]/C

Slack:                    inf
  Source:                 i_audio/hphone_l_freeze_100_reg[10]/C
                            (rising edge-triggered cell FDRE clocked by clk_100  {rise@0.000ns fall@5.000ns period=10.000ns})
  Destination:            i_audio/Inst_adau1761_izedboard/Inst_i2s_data_interface/sr_out_reg[50]/D
                            (rising edge-triggered cell FDRE clocked by zed_audio_clk_48M  {rise@0.000ns fall@10.417ns period=20.833ns})
  Path Group:             (none)
  Path Type:              Setup (Max at Slow Process Corner)
  Data Path Delay:        1.393ns  (logic 0.580ns (41.637%)  route 0.813ns (58.363%))
  Logic Levels:           1  (LUT4=1)
  Clock Path Skew:        3.052ns (DCD - SCD + CPR)
    Destination Clock Delay (DCD):    8.544ns
    Source Clock Delay      (SCD):    5.491ns
    Clock Pessimism Removal (CPR):    0.000ns
  Clock Uncertainty:      0.435ns  ((TSJ^2 + DJ^2)^1/2) / 2 + PE
    Total System Jitter     (TSJ):    0.071ns
    Discrete Jitter          (DJ):    0.267ns
    Phase Error              (PE):    0.297ns
  Timing Exception:       False Path

    Location             Delay type                Incr(ns)  Path(ns)    Netlist Resource(s)
  -------------------------------------------------------------------    -------------------
                         (clock clk_100 rise edge)    0.000     0.000 r  
    Y9                                                0.000     0.000 r  clk_100 (IN)
                         net (fo=0)                   0.000     0.000    i_audio/i_clocking/clk_100
    Y9                   IBUF (Prop_ibuf_I_O)         1.490     1.490 r  i_audio/i_clocking/clkin1_buf/O
                         net (fo=1, routed)           2.171     3.661    i_audio/i_clocking/o_CLK_100
    BUFGCTRL_X0Y0        BUFG (Prop_bufg_I_O)         0.101     3.762 r  i_audio/i_clocking/o_CLK_100_BUFG_inst/O
                         net (fo=1798, routed)        1.729     5.491    i_audio/clk_100_bufg
    SLICE_X84Y15         FDRE                                         r  i_audio/hphone_l_freeze_100_reg[10]/C
  -------------------------------------------------------------------    -------------------
    SLICE_X84Y15         FDRE (Prop_fdre_C_Q)         0.456     5.947 r  i_audio/hphone_l_freeze_100_reg[10]/Q
                         net (fo=1, routed)           0.813     6.760    i_audio/hphone_l_freeze_100_reg_n_0_[10]
    SLICE_X84Y16         LUT4 (Prop_lut4_I0_O)        0.124     6.884 r  i_audio/sr_out[50]_i_1/O
                         net (fo=1, routed)           0.000     6.884    i_audio/Inst_adau1761_izedboard/Inst_i2s_data_interface/sr_out_reg[63]_0[34]
    SLICE_X84Y16         FDRE                                         r  i_audio/Inst_adau1761_izedboard/Inst_i2s_data_interface/sr_out_reg[50]/D
  -------------------------------------------------------------------    -------------------

                         (clock zed_audio_clk_48M rise edge)
                                                      0.000     0.000 r  
    Y9                                                0.000     0.000 r  clk_100 (IN)
                         net (fo=0)                   0.000     0.000    i_audio/i_clocking/clk_100
    Y9                   IBUF (Prop_ibuf_I_O)         1.420     1.420 r  i_audio/i_clocking/clkin1_buf/O
                         net (fo=1, routed)           1.972     3.392    i_audio/i_clocking/o_CLK_100
    BUFGCTRL_X0Y0        BUFG (Prop_bufg_I_O)         0.091     3.483 r  i_audio/i_clocking/o_CLK_100_BUFG_inst/O
                         net (fo=1798, routed)        1.609     5.092    i_audio/i_clocking/o_CLK_100_BUFG
    MMCME2_ADV_X1Y0      MMCME2_ADV (Prop_mmcme2_adv_CLKIN1_CLKOUT0)
                                                      0.083     5.175 r  i_audio/i_clocking/mmcm_adv_inst/CLKOUT0
                         net (fo=1, routed)           1.725     6.900    i_audio/i_clocking/zed_audio_clk_48M
    BUFGCTRL_X0Y1        BUFG (Prop_bufg_I_O)         0.091     6.991 r  i_audio/i_clocking/clkout1_buf/O
                         net (fo=226, routed)         1.552     8.544    i_audio/Inst_adau1761_izedboard/Inst_i2s_data_interface/CLK_48
    SLICE_X84Y16         FDRE                                         r  i_audio/Inst_adau1761_izedboard/Inst_i2s_data_interface/sr_out_reg[50]/C

Slack:                    inf
  Source:                 i_audio/hphone_l_freeze_100_reg[3]/C
                            (rising edge-triggered cell FDRE clocked by clk_100  {rise@0.000ns fall@5.000ns period=10.000ns})
  Destination:            i_audio/Inst_adau1761_izedboard/Inst_i2s_data_interface/sr_out_reg[43]/D
                            (rising edge-triggered cell FDRE clocked by zed_audio_clk_48M  {rise@0.000ns fall@10.417ns period=20.833ns})
  Path Group:             (none)
  Path Type:              Setup (Max at Slow Process Corner)
  Data Path Delay:        1.391ns  (logic 0.580ns (41.697%)  route 0.811ns (58.303%))
  Logic Levels:           1  (LUT4=1)
  Clock Path Skew:        3.054ns (DCD - SCD + CPR)
    Destination Clock Delay (DCD):    8.546ns
    Source Clock Delay      (SCD):    5.491ns
    Clock Pessimism Removal (CPR):    0.000ns
  Clock Uncertainty:      0.435ns  ((TSJ^2 + DJ^2)^1/2) / 2 + PE
    Total System Jitter     (TSJ):    0.071ns
    Discrete Jitter          (DJ):    0.267ns
    Phase Error              (PE):    0.297ns
  Timing Exception:       False Path

    Location             Delay type                Incr(ns)  Path(ns)    Netlist Resource(s)
  -------------------------------------------------------------------    -------------------
                         (clock clk_100 rise edge)    0.000     0.000 r  
    Y9                                                0.000     0.000 r  clk_100 (IN)
                         net (fo=0)                   0.000     0.000    i_audio/i_clocking/clk_100
    Y9                   IBUF (Prop_ibuf_I_O)         1.490     1.490 r  i_audio/i_clocking/clkin1_buf/O
                         net (fo=1, routed)           2.171     3.661    i_audio/i_clocking/o_CLK_100
    BUFGCTRL_X0Y0        BUFG (Prop_bufg_I_O)         0.101     3.762 r  i_audio/i_clocking/o_CLK_100_BUFG_inst/O
                         net (fo=1798, routed)        1.729     5.491    i_audio/clk_100_bufg
    SLICE_X84Y15         FDRE                                         r  i_audio/hphone_l_freeze_100_reg[3]/C
  -------------------------------------------------------------------    -------------------
    SLICE_X84Y15         FDRE (Prop_fdre_C_Q)         0.456     5.947 r  i_audio/hphone_l_freeze_100_reg[3]/Q
                         net (fo=1, routed)           0.811     6.758    i_audio/hphone_l_freeze_100_reg_n_0_[3]
    SLICE_X85Y14         LUT4 (Prop_lut4_I0_O)        0.124     6.882 r  i_audio/sr_out[43]_i_1/O
                         net (fo=1, routed)           0.000     6.882    i_audio/Inst_adau1761_izedboard/Inst_i2s_data_interface/sr_out_reg[63]_0[27]
    SLICE_X85Y14         FDRE                                         r  i_audio/Inst_adau1761_izedboard/Inst_i2s_data_interface/sr_out_reg[43]/D
  -------------------------------------------------------------------    -------------------

                         (clock zed_audio_clk_48M rise edge)
                                                      0.000     0.000 r  
    Y9                                                0.000     0.000 r  clk_100 (IN)
                         net (fo=0)                   0.000     0.000    i_audio/i_clocking/clk_100
    Y9                   IBUF (Prop_ibuf_I_O)         1.420     1.420 r  i_audio/i_clocking/clkin1_buf/O
                         net (fo=1, routed)           1.972     3.392    i_audio/i_clocking/o_CLK_100
    BUFGCTRL_X0Y0        BUFG (Prop_bufg_I_O)         0.091     3.483 r  i_audio/i_clocking/o_CLK_100_BUFG_inst/O
                         net (fo=1798, routed)        1.609     5.092    i_audio/i_clocking/o_CLK_100_BUFG
    MMCME2_ADV_X1Y0      MMCME2_ADV (Prop_mmcme2_adv_CLKIN1_CLKOUT0)
                                                      0.083     5.175 r  i_audio/i_clocking/mmcm_adv_inst/CLKOUT0
                         net (fo=1, routed)           1.725     6.900    i_audio/i_clocking/zed_audio_clk_48M
    BUFGCTRL_X0Y1        BUFG (Prop_bufg_I_O)         0.091     6.991 r  i_audio/i_clocking/clkout1_buf/O
                         net (fo=226, routed)         1.554     8.546    i_audio/Inst_adau1761_izedboard/Inst_i2s_data_interface/CLK_48
    SLICE_X85Y14         FDRE                                         r  i_audio/Inst_adau1761_izedboard/Inst_i2s_data_interface/sr_out_reg[43]/C

Slack:                    inf
  Source:                 i_audio/hphone_l_freeze_100_reg[21]/C
                            (rising edge-triggered cell FDRE clocked by clk_100  {rise@0.000ns fall@5.000ns period=10.000ns})
  Destination:            i_audio/Inst_adau1761_izedboard/Inst_i2s_data_interface/sr_out_reg[61]/D
                            (rising edge-triggered cell FDRE clocked by zed_audio_clk_48M  {rise@0.000ns fall@10.417ns period=20.833ns})
  Path Group:             (none)
  Path Type:              Setup (Max at Slow Process Corner)
  Data Path Delay:        1.386ns  (logic 0.580ns (41.846%)  route 0.806ns (58.154%))
  Logic Levels:           1  (LUT4=1)
  Clock Path Skew:        3.053ns (DCD - SCD + CPR)
    Destination Clock Delay (DCD):    8.543ns
    Source Clock Delay      (SCD):    5.489ns
    Clock Pessimism Removal (CPR):    0.000ns
  Clock Uncertainty:      0.435ns  ((TSJ^2 + DJ^2)^1/2) / 2 + PE
    Total System Jitter     (TSJ):    0.071ns
    Discrete Jitter          (DJ):    0.267ns
    Phase Error              (PE):    0.297ns
  Timing Exception:       False Path

    Location             Delay type                Incr(ns)  Path(ns)    Netlist Resource(s)
  -------------------------------------------------------------------    -------------------
                         (clock clk_100 rise edge)    0.000     0.000 r  
    Y9                                                0.000     0.000 r  clk_100 (IN)
                         net (fo=0)                   0.000     0.000    i_audio/i_clocking/clk_100
    Y9                   IBUF (Prop_ibuf_I_O)         1.490     1.490 r  i_audio/i_clocking/clkin1_buf/O
                         net (fo=1, routed)           2.171     3.661    i_audio/i_clocking/o_CLK_100
    BUFGCTRL_X0Y0        BUFG (Prop_bufg_I_O)         0.101     3.762 r  i_audio/i_clocking/o_CLK_100_BUFG_inst/O
                         net (fo=1798, routed)        1.727     5.489    i_audio/clk_100_bufg
    SLICE_X84Y17         FDRE                                         r  i_audio/hphone_l_freeze_100_reg[21]/C
  -------------------------------------------------------------------    -------------------
    SLICE_X84Y17         FDRE (Prop_fdre_C_Q)         0.456     5.945 r  i_audio/hphone_l_freeze_100_reg[21]/Q
                         net (fo=1, routed)           0.806     6.751    i_audio/hphone_l_freeze_100_reg_n_0_[21]
    SLICE_X82Y17         LUT4 (Prop_lut4_I0_O)        0.124     6.875 r  i_audio/sr_out[61]_i_1/O
                         net (fo=1, routed)           0.000     6.875    i_audio/Inst_adau1761_izedboard/Inst_i2s_data_interface/sr_out_reg[63]_0[45]
    SLICE_X82Y17         FDRE                                         r  i_audio/Inst_adau1761_izedboard/Inst_i2s_data_interface/sr_out_reg[61]/D
  -------------------------------------------------------------------    -------------------

                         (clock zed_audio_clk_48M rise edge)
                                                      0.000     0.000 r  
    Y9                                                0.000     0.000 r  clk_100 (IN)
                         net (fo=0)                   0.000     0.000    i_audio/i_clocking/clk_100
    Y9                   IBUF (Prop_ibuf_I_O)         1.420     1.420 r  i_audio/i_clocking/clkin1_buf/O
                         net (fo=1, routed)           1.972     3.392    i_audio/i_clocking/o_CLK_100
    BUFGCTRL_X0Y0        BUFG (Prop_bufg_I_O)         0.091     3.483 r  i_audio/i_clocking/o_CLK_100_BUFG_inst/O
                         net (fo=1798, routed)        1.609     5.092    i_audio/i_clocking/o_CLK_100_BUFG
    MMCME2_ADV_X1Y0      MMCME2_ADV (Prop_mmcme2_adv_CLKIN1_CLKOUT0)
                                                      0.083     5.175 r  i_audio/i_clocking/mmcm_adv_inst/CLKOUT0
                         net (fo=1, routed)           1.725     6.900    i_audio/i_clocking/zed_audio_clk_48M
    BUFGCTRL_X0Y1        BUFG (Prop_bufg_I_O)         0.091     6.991 r  i_audio/i_clocking/clkout1_buf/O
                         net (fo=226, routed)         1.551     8.543    i_audio/Inst_adau1761_izedboard/Inst_i2s_data_interface/CLK_48
    SLICE_X82Y17         FDRE                                         r  i_audio/Inst_adau1761_izedboard/Inst_i2s_data_interface/sr_out_reg[61]/C





Min Delay Paths
--------------------------------------------------------------------------------------
Slack:                    inf
  Source:                 i_audio/hphone_r_freeze_100_reg[19]/C
                            (rising edge-triggered cell FDRE clocked by clk_100  {rise@0.000ns fall@5.000ns period=10.000ns})
  Destination:            i_audio/Inst_adau1761_izedboard/Inst_i2s_data_interface/sr_out_reg[27]/D
                            (rising edge-triggered cell FDRE clocked by zed_audio_clk_48M  {rise@0.000ns fall@10.417ns period=20.833ns})
  Path Group:             (none)
  Path Type:              Hold (Min at Fast Process Corner)
  Data Path Delay:        0.259ns  (logic 0.209ns (80.663%)  route 0.050ns (19.337%))
  Logic Levels:           1  (LUT4=1)
  Clock Path Skew:        2.032ns (DCD - SCD - CPR)
    Destination Clock Delay (DCD):    3.534ns
    Source Clock Delay      (SCD):    1.502ns
    Clock Pessimism Removal (CPR):    -0.000ns
  Clock Uncertainty:      0.435ns  ((TSJ^2 + DJ^2)^1/2) / 2 + PE
    Total System Jitter     (TSJ):    0.071ns
    Discrete Jitter          (DJ):    0.267ns
    Phase Error              (PE):    0.297ns
  Timing Exception:       False Path

    Location             Delay type                Incr(ns)  Path(ns)    Netlist Resource(s)
  -------------------------------------------------------------------    -------------------
                         (clock clk_100 rise edge)    0.000     0.000 r  
    Y9                                                0.000     0.000 r  clk_100 (IN)
                         net (fo=0)                   0.000     0.000    i_audio/i_clocking/clk_100
    Y9                   IBUF (Prop_ibuf_I_O)         0.258     0.258 r  i_audio/i_clocking/clkin1_buf/O
                         net (fo=1, routed)           0.663     0.921    i_audio/i_clocking/o_CLK_100
    BUFGCTRL_X0Y0        BUFG (Prop_bufg_I_O)         0.026     0.947 r  i_audio/i_clocking/o_CLK_100_BUFG_inst/O
                         net (fo=1798, routed)        0.555     1.502    i_audio/clk_100_bufg
    SLICE_X38Y16         FDRE                                         r  i_audio/hphone_r_freeze_100_reg[19]/C
  -------------------------------------------------------------------    -------------------
    SLICE_X38Y16         FDRE (Prop_fdre_C_Q)         0.164     1.666 r  i_audio/hphone_r_freeze_100_reg[19]/Q
                         net (fo=1, routed)           0.050     1.716    i_audio/hphone_r_freeze_100_reg_n_0_[19]
    SLICE_X39Y16         LUT4 (Prop_lut4_I0_O)        0.045     1.761 r  i_audio/sr_out[27]_i_1/O
                         net (fo=1, routed)           0.000     1.761    i_audio/Inst_adau1761_izedboard/Inst_i2s_data_interface/sr_out_reg[63]_0[19]
    SLICE_X39Y16         FDRE                                         r  i_audio/Inst_adau1761_izedboard/Inst_i2s_data_interface/sr_out_reg[27]/D
  -------------------------------------------------------------------    -------------------

                         (clock zed_audio_clk_48M rise edge)
                                                      0.000     0.000 r  
    Y9                                                0.000     0.000 r  clk_100 (IN)
                         net (fo=0)                   0.000     0.000    i_audio/i_clocking/clk_100
    Y9                   IBUF (Prop_ibuf_I_O)         0.446     0.446 r  i_audio/i_clocking/clkin1_buf/O
                         net (fo=1, routed)           0.719     1.165    i_audio/i_clocking/o_CLK_100
    BUFGCTRL_X0Y0        BUFG (Prop_bufg_I_O)         0.029     1.194 r  i_audio/i_clocking/o_CLK_100_BUFG_inst/O
                         net (fo=1798, routed)        0.862     2.056    i_audio/i_clocking/o_CLK_100_BUFG
    MMCME2_ADV_X1Y0      MMCME2_ADV (Prop_mmcme2_adv_CLKIN1_CLKOUT0)
                                                      0.053     2.109 r  i_audio/i_clocking/mmcm_adv_inst/CLKOUT0
                         net (fo=1, routed)           0.576     2.685    i_audio/i_clocking/zed_audio_clk_48M
    BUFGCTRL_X0Y1        BUFG (Prop_bufg_I_O)         0.029     2.714 r  i_audio/i_clocking/clkout1_buf/O
                         net (fo=226, routed)         0.820     3.534    i_audio/Inst_adau1761_izedboard/Inst_i2s_data_interface/CLK_48
    SLICE_X39Y16         FDRE                                         r  i_audio/Inst_adau1761_izedboard/Inst_i2s_data_interface/sr_out_reg[27]/C

Slack:                    inf
  Source:                 i_audio/hphone_r_freeze_100_reg[20]/C
                            (rising edge-triggered cell FDRE clocked by clk_100  {rise@0.000ns fall@5.000ns period=10.000ns})
  Destination:            i_audio/Inst_adau1761_izedboard/Inst_i2s_data_interface/sr_out_reg[28]/D
                            (rising edge-triggered cell FDRE clocked by zed_audio_clk_48M  {rise@0.000ns fall@10.417ns period=20.833ns})
  Path Group:             (none)
  Path Type:              Hold (Min at Fast Process Corner)
  Data Path Delay:        0.291ns  (logic 0.209ns (71.796%)  route 0.082ns (28.204%))
  Logic Levels:           1  (LUT4=1)
  Clock Path Skew:        2.032ns (DCD - SCD - CPR)
    Destination Clock Delay (DCD):    3.534ns
    Source Clock Delay      (SCD):    1.502ns
    Clock Pessimism Removal (CPR):    -0.000ns
  Clock Uncertainty:      0.435ns  ((TSJ^2 + DJ^2)^1/2) / 2 + PE
    Total System Jitter     (TSJ):    0.071ns
    Discrete Jitter          (DJ):    0.267ns
    Phase Error              (PE):    0.297ns
  Timing Exception:       False Path

    Location             Delay type                Incr(ns)  Path(ns)    Netlist Resource(s)
  -------------------------------------------------------------------    -------------------
                         (clock clk_100 rise edge)    0.000     0.000 r  
    Y9                                                0.000     0.000 r  clk_100 (IN)
                         net (fo=0)                   0.000     0.000    i_audio/i_clocking/clk_100
    Y9                   IBUF (Prop_ibuf_I_O)         0.258     0.258 r  i_audio/i_clocking/clkin1_buf/O
                         net (fo=1, routed)           0.663     0.921    i_audio/i_clocking/o_CLK_100
    BUFGCTRL_X0Y0        BUFG (Prop_bufg_I_O)         0.026     0.947 r  i_audio/i_clocking/o_CLK_100_BUFG_inst/O
                         net (fo=1798, routed)        0.555     1.502    i_audio/clk_100_bufg
    SLICE_X38Y16         FDRE                                         r  i_audio/hphone_r_freeze_100_reg[20]/C
  -------------------------------------------------------------------    -------------------
    SLICE_X38Y16         FDRE (Prop_fdre_C_Q)         0.164     1.666 r  i_audio/hphone_r_freeze_100_reg[20]/Q
                         net (fo=1, routed)           0.082     1.748    i_audio/hphone_r_freeze_100_reg_n_0_[20]
    SLICE_X39Y16         LUT4 (Prop_lut4_I0_O)        0.045     1.793 r  i_audio/sr_out[28]_i_1/O
                         net (fo=1, routed)           0.000     1.793    i_audio/Inst_adau1761_izedboard/Inst_i2s_data_interface/sr_out_reg[63]_0[20]
    SLICE_X39Y16         FDRE                                         r  i_audio/Inst_adau1761_izedboard/Inst_i2s_data_interface/sr_out_reg[28]/D
  -------------------------------------------------------------------    -------------------

                         (clock zed_audio_clk_48M rise edge)
                                                      0.000     0.000 r  
    Y9                                                0.000     0.000 r  clk_100 (IN)
                         net (fo=0)                   0.000     0.000    i_audio/i_clocking/clk_100
    Y9                   IBUF (Prop_ibuf_I_O)         0.446     0.446 r  i_audio/i_clocking/clkin1_buf/O
                         net (fo=1, routed)           0.719     1.165    i_audio/i_clocking/o_CLK_100
    BUFGCTRL_X0Y0        BUFG (Prop_bufg_I_O)         0.029     1.194 r  i_audio/i_clocking/o_CLK_100_BUFG_inst/O
                         net (fo=1798, routed)        0.862     2.056    i_audio/i_clocking/o_CLK_100_BUFG
    MMCME2_ADV_X1Y0      MMCME2_ADV (Prop_mmcme2_adv_CLKIN1_CLKOUT0)
                                                      0.053     2.109 r  i_audio/i_clocking/mmcm_adv_inst/CLKOUT0
                         net (fo=1, routed)           0.576     2.685    i_audio/i_clocking/zed_audio_clk_48M
    BUFGCTRL_X0Y1        BUFG (Prop_bufg_I_O)         0.029     2.714 r  i_audio/i_clocking/clkout1_buf/O
                         net (fo=226, routed)         0.820     3.534    i_audio/Inst_adau1761_izedboard/Inst_i2s_data_interface/CLK_48
    SLICE_X39Y16         FDRE                                         r  i_audio/Inst_adau1761_izedboard/Inst_i2s_data_interface/sr_out_reg[28]/C

Slack:                    inf
  Source:                 i_audio/hphone_l_freeze_100_reg[2]/C
                            (rising edge-triggered cell FDRE clocked by clk_100  {rise@0.000ns fall@5.000ns period=10.000ns})
  Destination:            i_audio/Inst_adau1761_izedboard/Inst_i2s_data_interface/sr_out_reg[42]/D
                            (rising edge-triggered cell FDRE clocked by zed_audio_clk_48M  {rise@0.000ns fall@10.417ns period=20.833ns})
  Path Group:             (none)
  Path Type:              Hold (Min at Fast Process Corner)
  Data Path Delay:        0.272ns  (logic 0.186ns (68.463%)  route 0.086ns (31.537%))
  Logic Levels:           1  (LUT4=1)
  Clock Path Skew:        2.035ns (DCD - SCD - CPR)
    Destination Clock Delay (DCD):    3.565ns
    Source Clock Delay      (SCD):    1.530ns
    Clock Pessimism Removal (CPR):    -0.000ns
  Clock Uncertainty:      0.435ns  ((TSJ^2 + DJ^2)^1/2) / 2 + PE
    Total System Jitter     (TSJ):    0.071ns
    Discrete Jitter          (DJ):    0.267ns
    Phase Error              (PE):    0.297ns
  Timing Exception:       False Path

    Location             Delay type                Incr(ns)  Path(ns)    Netlist Resource(s)
  -------------------------------------------------------------------    -------------------
                         (clock clk_100 rise edge)    0.000     0.000 r  
    Y9                                                0.000     0.000 r  clk_100 (IN)
                         net (fo=0)                   0.000     0.000    i_audio/i_clocking/clk_100
    Y9                   IBUF (Prop_ibuf_I_O)         0.258     0.258 r  i_audio/i_clocking/clkin1_buf/O
                         net (fo=1, routed)           0.663     0.921    i_audio/i_clocking/o_CLK_100
    BUFGCTRL_X0Y0        BUFG (Prop_bufg_I_O)         0.026     0.947 r  i_audio/i_clocking/o_CLK_100_BUFG_inst/O
                         net (fo=1798, routed)        0.583     1.530    i_audio/clk_100_bufg
    SLICE_X84Y14         FDRE                                         r  i_audio/hphone_l_freeze_100_reg[2]/C
  -------------------------------------------------------------------    -------------------
    SLICE_X84Y14         FDRE (Prop_fdre_C_Q)         0.141     1.671 r  i_audio/hphone_l_freeze_100_reg[2]/Q
                         net (fo=1, routed)           0.086     1.757    i_audio/hphone_l_freeze_100_reg_n_0_[2]
    SLICE_X85Y14         LUT4 (Prop_lut4_I0_O)        0.045     1.802 r  i_audio/sr_out[42]_i_1/O
                         net (fo=1, routed)           0.000     1.802    i_audio/Inst_adau1761_izedboard/Inst_i2s_data_interface/sr_out_reg[63]_0[26]
    SLICE_X85Y14         FDRE                                         r  i_audio/Inst_adau1761_izedboard/Inst_i2s_data_interface/sr_out_reg[42]/D
  -------------------------------------------------------------------    -------------------

                         (clock zed_audio_clk_48M rise edge)
                                                      0.000     0.000 r  
    Y9                                                0.000     0.000 r  clk_100 (IN)
                         net (fo=0)                   0.000     0.000    i_audio/i_clocking/clk_100
    Y9                   IBUF (Prop_ibuf_I_O)         0.446     0.446 r  i_audio/i_clocking/clkin1_buf/O
                         net (fo=1, routed)           0.719     1.165    i_audio/i_clocking/o_CLK_100
    BUFGCTRL_X0Y0        BUFG (Prop_bufg_I_O)         0.029     1.194 r  i_audio/i_clocking/o_CLK_100_BUFG_inst/O
                         net (fo=1798, routed)        0.862     2.056    i_audio/i_clocking/o_CLK_100_BUFG
    MMCME2_ADV_X1Y0      MMCME2_ADV (Prop_mmcme2_adv_CLKIN1_CLKOUT0)
                                                      0.053     2.109 r  i_audio/i_clocking/mmcm_adv_inst/CLKOUT0
                         net (fo=1, routed)           0.576     2.685    i_audio/i_clocking/zed_audio_clk_48M
    BUFGCTRL_X0Y1        BUFG (Prop_bufg_I_O)         0.029     2.714 r  i_audio/i_clocking/clkout1_buf/O
                         net (fo=226, routed)         0.851     3.565    i_audio/Inst_adau1761_izedboard/Inst_i2s_data_interface/CLK_48
    SLICE_X85Y14         FDRE                                         r  i_audio/Inst_adau1761_izedboard/Inst_i2s_data_interface/sr_out_reg[42]/C

Slack:                    inf
  Source:                 i_audio/hphone_r_freeze_100_reg[9]/C
                            (rising edge-triggered cell FDRE clocked by clk_100  {rise@0.000ns fall@5.000ns period=10.000ns})
  Destination:            i_audio/Inst_adau1761_izedboard/Inst_i2s_data_interface/sr_out_reg[17]/D
                            (rising edge-triggered cell FDRE clocked by zed_audio_clk_48M  {rise@0.000ns fall@10.417ns period=20.833ns})
  Path Group:             (none)
  Path Type:              Hold (Min at Fast Process Corner)
  Data Path Delay:        0.324ns  (logic 0.186ns (57.389%)  route 0.138ns (42.611%))
  Logic Levels:           1  (LUT4=1)
  Clock Path Skew:        2.032ns (DCD - SCD - CPR)
    Destination Clock Delay (DCD):    3.537ns
    Source Clock Delay      (SCD):    1.505ns
    Clock Pessimism Removal (CPR):    -0.000ns
  Clock Uncertainty:      0.435ns  ((TSJ^2 + DJ^2)^1/2) / 2 + PE
    Total System Jitter     (TSJ):    0.071ns
    Discrete Jitter          (DJ):    0.267ns
    Phase Error              (PE):    0.297ns
  Timing Exception:       False Path

    Location             Delay type                Incr(ns)  Path(ns)    Netlist Resource(s)
  -------------------------------------------------------------------    -------------------
                         (clock clk_100 rise edge)    0.000     0.000 r  
    Y9                                                0.000     0.000 r  clk_100 (IN)
                         net (fo=0)                   0.000     0.000    i_audio/i_clocking/clk_100
    Y9                   IBUF (Prop_ibuf_I_O)         0.258     0.258 r  i_audio/i_clocking/clkin1_buf/O
                         net (fo=1, routed)           0.663     0.921    i_audio/i_clocking/o_CLK_100
    BUFGCTRL_X0Y0        BUFG (Prop_bufg_I_O)         0.026     0.947 r  i_audio/i_clocking/o_CLK_100_BUFG_inst/O
                         net (fo=1798, routed)        0.558     1.505    i_audio/clk_100_bufg
    SLICE_X35Y13         FDRE                                         r  i_audio/hphone_r_freeze_100_reg[9]/C
  -------------------------------------------------------------------    -------------------
    SLICE_X35Y13         FDRE (Prop_fdre_C_Q)         0.141     1.646 r  i_audio/hphone_r_freeze_100_reg[9]/Q
                         net (fo=1, routed)           0.138     1.784    i_audio/hphone_r_freeze_100_reg_n_0_[9]
    SLICE_X34Y13         LUT4 (Prop_lut4_I0_O)        0.045     1.829 r  i_audio/sr_out[17]_i_1/O
                         net (fo=1, routed)           0.000     1.829    i_audio/Inst_adau1761_izedboard/Inst_i2s_data_interface/sr_out_reg[63]_0[9]
    SLICE_X34Y13         FDRE                                         r  i_audio/Inst_adau1761_izedboard/Inst_i2s_data_interface/sr_out_reg[17]/D
  -------------------------------------------------------------------    -------------------

                         (clock zed_audio_clk_48M rise edge)
                                                      0.000     0.000 r  
    Y9                                                0.000     0.000 r  clk_100 (IN)
                         net (fo=0)                   0.000     0.000    i_audio/i_clocking/clk_100
    Y9                   IBUF (Prop_ibuf_I_O)         0.446     0.446 r  i_audio/i_clocking/clkin1_buf/O
                         net (fo=1, routed)           0.719     1.165    i_audio/i_clocking/o_CLK_100
    BUFGCTRL_X0Y0        BUFG (Prop_bufg_I_O)         0.029     1.194 r  i_audio/i_clocking/o_CLK_100_BUFG_inst/O
                         net (fo=1798, routed)        0.862     2.056    i_audio/i_clocking/o_CLK_100_BUFG
    MMCME2_ADV_X1Y0      MMCME2_ADV (Prop_mmcme2_adv_CLKIN1_CLKOUT0)
                                                      0.053     2.109 r  i_audio/i_clocking/mmcm_adv_inst/CLKOUT0
                         net (fo=1, routed)           0.576     2.685    i_audio/i_clocking/zed_audio_clk_48M
    BUFGCTRL_X0Y1        BUFG (Prop_bufg_I_O)         0.029     2.714 r  i_audio/i_clocking/clkout1_buf/O
                         net (fo=226, routed)         0.823     3.537    i_audio/Inst_adau1761_izedboard/Inst_i2s_data_interface/CLK_48
    SLICE_X34Y13         FDRE                                         r  i_audio/Inst_adau1761_izedboard/Inst_i2s_data_interface/sr_out_reg[17]/C

Slack:                    inf
  Source:                 i_audio/hphone_r_freeze_100_reg[7]/C
                            (rising edge-triggered cell FDRE clocked by clk_100  {rise@0.000ns fall@5.000ns period=10.000ns})
  Destination:            i_audio/Inst_adau1761_izedboard/Inst_i2s_data_interface/sr_out_reg[15]/D
                            (rising edge-triggered cell FDRE clocked by zed_audio_clk_48M  {rise@0.000ns fall@10.417ns period=20.833ns})
  Path Group:             (none)
  Path Type:              Hold (Min at Fast Process Corner)
  Data Path Delay:        0.326ns  (logic 0.186ns (57.037%)  route 0.140ns (42.963%))
  Logic Levels:           1  (LUT4=1)
  Clock Path Skew:        2.032ns (DCD - SCD - CPR)
    Destination Clock Delay (DCD):    3.537ns
    Source Clock Delay      (SCD):    1.505ns
    Clock Pessimism Removal (CPR):    -0.000ns
  Clock Uncertainty:      0.435ns  ((TSJ^2 + DJ^2)^1/2) / 2 + PE
    Total System Jitter     (TSJ):    0.071ns
    Discrete Jitter          (DJ):    0.267ns
    Phase Error              (PE):    0.297ns
  Timing Exception:       False Path

    Location             Delay type                Incr(ns)  Path(ns)    Netlist Resource(s)
  -------------------------------------------------------------------    -------------------
                         (clock clk_100 rise edge)    0.000     0.000 r  
    Y9                                                0.000     0.000 r  clk_100 (IN)
                         net (fo=0)                   0.000     0.000    i_audio/i_clocking/clk_100
    Y9                   IBUF (Prop_ibuf_I_O)         0.258     0.258 r  i_audio/i_clocking/clkin1_buf/O
                         net (fo=1, routed)           0.663     0.921    i_audio/i_clocking/o_CLK_100
    BUFGCTRL_X0Y0        BUFG (Prop_bufg_I_O)         0.026     0.947 r  i_audio/i_clocking/o_CLK_100_BUFG_inst/O
                         net (fo=1798, routed)        0.558     1.505    i_audio/clk_100_bufg
    SLICE_X35Y13         FDRE                                         r  i_audio/hphone_r_freeze_100_reg[7]/C
  -------------------------------------------------------------------    -------------------
    SLICE_X35Y13         FDRE (Prop_fdre_C_Q)         0.141     1.646 r  i_audio/hphone_r_freeze_100_reg[7]/Q
                         net (fo=1, routed)           0.140     1.786    i_audio/hphone_r_freeze_100_reg_n_0_[7]
    SLICE_X34Y13         LUT4 (Prop_lut4_I0_O)        0.045     1.831 r  i_audio/sr_out[15]_i_1/O
                         net (fo=1, routed)           0.000     1.831    i_audio/Inst_adau1761_izedboard/Inst_i2s_data_interface/sr_out_reg[63]_0[7]
    SLICE_X34Y13         FDRE                                         r  i_audio/Inst_adau1761_izedboard/Inst_i2s_data_interface/sr_out_reg[15]/D
  -------------------------------------------------------------------    -------------------

                         (clock zed_audio_clk_48M rise edge)
                                                      0.000     0.000 r  
    Y9                                                0.000     0.000 r  clk_100 (IN)
                         net (fo=0)                   0.000     0.000    i_audio/i_clocking/clk_100
    Y9                   IBUF (Prop_ibuf_I_O)         0.446     0.446 r  i_audio/i_clocking/clkin1_buf/O
                         net (fo=1, routed)           0.719     1.165    i_audio/i_clocking/o_CLK_100
    BUFGCTRL_X0Y0        BUFG (Prop_bufg_I_O)         0.029     1.194 r  i_audio/i_clocking/o_CLK_100_BUFG_inst/O
                         net (fo=1798, routed)        0.862     2.056    i_audio/i_clocking/o_CLK_100_BUFG
    MMCME2_ADV_X1Y0      MMCME2_ADV (Prop_mmcme2_adv_CLKIN1_CLKOUT0)
                                                      0.053     2.109 r  i_audio/i_clocking/mmcm_adv_inst/CLKOUT0
                         net (fo=1, routed)           0.576     2.685    i_audio/i_clocking/zed_audio_clk_48M
    BUFGCTRL_X0Y1        BUFG (Prop_bufg_I_O)         0.029     2.714 r  i_audio/i_clocking/clkout1_buf/O
                         net (fo=226, routed)         0.823     3.537    i_audio/Inst_adau1761_izedboard/Inst_i2s_data_interface/CLK_48
    SLICE_X34Y13         FDRE                                         r  i_audio/Inst_adau1761_izedboard/Inst_i2s_data_interface/sr_out_reg[15]/C

Slack:                    inf
  Source:                 i_audio/hphone_r_freeze_100_reg[5]/C
                            (rising edge-triggered cell FDRE clocked by clk_100  {rise@0.000ns fall@5.000ns period=10.000ns})
  Destination:            i_audio/Inst_adau1761_izedboard/Inst_i2s_data_interface/sr_out_reg[13]/D
                            (rising edge-triggered cell FDRE clocked by zed_audio_clk_48M  {rise@0.000ns fall@10.417ns period=20.833ns})
  Path Group:             (none)
  Path Type:              Hold (Min at Fast Process Corner)
  Data Path Delay:        0.335ns  (logic 0.227ns (67.805%)  route 0.108ns (32.195%))
  Logic Levels:           1  (LUT4=1)
  Clock Path Skew:        2.032ns (DCD - SCD - CPR)
    Destination Clock Delay (DCD):    3.537ns
    Source Clock Delay      (SCD):    1.505ns
    Clock Pessimism Removal (CPR):    -0.000ns
  Clock Uncertainty:      0.435ns  ((TSJ^2 + DJ^2)^1/2) / 2 + PE
    Total System Jitter     (TSJ):    0.071ns
    Discrete Jitter          (DJ):    0.267ns
    Phase Error              (PE):    0.297ns
  Timing Exception:       False Path

    Location             Delay type                Incr(ns)  Path(ns)    Netlist Resource(s)
  -------------------------------------------------------------------    -------------------
                         (clock clk_100 rise edge)    0.000     0.000 r  
    Y9                                                0.000     0.000 r  clk_100 (IN)
                         net (fo=0)                   0.000     0.000    i_audio/i_clocking/clk_100
    Y9                   IBUF (Prop_ibuf_I_O)         0.258     0.258 r  i_audio/i_clocking/clkin1_buf/O
                         net (fo=1, routed)           0.663     0.921    i_audio/i_clocking/o_CLK_100
    BUFGCTRL_X0Y0        BUFG (Prop_bufg_I_O)         0.026     0.947 r  i_audio/i_clocking/o_CLK_100_BUFG_inst/O
                         net (fo=1798, routed)        0.558     1.505    i_audio/clk_100_bufg
    SLICE_X35Y15         FDRE                                         r  i_audio/hphone_r_freeze_100_reg[5]/C
  -------------------------------------------------------------------    -------------------
    SLICE_X35Y15         FDRE (Prop_fdre_C_Q)         0.128     1.633 r  i_audio/hphone_r_freeze_100_reg[5]/Q
                         net (fo=1, routed)           0.108     1.741    i_audio/hphone_r_freeze_100_reg_n_0_[5]
    SLICE_X35Y14         LUT4 (Prop_lut4_I0_O)        0.099     1.840 r  i_audio/sr_out[13]_i_1/O
                         net (fo=1, routed)           0.000     1.840    i_audio/Inst_adau1761_izedboard/Inst_i2s_data_interface/sr_out_reg[63]_0[5]
    SLICE_X35Y14         FDRE                                         r  i_audio/Inst_adau1761_izedboard/Inst_i2s_data_interface/sr_out_reg[13]/D
  -------------------------------------------------------------------    -------------------

                         (clock zed_audio_clk_48M rise edge)
                                                      0.000     0.000 r  
    Y9                                                0.000     0.000 r  clk_100 (IN)
                         net (fo=0)                   0.000     0.000    i_audio/i_clocking/clk_100
    Y9                   IBUF (Prop_ibuf_I_O)         0.446     0.446 r  i_audio/i_clocking/clkin1_buf/O
                         net (fo=1, routed)           0.719     1.165    i_audio/i_clocking/o_CLK_100
    BUFGCTRL_X0Y0        BUFG (Prop_bufg_I_O)         0.029     1.194 r  i_audio/i_clocking/o_CLK_100_BUFG_inst/O
                         net (fo=1798, routed)        0.862     2.056    i_audio/i_clocking/o_CLK_100_BUFG
    MMCME2_ADV_X1Y0      MMCME2_ADV (Prop_mmcme2_adv_CLKIN1_CLKOUT0)
                                                      0.053     2.109 r  i_audio/i_clocking/mmcm_adv_inst/CLKOUT0
                         net (fo=1, routed)           0.576     2.685    i_audio/i_clocking/zed_audio_clk_48M
    BUFGCTRL_X0Y1        BUFG (Prop_bufg_I_O)         0.029     2.714 r  i_audio/i_clocking/clkout1_buf/O
                         net (fo=226, routed)         0.823     3.537    i_audio/Inst_adau1761_izedboard/Inst_i2s_data_interface/CLK_48
    SLICE_X35Y14         FDRE                                         r  i_audio/Inst_adau1761_izedboard/Inst_i2s_data_interface/sr_out_reg[13]/C

Slack:                    inf
  Source:                 i_audio/hphone_r_freeze_100_reg[14]/C
                            (rising edge-triggered cell FDRE clocked by clk_100  {rise@0.000ns fall@5.000ns period=10.000ns})
  Destination:            i_audio/Inst_adau1761_izedboard/Inst_i2s_data_interface/sr_out_reg[22]/D
                            (rising edge-triggered cell FDRE clocked by zed_audio_clk_48M  {rise@0.000ns fall@10.417ns period=20.833ns})
  Path Group:             (none)
  Path Type:              Hold (Min at Fast Process Corner)
  Data Path Delay:        0.341ns  (logic 0.186ns (54.571%)  route 0.155ns (45.429%))
  Logic Levels:           1  (LUT4=1)
  Clock Path Skew:        2.032ns (DCD - SCD - CPR)
    Destination Clock Delay (DCD):    3.535ns
    Source Clock Delay      (SCD):    1.503ns
    Clock Pessimism Removal (CPR):    -0.000ns
  Clock Uncertainty:      0.435ns  ((TSJ^2 + DJ^2)^1/2) / 2 + PE
    Total System Jitter     (TSJ):    0.071ns
    Discrete Jitter          (DJ):    0.267ns
    Phase Error              (PE):    0.297ns
  Timing Exception:       False Path

    Location             Delay type                Incr(ns)  Path(ns)    Netlist Resource(s)
  -------------------------------------------------------------------    -------------------
                         (clock clk_100 rise edge)    0.000     0.000 r  
    Y9                                                0.000     0.000 r  clk_100 (IN)
                         net (fo=0)                   0.000     0.000    i_audio/i_clocking/clk_100
    Y9                   IBUF (Prop_ibuf_I_O)         0.258     0.258 r  i_audio/i_clocking/clkin1_buf/O
                         net (fo=1, routed)           0.663     0.921    i_audio/i_clocking/o_CLK_100
    BUFGCTRL_X0Y0        BUFG (Prop_bufg_I_O)         0.026     0.947 r  i_audio/i_clocking/o_CLK_100_BUFG_inst/O
                         net (fo=1798, routed)        0.556     1.503    i_audio/clk_100_bufg
    SLICE_X39Y15         FDRE                                         r  i_audio/hphone_r_freeze_100_reg[14]/C
  -------------------------------------------------------------------    -------------------
    SLICE_X39Y15         FDRE (Prop_fdre_C_Q)         0.141     1.644 r  i_audio/hphone_r_freeze_100_reg[14]/Q
                         net (fo=1, routed)           0.155     1.799    i_audio/hphone_r_freeze_100_reg_n_0_[14]
    SLICE_X40Y15         LUT4 (Prop_lut4_I0_O)        0.045     1.844 r  i_audio/sr_out[22]_i_1/O
                         net (fo=1, routed)           0.000     1.844    i_audio/Inst_adau1761_izedboard/Inst_i2s_data_interface/sr_out_reg[63]_0[14]
    SLICE_X40Y15         FDRE                                         r  i_audio/Inst_adau1761_izedboard/Inst_i2s_data_interface/sr_out_reg[22]/D
  -------------------------------------------------------------------    -------------------

                         (clock zed_audio_clk_48M rise edge)
                                                      0.000     0.000 r  
    Y9                                                0.000     0.000 r  clk_100 (IN)
                         net (fo=0)                   0.000     0.000    i_audio/i_clocking/clk_100
    Y9                   IBUF (Prop_ibuf_I_O)         0.446     0.446 r  i_audio/i_clocking/clkin1_buf/O
                         net (fo=1, routed)           0.719     1.165    i_audio/i_clocking/o_CLK_100
    BUFGCTRL_X0Y0        BUFG (Prop_bufg_I_O)         0.029     1.194 r  i_audio/i_clocking/o_CLK_100_BUFG_inst/O
                         net (fo=1798, routed)        0.862     2.056    i_audio/i_clocking/o_CLK_100_BUFG
    MMCME2_ADV_X1Y0      MMCME2_ADV (Prop_mmcme2_adv_CLKIN1_CLKOUT0)
                                                      0.053     2.109 r  i_audio/i_clocking/mmcm_adv_inst/CLKOUT0
                         net (fo=1, routed)           0.576     2.685    i_audio/i_clocking/zed_audio_clk_48M
    BUFGCTRL_X0Y1        BUFG (Prop_bufg_I_O)         0.029     2.714 r  i_audio/i_clocking/clkout1_buf/O
                         net (fo=226, routed)         0.821     3.535    i_audio/Inst_adau1761_izedboard/Inst_i2s_data_interface/CLK_48
    SLICE_X40Y15         FDRE                                         r  i_audio/Inst_adau1761_izedboard/Inst_i2s_data_interface/sr_out_reg[22]/C

Slack:                    inf
  Source:                 i_audio/hphone_r_freeze_100_reg[18]/C
                            (rising edge-triggered cell FDRE clocked by clk_100  {rise@0.000ns fall@5.000ns period=10.000ns})
  Destination:            i_audio/Inst_adau1761_izedboard/Inst_i2s_data_interface/sr_out_reg[26]/D
                            (rising edge-triggered cell FDRE clocked by zed_audio_clk_48M  {rise@0.000ns fall@10.417ns period=20.833ns})
  Path Group:             (none)
  Path Type:              Hold (Min at Fast Process Corner)
  Data Path Delay:        0.344ns  (logic 0.209ns (60.737%)  route 0.135ns (39.263%))
  Logic Levels:           1  (LUT4=1)
  Clock Path Skew:        2.032ns (DCD - SCD - CPR)
    Destination Clock Delay (DCD):    3.534ns
    Source Clock Delay      (SCD):    1.502ns
    Clock Pessimism Removal (CPR):    -0.000ns
  Clock Uncertainty:      0.435ns  ((TSJ^2 + DJ^2)^1/2) / 2 + PE
    Total System Jitter     (TSJ):    0.071ns
    Discrete Jitter          (DJ):    0.267ns
    Phase Error              (PE):    0.297ns
  Timing Exception:       False Path

    Location             Delay type                Incr(ns)  Path(ns)    Netlist Resource(s)
  -------------------------------------------------------------------    -------------------
                         (clock clk_100 rise edge)    0.000     0.000 r  
    Y9                                                0.000     0.000 r  clk_100 (IN)
                         net (fo=0)                   0.000     0.000    i_audio/i_clocking/clk_100
    Y9                   IBUF (Prop_ibuf_I_O)         0.258     0.258 r  i_audio/i_clocking/clkin1_buf/O
                         net (fo=1, routed)           0.663     0.921    i_audio/i_clocking/o_CLK_100
    BUFGCTRL_X0Y0        BUFG (Prop_bufg_I_O)         0.026     0.947 r  i_audio/i_clocking/o_CLK_100_BUFG_inst/O
                         net (fo=1798, routed)        0.555     1.502    i_audio/clk_100_bufg
    SLICE_X38Y16         FDRE                                         r  i_audio/hphone_r_freeze_100_reg[18]/C
  -------------------------------------------------------------------    -------------------
    SLICE_X38Y16         FDRE (Prop_fdre_C_Q)         0.164     1.666 r  i_audio/hphone_r_freeze_100_reg[18]/Q
                         net (fo=1, routed)           0.135     1.801    i_audio/hphone_r_freeze_100_reg_n_0_[18]
    SLICE_X39Y16         LUT4 (Prop_lut4_I0_O)        0.045     1.846 r  i_audio/sr_out[26]_i_1/O
                         net (fo=1, routed)           0.000     1.846    i_audio/Inst_adau1761_izedboard/Inst_i2s_data_interface/sr_out_reg[63]_0[18]
    SLICE_X39Y16         FDRE                                         r  i_audio/Inst_adau1761_izedboard/Inst_i2s_data_interface/sr_out_reg[26]/D
  -------------------------------------------------------------------    -------------------

                         (clock zed_audio_clk_48M rise edge)
                                                      0.000     0.000 r  
    Y9                                                0.000     0.000 r  clk_100 (IN)
                         net (fo=0)                   0.000     0.000    i_audio/i_clocking/clk_100
    Y9                   IBUF (Prop_ibuf_I_O)         0.446     0.446 r  i_audio/i_clocking/clkin1_buf/O
                         net (fo=1, routed)           0.719     1.165    i_audio/i_clocking/o_CLK_100
    BUFGCTRL_X0Y0        BUFG (Prop_bufg_I_O)         0.029     1.194 r  i_audio/i_clocking/o_CLK_100_BUFG_inst/O
                         net (fo=1798, routed)        0.862     2.056    i_audio/i_clocking/o_CLK_100_BUFG
    MMCME2_ADV_X1Y0      MMCME2_ADV (Prop_mmcme2_adv_CLKIN1_CLKOUT0)
                                                      0.053     2.109 r  i_audio/i_clocking/mmcm_adv_inst/CLKOUT0
                         net (fo=1, routed)           0.576     2.685    i_audio/i_clocking/zed_audio_clk_48M
    BUFGCTRL_X0Y1        BUFG (Prop_bufg_I_O)         0.029     2.714 r  i_audio/i_clocking/clkout1_buf/O
                         net (fo=226, routed)         0.820     3.534    i_audio/Inst_adau1761_izedboard/Inst_i2s_data_interface/CLK_48
    SLICE_X39Y16         FDRE                                         r  i_audio/Inst_adau1761_izedboard/Inst_i2s_data_interface/sr_out_reg[26]/C

Slack:                    inf
  Source:                 i_audio/hphone_r_freeze_100_reg[15]/C
                            (rising edge-triggered cell FDRE clocked by clk_100  {rise@0.000ns fall@5.000ns period=10.000ns})
  Destination:            i_audio/Inst_adau1761_izedboard/Inst_i2s_data_interface/sr_out_reg[23]/D
                            (rising edge-triggered cell FDRE clocked by zed_audio_clk_48M  {rise@0.000ns fall@10.417ns period=20.833ns})
  Path Group:             (none)
  Path Type:              Hold (Min at Fast Process Corner)
  Data Path Delay:        0.346ns  (logic 0.186ns (53.830%)  route 0.160ns (46.170%))
  Logic Levels:           1  (LUT4=1)
  Clock Path Skew:        2.032ns (DCD - SCD - CPR)
    Destination Clock Delay (DCD):    3.535ns
    Source Clock Delay      (SCD):    1.503ns
    Clock Pessimism Removal (CPR):    -0.000ns
  Clock Uncertainty:      0.435ns  ((TSJ^2 + DJ^2)^1/2) / 2 + PE
    Total System Jitter     (TSJ):    0.071ns
    Discrete Jitter          (DJ):    0.267ns
    Phase Error              (PE):    0.297ns
  Timing Exception:       False Path

    Location             Delay type                Incr(ns)  Path(ns)    Netlist Resource(s)
  -------------------------------------------------------------------    -------------------
                         (clock clk_100 rise edge)    0.000     0.000 r  
    Y9                                                0.000     0.000 r  clk_100 (IN)
                         net (fo=0)                   0.000     0.000    i_audio/i_clocking/clk_100
    Y9                   IBUF (Prop_ibuf_I_O)         0.258     0.258 r  i_audio/i_clocking/clkin1_buf/O
                         net (fo=1, routed)           0.663     0.921    i_audio/i_clocking/o_CLK_100
    BUFGCTRL_X0Y0        BUFG (Prop_bufg_I_O)         0.026     0.947 r  i_audio/i_clocking/o_CLK_100_BUFG_inst/O
                         net (fo=1798, routed)        0.556     1.503    i_audio/clk_100_bufg
    SLICE_X39Y15         FDRE                                         r  i_audio/hphone_r_freeze_100_reg[15]/C
  -------------------------------------------------------------------    -------------------
    SLICE_X39Y15         FDRE (Prop_fdre_C_Q)         0.141     1.644 r  i_audio/hphone_r_freeze_100_reg[15]/Q
                         net (fo=1, routed)           0.160     1.803    i_audio/hphone_r_freeze_100_reg_n_0_[15]
    SLICE_X40Y15         LUT4 (Prop_lut4_I0_O)        0.045     1.848 r  i_audio/sr_out[23]_i_1/O
                         net (fo=1, routed)           0.000     1.848    i_audio/Inst_adau1761_izedboard/Inst_i2s_data_interface/sr_out_reg[63]_0[15]
    SLICE_X40Y15         FDRE                                         r  i_audio/Inst_adau1761_izedboard/Inst_i2s_data_interface/sr_out_reg[23]/D
  -------------------------------------------------------------------    -------------------

                         (clock zed_audio_clk_48M rise edge)
                                                      0.000     0.000 r  
    Y9                                                0.000     0.000 r  clk_100 (IN)
                         net (fo=0)                   0.000     0.000    i_audio/i_clocking/clk_100
    Y9                   IBUF (Prop_ibuf_I_O)         0.446     0.446 r  i_audio/i_clocking/clkin1_buf/O
                         net (fo=1, routed)           0.719     1.165    i_audio/i_clocking/o_CLK_100
    BUFGCTRL_X0Y0        BUFG (Prop_bufg_I_O)         0.029     1.194 r  i_audio/i_clocking/o_CLK_100_BUFG_inst/O
                         net (fo=1798, routed)        0.862     2.056    i_audio/i_clocking/o_CLK_100_BUFG
    MMCME2_ADV_X1Y0      MMCME2_ADV (Prop_mmcme2_adv_CLKIN1_CLKOUT0)
                                                      0.053     2.109 r  i_audio/i_clocking/mmcm_adv_inst/CLKOUT0
                         net (fo=1, routed)           0.576     2.685    i_audio/i_clocking/zed_audio_clk_48M
    BUFGCTRL_X0Y1        BUFG (Prop_bufg_I_O)         0.029     2.714 r  i_audio/i_clocking/clkout1_buf/O
                         net (fo=226, routed)         0.821     3.535    i_audio/Inst_adau1761_izedboard/Inst_i2s_data_interface/CLK_48
    SLICE_X40Y15         FDRE                                         r  i_audio/Inst_adau1761_izedboard/Inst_i2s_data_interface/sr_out_reg[23]/C

Slack:                    inf
  Source:                 i_audio/hphone_r_freeze_100_reg[1]/C
                            (rising edge-triggered cell FDRE clocked by clk_100  {rise@0.000ns fall@5.000ns period=10.000ns})
  Destination:            i_audio/Inst_adau1761_izedboard/Inst_i2s_data_interface/sr_out_reg[9]/D
                            (rising edge-triggered cell FDRE clocked by zed_audio_clk_48M  {rise@0.000ns fall@10.417ns period=20.833ns})
  Path Group:             (none)
  Path Type:              Hold (Min at Fast Process Corner)
  Data Path Delay:        0.359ns  (logic 0.186ns (51.777%)  route 0.173ns (48.224%))
  Logic Levels:           1  (LUT4=1)
  Clock Path Skew:        2.031ns (DCD - SCD - CPR)
    Destination Clock Delay (DCD):    3.536ns
    Source Clock Delay      (SCD):    1.505ns
    Clock Pessimism Removal (CPR):    -0.000ns
  Clock Uncertainty:      0.435ns  ((TSJ^2 + DJ^2)^1/2) / 2 + PE
    Total System Jitter     (TSJ):    0.071ns
    Discrete Jitter          (DJ):    0.267ns
    Phase Error              (PE):    0.297ns
  Timing Exception:       False Path

    Location             Delay type                Incr(ns)  Path(ns)    Netlist Resource(s)
  -------------------------------------------------------------------    -------------------
                         (clock clk_100 rise edge)    0.000     0.000 r  
    Y9                                                0.000     0.000 r  clk_100 (IN)
                         net (fo=0)                   0.000     0.000    i_audio/i_clocking/clk_100
    Y9                   IBUF (Prop_ibuf_I_O)         0.258     0.258 r  i_audio/i_clocking/clkin1_buf/O
                         net (fo=1, routed)           0.663     0.921    i_audio/i_clocking/o_CLK_100
    BUFGCTRL_X0Y0        BUFG (Prop_bufg_I_O)         0.026     0.947 r  i_audio/i_clocking/o_CLK_100_BUFG_inst/O
                         net (fo=1798, routed)        0.558     1.505    i_audio/clk_100_bufg
    SLICE_X35Y15         FDRE                                         r  i_audio/hphone_r_freeze_100_reg[1]/C
  -------------------------------------------------------------------    -------------------
    SLICE_X35Y15         FDRE (Prop_fdre_C_Q)         0.141     1.646 r  i_audio/hphone_r_freeze_100_reg[1]/Q
                         net (fo=1, routed)           0.173     1.819    i_audio/hphone_r_freeze_100_reg_n_0_[1]
    SLICE_X38Y14         LUT4 (Prop_lut4_I0_O)        0.045     1.864 r  i_audio/sr_out[9]_i_1/O
                         net (fo=1, routed)           0.000     1.864    i_audio/Inst_adau1761_izedboard/Inst_i2s_data_interface/sr_out_reg[63]_0[1]
    SLICE_X38Y14         FDRE                                         r  i_audio/Inst_adau1761_izedboard/Inst_i2s_data_interface/sr_out_reg[9]/D
  -------------------------------------------------------------------    -------------------

                         (clock zed_audio_clk_48M rise edge)
                                                      0.000     0.000 r  
    Y9                                                0.000     0.000 r  clk_100 (IN)
                         net (fo=0)                   0.000     0.000    i_audio/i_clocking/clk_100
    Y9                   IBUF (Prop_ibuf_I_O)         0.446     0.446 r  i_audio/i_clocking/clkin1_buf/O
                         net (fo=1, routed)           0.719     1.165    i_audio/i_clocking/o_CLK_100
    BUFGCTRL_X0Y0        BUFG (Prop_bufg_I_O)         0.029     1.194 r  i_audio/i_clocking/o_CLK_100_BUFG_inst/O
                         net (fo=1798, routed)        0.862     2.056    i_audio/i_clocking/o_CLK_100_BUFG
    MMCME2_ADV_X1Y0      MMCME2_ADV (Prop_mmcme2_adv_CLKIN1_CLKOUT0)
                                                      0.053     2.109 r  i_audio/i_clocking/mmcm_adv_inst/CLKOUT0
                         net (fo=1, routed)           0.576     2.685    i_audio/i_clocking/zed_audio_clk_48M
    BUFGCTRL_X0Y1        BUFG (Prop_bufg_I_O)         0.029     2.714 r  i_audio/i_clocking/clkout1_buf/O
                         net (fo=226, routed)         0.822     3.536    i_audio/Inst_adau1761_izedboard/Inst_i2s_data_interface/CLK_48
    SLICE_X38Y14         FDRE                                         r  i_audio/Inst_adau1761_izedboard/Inst_i2s_data_interface/sr_out_reg[9]/C





--------------------------------------------------------------------------------------
Path Group:  (none)
From Clock:  clk_feedback
  To Clock:  

Max Delay             1 Endpoint
Min Delay             1 Endpoint
--------------------------------------------------------------------------------------


Max Delay Paths
--------------------------------------------------------------------------------------
Slack:                    inf
  Source:                 i_audio/i_clocking/mmcm_adv_inst/CLKFBOUT
                            (clock source 'clk_feedback'  {rise@0.000ns fall@25.000ns period=50.000ns})
  Destination:            i_audio/i_clocking/mmcm_adv_inst/CLKFBIN
  Path Group:             (none)
  Path Type:              Max at Slow Process Corner
  Data Path Delay:        0.014ns  (logic 0.000ns (0.000%)  route 0.014ns (99.991%))
  Logic Levels:           0  
  Clock Uncertainty:      0.386ns  ((TSJ^2 + DJ^2)^1/2) / 2 + PE
    Total System Jitter     (TSJ):    0.050ns
    Discrete Jitter          (DJ):    0.171ns
    Phase Error              (PE):    0.297ns

    Location             Delay type                Incr(ns)  Path(ns)    Netlist Resource(s)
  -------------------------------------------------------------------    -------------------
                         (clock clk_feedback fall edge)
                                                     25.000    25.000 f  
    Y9                                                0.000    25.000 f  clk_100 (IN)
                         net (fo=0)                   0.000    25.000    i_audio/i_clocking/clk_100
    Y9                   IBUF (Prop_ibuf_I_O)         1.490    26.490 f  i_audio/i_clocking/clkin1_buf/O
                         net (fo=1, routed)           2.171    28.661    i_audio/i_clocking/o_CLK_100
    BUFGCTRL_X0Y0        BUFG (Prop_bufg_I_O)         0.101    28.762 f  i_audio/i_clocking/o_CLK_100_BUFG_inst/O
                         net (fo=1798, routed)        1.803    30.565    i_audio/i_clocking/o_CLK_100_BUFG
  -------------------------------------------------------------------    -------------------
    MMCME2_ADV_X1Y0      MMCME2_ADV (Prop_mmcme2_adv_CLKIN1_CLKFBOUT)
                                                      0.088    30.653 f  i_audio/i_clocking/mmcm_adv_inst/CLKFBOUT
                         net (fo=1, routed)           0.014    30.667    i_audio/i_clocking/clk_feedback
    MMCME2_ADV_X1Y0      MMCME2_ADV                                   f  i_audio/i_clocking/mmcm_adv_inst/CLKFBIN
  -------------------------------------------------------------------    -------------------





Min Delay Paths
--------------------------------------------------------------------------------------
Slack:                    inf
  Source:                 i_audio/i_clocking/mmcm_adv_inst/CLKFBOUT
                            (clock source 'clk_feedback'  {rise@0.000ns fall@25.000ns period=50.000ns})
  Destination:            i_audio/i_clocking/mmcm_adv_inst/CLKFBIN
  Path Group:             (none)
  Path Type:              Min at Fast Process Corner
  Data Path Delay:        0.005ns  (logic 0.000ns (0.000%)  route 0.005ns (100.000%))
  Logic Levels:           0  
  Clock Uncertainty:      0.386ns  ((TSJ^2 + DJ^2)^1/2) / 2 + PE
    Total System Jitter     (TSJ):    0.050ns
    Discrete Jitter          (DJ):    0.171ns
    Phase Error              (PE):    0.297ns

    Location             Delay type                Incr(ns)  Path(ns)    Netlist Resource(s)
  -------------------------------------------------------------------    -------------------
                         (clock clk_feedback rise edge)
                                                      0.000     0.000 r  
    Y9                                                0.000     0.000 r  clk_100 (IN)
                         net (fo=0)                   0.000     0.000    i_audio/i_clocking/clk_100
    Y9                   IBUF (Prop_ibuf_I_O)         0.258     0.258 r  i_audio/i_clocking/clkin1_buf/O
                         net (fo=1, routed)           0.663     0.921    i_audio/i_clocking/o_CLK_100
    BUFGCTRL_X0Y0        BUFG (Prop_bufg_I_O)         0.026     0.947 r  i_audio/i_clocking/o_CLK_100_BUFG_inst/O
                         net (fo=1798, routed)        0.595     1.542    i_audio/i_clocking/o_CLK_100_BUFG
  -------------------------------------------------------------------    -------------------
    MMCME2_ADV_X1Y0      MMCME2_ADV (Prop_mmcme2_adv_CLKIN1_CLKFBOUT)
                                                      0.050     1.592 r  i_audio/i_clocking/mmcm_adv_inst/CLKFBOUT
                         net (fo=1, routed)           0.005     1.597    i_audio/i_clocking/clk_feedback
    MMCME2_ADV_X1Y0      MMCME2_ADV                                   r  i_audio/i_clocking/mmcm_adv_inst/CLKFBIN
  -------------------------------------------------------------------    -------------------





--------------------------------------------------------------------------------------
Path Group:  (none)
From Clock:  zed_audio_clk_48M
  To Clock:  

Max Delay             4 Endpoints
Min Delay             4 Endpoints
--------------------------------------------------------------------------------------


Max Delay Paths
--------------------------------------------------------------------------------------
Slack:                    inf
  Source:                 i_audio/Inst_adau1761_izedboard/Inst_i2s_data_interface/i2s_d_out_reg/C
                            (rising edge-triggered cell FDRE clocked by zed_audio_clk_48M  {rise@0.000ns fall@10.417ns period=20.833ns})
  Destination:            AC_GPIO0
                            (output port)
  Path Group:             (none)
  Path Type:              Max at Slow Process Corner
  Data Path Delay:        7.521ns  (logic 4.071ns (54.133%)  route 3.449ns (45.867%))
  Logic Levels:           1  (OBUF=1)
  Clock Uncertainty:      0.433ns  ((TSJ^2 + DJ^2)^1/2) / 2 + PE
    Total System Jitter     (TSJ):    0.050ns
    Discrete Jitter          (DJ):    0.267ns
    Phase Error              (PE):    0.297ns

    Location             Delay type                Incr(ns)  Path(ns)    Netlist Resource(s)
  -------------------------------------------------------------------    -------------------
                         (clock zed_audio_clk_48M rise edge)
                                                      0.000     0.000 r  
    Y9                                                0.000     0.000 r  clk_100 (IN)
                         net (fo=0)                   0.000     0.000    i_audio/i_clocking/clk_100
    Y9                   IBUF (Prop_ibuf_I_O)         1.490     1.490 r  i_audio/i_clocking/clkin1_buf/O
                         net (fo=1, routed)           2.171     3.661    i_audio/i_clocking/o_CLK_100
    BUFGCTRL_X0Y0        BUFG (Prop_bufg_I_O)         0.101     3.762 r  i_audio/i_clocking/o_CLK_100_BUFG_inst/O
                         net (fo=1798, routed)        1.803     5.565    i_audio/i_clocking/o_CLK_100_BUFG
    MMCME2_ADV_X1Y0      MMCME2_ADV (Prop_mmcme2_adv_CLKIN1_CLKOUT0)
                                                      0.088     5.653 r  i_audio/i_clocking/mmcm_adv_inst/CLKOUT0
                         net (fo=1, routed)           1.889     7.542    i_audio/i_clocking/zed_audio_clk_48M
    BUFGCTRL_X0Y1        BUFG (Prop_bufg_I_O)         0.101     7.643 r  i_audio/i_clocking/clkout1_buf/O
                         net (fo=226, routed)         1.656     9.299    i_audio/Inst_adau1761_izedboard/Inst_i2s_data_interface/CLK_48
    SLICE_X42Y17         FDRE                                         r  i_audio/Inst_adau1761_izedboard/Inst_i2s_data_interface/i2s_d_out_reg/C
  -------------------------------------------------------------------    -------------------
    SLICE_X42Y17         FDRE (Prop_fdre_C_Q)         0.518     9.817 r  i_audio/Inst_adau1761_izedboard/Inst_i2s_data_interface/i2s_d_out_reg/Q
                         net (fo=1, routed)           3.449    13.267    AC_GPIO0_OBUF
    Y8                   OBUF (Prop_obuf_I_O)         3.553    16.820 r  AC_GPIO0_OBUF_inst/O
                         net (fo=0)                   0.000    16.820    AC_GPIO0
    Y8                                                                r  AC_GPIO0 (OUT)
  -------------------------------------------------------------------    -------------------

Slack:                    inf
  Source:                 i_audio/Inst_adau1761_izedboard/Inst_i2c/Inst_i3c2/i2c_scl_reg/C
                            (rising edge-triggered cell FDRE clocked by zed_audio_clk_48M  {rise@0.000ns fall@10.417ns period=20.833ns})
  Destination:            AC_SCK
                            (output port)
  Path Group:             (none)
  Path Type:              Max at Slow Process Corner
  Data Path Delay:        6.774ns  (logic 4.054ns (59.853%)  route 2.720ns (40.147%))
  Logic Levels:           1  (OBUF=1)
  Clock Uncertainty:      0.433ns  ((TSJ^2 + DJ^2)^1/2) / 2 + PE
    Total System Jitter     (TSJ):    0.050ns
    Discrete Jitter          (DJ):    0.267ns
    Phase Error              (PE):    0.297ns

    Location             Delay type                Incr(ns)  Path(ns)    Netlist Resource(s)
  -------------------------------------------------------------------    -------------------
                         (clock zed_audio_clk_48M rise edge)
                                                      0.000     0.000 r  
    Y9                                                0.000     0.000 r  clk_100 (IN)
                         net (fo=0)                   0.000     0.000    i_audio/i_clocking/clk_100
    Y9                   IBUF (Prop_ibuf_I_O)         1.490     1.490 r  i_audio/i_clocking/clkin1_buf/O
                         net (fo=1, routed)           2.171     3.661    i_audio/i_clocking/o_CLK_100
    BUFGCTRL_X0Y0        BUFG (Prop_bufg_I_O)         0.101     3.762 r  i_audio/i_clocking/o_CLK_100_BUFG_inst/O
                         net (fo=1798, routed)        1.803     5.565    i_audio/i_clocking/o_CLK_100_BUFG
    MMCME2_ADV_X1Y0      MMCME2_ADV (Prop_mmcme2_adv_CLKIN1_CLKOUT0)
                                                      0.088     5.653 r  i_audio/i_clocking/mmcm_adv_inst/CLKOUT0
                         net (fo=1, routed)           1.889     7.542    i_audio/i_clocking/zed_audio_clk_48M
    BUFGCTRL_X0Y1        BUFG (Prop_bufg_I_O)         0.101     7.643 r  i_audio/i_clocking/clkout1_buf/O
                         net (fo=226, routed)         1.835     9.478    i_audio/Inst_adau1761_izedboard/Inst_i2c/Inst_i3c2/CLK_48
    SLICE_X2Y45          FDRE                                         r  i_audio/Inst_adau1761_izedboard/Inst_i2c/Inst_i3c2/i2c_scl_reg/C
  -------------------------------------------------------------------    -------------------
    SLICE_X2Y45          FDRE (Prop_fdre_C_Q)         0.518     9.996 r  i_audio/Inst_adau1761_izedboard/Inst_i2c/Inst_i3c2/i2c_scl_reg/Q
                         net (fo=1, routed)           2.720    12.716    AC_SCK_OBUF
    AB4                  OBUF (Prop_obuf_I_O)         3.536    16.252 r  AC_SCK_OBUF_inst/O
                         net (fo=0)                   0.000    16.252    AC_SCK
    AB4                                                               r  AC_SCK (OUT)
  -------------------------------------------------------------------    -------------------

Slack:                    inf
  Source:                 i_audio/Inst_adau1761_izedboard/Inst_i2c/Inst_i3c2/i2c_sda_t_reg/C
                            (rising edge-triggered cell FDRE clocked by zed_audio_clk_48M  {rise@0.000ns fall@10.417ns period=20.833ns})
  Destination:            AC_SDA
                            (output port)
  Path Group:             (none)
  Path Type:              Max at Slow Process Corner
  Data Path Delay:        6.732ns  (logic 4.069ns (60.442%)  route 2.663ns (39.558%))
  Logic Levels:           1  (OBUFT=1)
  Clock Uncertainty:      0.433ns  ((TSJ^2 + DJ^2)^1/2) / 2 + PE
    Total System Jitter     (TSJ):    0.050ns
    Discrete Jitter          (DJ):    0.267ns
    Phase Error              (PE):    0.297ns

    Location             Delay type                Incr(ns)  Path(ns)    Netlist Resource(s)
  -------------------------------------------------------------------    -------------------
                         (clock zed_audio_clk_48M rise edge)
                                                      0.000     0.000 r  
    Y9                                                0.000     0.000 r  clk_100 (IN)
                         net (fo=0)                   0.000     0.000    i_audio/i_clocking/clk_100
    Y9                   IBUF (Prop_ibuf_I_O)         1.490     1.490 r  i_audio/i_clocking/clkin1_buf/O
                         net (fo=1, routed)           2.171     3.661    i_audio/i_clocking/o_CLK_100
    BUFGCTRL_X0Y0        BUFG (Prop_bufg_I_O)         0.101     3.762 r  i_audio/i_clocking/o_CLK_100_BUFG_inst/O
                         net (fo=1798, routed)        1.803     5.565    i_audio/i_clocking/o_CLK_100_BUFG
    MMCME2_ADV_X1Y0      MMCME2_ADV (Prop_mmcme2_adv_CLKIN1_CLKOUT0)
                                                      0.088     5.653 r  i_audio/i_clocking/mmcm_adv_inst/CLKOUT0
                         net (fo=1, routed)           1.889     7.542    i_audio/i_clocking/zed_audio_clk_48M
    BUFGCTRL_X0Y1        BUFG (Prop_bufg_I_O)         0.101     7.643 r  i_audio/i_clocking/clkout1_buf/O
                         net (fo=226, routed)         1.835     9.478    i_audio/Inst_adau1761_izedboard/Inst_i2c/Inst_i3c2/CLK_48
    SLICE_X2Y46          FDRE                                         r  i_audio/Inst_adau1761_izedboard/Inst_i2c/Inst_i3c2/i2c_sda_t_reg/C
  -------------------------------------------------------------------    -------------------
    SLICE_X2Y46          FDRE (Prop_fdre_C_Q)         0.518     9.996 f  i_audio/Inst_adau1761_izedboard/Inst_i2c/Inst_i3c2/i2c_sda_t_reg/Q
                         net (fo=1, routed)           2.663    12.659    i_audio/Inst_adau1761_izedboard/i_i2s_sda_obuf/T
    AB5                  OBUFT (TriStatE_obuft_T_O)
                                                      3.551    16.210 r  i_audio/Inst_adau1761_izedboard/i_i2s_sda_obuf/OBUFT/O
                         net (fo=1, unset)            0.000    16.210    AC_SDA
    AB5                                                               r  AC_SDA (INOUT)
  -------------------------------------------------------------------    -------------------

Slack:                    inf
  Source:                 i_audio/Inst_adau1761_izedboard/i_ADAU1761_interface/master_clk_reg/C
                            (rising edge-triggered cell FDRE clocked by zed_audio_clk_48M  {rise@0.000ns fall@10.417ns period=20.833ns})
  Destination:            AC_MCLK
                            (output port)
  Path Group:             (none)
  Path Type:              Max at Slow Process Corner
  Data Path Delay:        5.757ns  (logic 4.077ns (70.816%)  route 1.680ns (29.184%))
  Logic Levels:           1  (OBUF=1)
  Clock Uncertainty:      0.433ns  ((TSJ^2 + DJ^2)^1/2) / 2 + PE
    Total System Jitter     (TSJ):    0.050ns
    Discrete Jitter          (DJ):    0.267ns
    Phase Error              (PE):    0.297ns

    Location             Delay type                Incr(ns)  Path(ns)    Netlist Resource(s)
  -------------------------------------------------------------------    -------------------
                         (clock zed_audio_clk_48M rise edge)
                                                      0.000     0.000 r  
    Y9                                                0.000     0.000 r  clk_100 (IN)
                         net (fo=0)                   0.000     0.000    i_audio/i_clocking/clk_100
    Y9                   IBUF (Prop_ibuf_I_O)         1.490     1.490 r  i_audio/i_clocking/clkin1_buf/O
                         net (fo=1, routed)           2.171     3.661    i_audio/i_clocking/o_CLK_100
    BUFGCTRL_X0Y0        BUFG (Prop_bufg_I_O)         0.101     3.762 r  i_audio/i_clocking/o_CLK_100_BUFG_inst/O
                         net (fo=1798, routed)        1.803     5.565    i_audio/i_clocking/o_CLK_100_BUFG
    MMCME2_ADV_X1Y0      MMCME2_ADV (Prop_mmcme2_adv_CLKIN1_CLKOUT0)
                                                      0.088     5.653 r  i_audio/i_clocking/mmcm_adv_inst/CLKOUT0
                         net (fo=1, routed)           1.889     7.542    i_audio/i_clocking/zed_audio_clk_48M
    BUFGCTRL_X0Y1        BUFG (Prop_bufg_I_O)         0.101     7.643 r  i_audio/i_clocking/clkout1_buf/O
                         net (fo=226, routed)         1.823     9.466    i_audio/Inst_adau1761_izedboard/i_ADAU1761_interface/CLK_48
    SLICE_X0Y19          FDRE                                         r  i_audio/Inst_adau1761_izedboard/i_ADAU1761_interface/master_clk_reg/C
  -------------------------------------------------------------------    -------------------
    SLICE_X0Y19          FDRE (Prop_fdre_C_Q)         0.518     9.984 r  i_audio/Inst_adau1761_izedboard/i_ADAU1761_interface/master_clk_reg/Q
                         net (fo=2, routed)           1.680    11.664    AC_MCLK_OBUF
    AB2                  OBUF (Prop_obuf_I_O)         3.559    15.223 r  AC_MCLK_OBUF_inst/O
                         net (fo=0)                   0.000    15.223    AC_MCLK
    AB2                                                               r  AC_MCLK (OUT)
  -------------------------------------------------------------------    -------------------





Min Delay Paths
--------------------------------------------------------------------------------------
Slack:                    inf
  Source:                 i_audio/Inst_adau1761_izedboard/i_ADAU1761_interface/master_clk_reg/C
                            (rising edge-triggered cell FDRE clocked by zed_audio_clk_48M  {rise@0.000ns fall@10.417ns period=20.833ns})
  Destination:            AC_MCLK
                            (output port)
  Path Group:             (none)
  Path Type:              Min at Fast Process Corner
  Data Path Delay:        1.754ns  (logic 1.423ns (81.132%)  route 0.331ns (18.868%))
  Logic Levels:           1  (OBUF=1)
  Clock Uncertainty:      0.433ns  ((TSJ^2 + DJ^2)^1/2) / 2 + PE
    Total System Jitter     (TSJ):    0.050ns
    Discrete Jitter          (DJ):    0.267ns
    Phase Error              (PE):    0.297ns

    Location             Delay type                Incr(ns)  Path(ns)    Netlist Resource(s)
  -------------------------------------------------------------------    -------------------
                         (clock zed_audio_clk_48M rise edge)
                                                      0.000     0.000 r  
    Y9                                                0.000     0.000 r  clk_100 (IN)
                         net (fo=0)                   0.000     0.000    i_audio/i_clocking/clk_100
    Y9                   IBUF (Prop_ibuf_I_O)         0.258     0.258 r  i_audio/i_clocking/clkin1_buf/O
                         net (fo=1, routed)           0.663     0.921    i_audio/i_clocking/o_CLK_100
    BUFGCTRL_X0Y0        BUFG (Prop_bufg_I_O)         0.026     0.947 r  i_audio/i_clocking/o_CLK_100_BUFG_inst/O
                         net (fo=1798, routed)        0.595     1.542    i_audio/i_clocking/o_CLK_100_BUFG
    MMCME2_ADV_X1Y0      MMCME2_ADV (Prop_mmcme2_adv_CLKIN1_CLKOUT0)
                                                      0.050     1.592 r  i_audio/i_clocking/mmcm_adv_inst/CLKOUT0
                         net (fo=1, routed)           0.529     2.121    i_audio/i_clocking/zed_audio_clk_48M
    BUFGCTRL_X0Y1        BUFG (Prop_bufg_I_O)         0.026     2.147 r  i_audio/i_clocking/clkout1_buf/O
                         net (fo=226, routed)         0.615     2.761    i_audio/Inst_adau1761_izedboard/i_ADAU1761_interface/CLK_48
    SLICE_X0Y19          FDRE                                         r  i_audio/Inst_adau1761_izedboard/i_ADAU1761_interface/master_clk_reg/C
  -------------------------------------------------------------------    -------------------
    SLICE_X0Y19          FDRE (Prop_fdre_C_Q)         0.164     2.925 r  i_audio/Inst_adau1761_izedboard/i_ADAU1761_interface/master_clk_reg/Q
                         net (fo=2, routed)           0.331     3.256    AC_MCLK_OBUF
    AB2                  OBUF (Prop_obuf_I_O)         1.259     4.515 r  AC_MCLK_OBUF_inst/O
                         net (fo=0)                   0.000     4.515    AC_MCLK
    AB2                                                               r  AC_MCLK (OUT)
  -------------------------------------------------------------------    -------------------

Slack:                    inf
  Source:                 i_audio/Inst_adau1761_izedboard/Inst_i2c/Inst_i3c2/i2c_sda_t_reg/C
                            (rising edge-triggered cell FDRE clocked by zed_audio_clk_48M  {rise@0.000ns fall@10.417ns period=20.833ns})
  Destination:            AC_SDA
                            (output port)
  Path Group:             (none)
  Path Type:              Min at Fast Process Corner
  Data Path Delay:        2.030ns  (logic 0.988ns (48.669%)  route 1.042ns (51.331%))
  Logic Levels:           1  (OBUFT=1)
  Clock Uncertainty:      0.433ns  ((TSJ^2 + DJ^2)^1/2) / 2 + PE
    Total System Jitter     (TSJ):    0.050ns
    Discrete Jitter          (DJ):    0.267ns
    Phase Error              (PE):    0.297ns

    Location             Delay type                Incr(ns)  Path(ns)    Netlist Resource(s)
  -------------------------------------------------------------------    -------------------
                         (clock zed_audio_clk_48M rise edge)
                                                      0.000     0.000 r  
    Y9                                                0.000     0.000 r  clk_100 (IN)
                         net (fo=0)                   0.000     0.000    i_audio/i_clocking/clk_100
    Y9                   IBUF (Prop_ibuf_I_O)         0.258     0.258 r  i_audio/i_clocking/clkin1_buf/O
                         net (fo=1, routed)           0.663     0.921    i_audio/i_clocking/o_CLK_100
    BUFGCTRL_X0Y0        BUFG (Prop_bufg_I_O)         0.026     0.947 r  i_audio/i_clocking/o_CLK_100_BUFG_inst/O
                         net (fo=1798, routed)        0.595     1.542    i_audio/i_clocking/o_CLK_100_BUFG
    MMCME2_ADV_X1Y0      MMCME2_ADV (Prop_mmcme2_adv_CLKIN1_CLKOUT0)
                                                      0.050     1.592 r  i_audio/i_clocking/mmcm_adv_inst/CLKOUT0
                         net (fo=1, routed)           0.529     2.121    i_audio/i_clocking/zed_audio_clk_48M
    BUFGCTRL_X0Y1        BUFG (Prop_bufg_I_O)         0.026     2.147 r  i_audio/i_clocking/clkout1_buf/O
                         net (fo=226, routed)         0.623     2.769    i_audio/Inst_adau1761_izedboard/Inst_i2c/Inst_i3c2/CLK_48
    SLICE_X2Y46          FDRE                                         r  i_audio/Inst_adau1761_izedboard/Inst_i2c/Inst_i3c2/i2c_sda_t_reg/C
  -------------------------------------------------------------------    -------------------
    SLICE_X2Y46          FDRE (Prop_fdre_C_Q)         0.164     2.933 r  i_audio/Inst_adau1761_izedboard/Inst_i2c/Inst_i3c2/i2c_sda_t_reg/Q
                         net (fo=1, routed)           1.042     3.975    i_audio/Inst_adau1761_izedboard/i_i2s_sda_obuf/T
    AB5                  OBUFT (TriStatD_obuft_T_O)
                                                      0.824     4.799 r  i_audio/Inst_adau1761_izedboard/i_i2s_sda_obuf/OBUFT/O
                         net (fo=1, unset)            0.000     4.799    AC_SDA
    AB5                                                               r  AC_SDA (INOUT)
  -------------------------------------------------------------------    -------------------

Slack:                    inf
  Source:                 i_audio/Inst_adau1761_izedboard/Inst_i2c/Inst_i3c2/i2c_scl_reg/C
                            (rising edge-triggered cell FDRE clocked by zed_audio_clk_48M  {rise@0.000ns fall@10.417ns period=20.833ns})
  Destination:            AC_SCK
                            (output port)
  Path Group:             (none)
  Path Type:              Min at Fast Process Corner
  Data Path Delay:        2.196ns  (logic 1.401ns (63.814%)  route 0.795ns (36.186%))
  Logic Levels:           1  (OBUF=1)
  Clock Uncertainty:      0.433ns  ((TSJ^2 + DJ^2)^1/2) / 2 + PE
    Total System Jitter     (TSJ):    0.050ns
    Discrete Jitter          (DJ):    0.267ns
    Phase Error              (PE):    0.297ns

    Location             Delay type                Incr(ns)  Path(ns)    Netlist Resource(s)
  -------------------------------------------------------------------    -------------------
                         (clock zed_audio_clk_48M rise edge)
                                                      0.000     0.000 r  
    Y9                                                0.000     0.000 r  clk_100 (IN)
                         net (fo=0)                   0.000     0.000    i_audio/i_clocking/clk_100
    Y9                   IBUF (Prop_ibuf_I_O)         0.258     0.258 r  i_audio/i_clocking/clkin1_buf/O
                         net (fo=1, routed)           0.663     0.921    i_audio/i_clocking/o_CLK_100
    BUFGCTRL_X0Y0        BUFG (Prop_bufg_I_O)         0.026     0.947 r  i_audio/i_clocking/o_CLK_100_BUFG_inst/O
                         net (fo=1798, routed)        0.595     1.542    i_audio/i_clocking/o_CLK_100_BUFG
    MMCME2_ADV_X1Y0      MMCME2_ADV (Prop_mmcme2_adv_CLKIN1_CLKOUT0)
                                                      0.050     1.592 r  i_audio/i_clocking/mmcm_adv_inst/CLKOUT0
                         net (fo=1, routed)           0.529     2.121    i_audio/i_clocking/zed_audio_clk_48M
    BUFGCTRL_X0Y1        BUFG (Prop_bufg_I_O)         0.026     2.147 r  i_audio/i_clocking/clkout1_buf/O
                         net (fo=226, routed)         0.623     2.769    i_audio/Inst_adau1761_izedboard/Inst_i2c/Inst_i3c2/CLK_48
    SLICE_X2Y45          FDRE                                         r  i_audio/Inst_adau1761_izedboard/Inst_i2c/Inst_i3c2/i2c_scl_reg/C
  -------------------------------------------------------------------    -------------------
    SLICE_X2Y45          FDRE (Prop_fdre_C_Q)         0.164     2.933 r  i_audio/Inst_adau1761_izedboard/Inst_i2c/Inst_i3c2/i2c_scl_reg/Q
                         net (fo=1, routed)           0.795     3.728    AC_SCK_OBUF
    AB4                  OBUF (Prop_obuf_I_O)         1.237     4.965 r  AC_SCK_OBUF_inst/O
                         net (fo=0)                   0.000     4.965    AC_SCK
    AB4                                                               r  AC_SCK (OUT)
  -------------------------------------------------------------------    -------------------

Slack:                    inf
  Source:                 i_audio/Inst_adau1761_izedboard/Inst_i2s_data_interface/i2s_d_out_reg/C
                            (rising edge-triggered cell FDRE clocked by zed_audio_clk_48M  {rise@0.000ns fall@10.417ns period=20.833ns})
  Destination:            AC_GPIO0
                            (output port)
  Path Group:             (none)
  Path Type:              Min at Fast Process Corner
  Data Path Delay:        2.651ns  (logic 1.418ns (53.477%)  route 1.233ns (46.523%))
  Logic Levels:           1  (OBUF=1)
  Clock Uncertainty:      0.433ns  ((TSJ^2 + DJ^2)^1/2) / 2 + PE
    Total System Jitter     (TSJ):    0.050ns
    Discrete Jitter          (DJ):    0.267ns
    Phase Error              (PE):    0.297ns

    Location             Delay type                Incr(ns)  Path(ns)    Netlist Resource(s)
  -------------------------------------------------------------------    -------------------
                         (clock zed_audio_clk_48M rise edge)
                                                      0.000     0.000 r  
    Y9                                                0.000     0.000 r  clk_100 (IN)
                         net (fo=0)                   0.000     0.000    i_audio/i_clocking/clk_100
    Y9                   IBUF (Prop_ibuf_I_O)         0.258     0.258 r  i_audio/i_clocking/clkin1_buf/O
                         net (fo=1, routed)           0.663     0.921    i_audio/i_clocking/o_CLK_100
    BUFGCTRL_X0Y0        BUFG (Prop_bufg_I_O)         0.026     0.947 r  i_audio/i_clocking/o_CLK_100_BUFG_inst/O
                         net (fo=1798, routed)        0.595     1.542    i_audio/i_clocking/o_CLK_100_BUFG
    MMCME2_ADV_X1Y0      MMCME2_ADV (Prop_mmcme2_adv_CLKIN1_CLKOUT0)
                                                      0.050     1.592 r  i_audio/i_clocking/mmcm_adv_inst/CLKOUT0
                         net (fo=1, routed)           0.529     2.121    i_audio/i_clocking/zed_audio_clk_48M
    BUFGCTRL_X0Y1        BUFG (Prop_bufg_I_O)         0.026     2.147 r  i_audio/i_clocking/clkout1_buf/O
                         net (fo=226, routed)         0.554     2.700    i_audio/Inst_adau1761_izedboard/Inst_i2s_data_interface/CLK_48
    SLICE_X42Y17         FDRE                                         r  i_audio/Inst_adau1761_izedboard/Inst_i2s_data_interface/i2s_d_out_reg/C
  -------------------------------------------------------------------    -------------------
    SLICE_X42Y17         FDRE (Prop_fdre_C_Q)         0.164     2.864 r  i_audio/Inst_adau1761_izedboard/Inst_i2s_data_interface/i2s_d_out_reg/Q
                         net (fo=1, routed)           1.233     4.098    AC_GPIO0_OBUF
    Y8                   OBUF (Prop_obuf_I_O)         1.254     5.352 r  AC_GPIO0_OBUF_inst/O
                         net (fo=0)                   0.000     5.352    AC_GPIO0
    Y8                                                                r  AC_GPIO0 (OUT)
  -------------------------------------------------------------------    -------------------





--------------------------------------------------------------------------------------
Path Group:  (none)
From Clock:  
  To Clock:  clk_100

Max Delay             5 Endpoints
Min Delay             5 Endpoints
--------------------------------------------------------------------------------------


Max Delay Paths
--------------------------------------------------------------------------------------
Slack:                    inf
  Source:                 BTNR
                            (input port)
  Destination:            btn_s0_reg[4]/D
                            (rising edge-triggered cell FDRE clocked by clk_100  {rise@0.000ns fall@5.000ns period=10.000ns})
  Path Group:             (none)
  Path Type:              Setup (Max at Slow Process Corner)
  Data Path Delay:        4.969ns  (logic 1.459ns (29.371%)  route 3.509ns (70.629%))
  Logic Levels:           1  (IBUF=1)
  Clock Path Skew:        5.022ns (DCD - SCD + CPR)
    Destination Clock Delay (DCD):    5.022ns
    Source Clock Delay      (SCD):    0.000ns
    Clock Pessimism Removal (CPR):    0.000ns
  Clock Uncertainty:      0.025ns  ((TSJ^2 + TIJ^2)^1/2 + DJ) / 2 + PE
    Total System Jitter     (TSJ):    0.050ns
    Total Input Jitter      (TIJ):    0.000ns
    Discrete Jitter          (DJ):    0.000ns
    Phase Error              (PE):    0.000ns

    Location             Delay type                Incr(ns)  Path(ns)    Netlist Resource(s)
  -------------------------------------------------------------------    -------------------
    R18                                               0.000     0.000 r  BTNR (IN)
                         net (fo=0)                   0.000     0.000    BTNR
    R18                  IBUF (Prop_ibuf_I_O)         1.459     1.459 r  BTNR_IBUF_inst/O
                         net (fo=1, routed)           3.509     4.969    BTNR_IBUF
    SLICE_X60Y22         FDRE                                         r  btn_s0_reg[4]/D
  -------------------------------------------------------------------    -------------------

                         (clock clk_100 rise edge)    0.000     0.000 r  
    Y9                                                0.000     0.000 r  clk_100 (IN)
                         net (fo=0)                   0.000     0.000    i_audio/i_clocking/clk_100
    Y9                   IBUF (Prop_ibuf_I_O)         1.420     1.420 r  i_audio/i_clocking/clkin1_buf/O
                         net (fo=1, routed)           1.972     3.392    i_audio/i_clocking/o_CLK_100
    BUFGCTRL_X0Y0        BUFG (Prop_bufg_I_O)         0.091     3.483 r  i_audio/i_clocking/o_CLK_100_BUFG_inst/O
                         net (fo=1798, routed)        1.539     5.022    clk
    SLICE_X60Y22         FDRE                                         r  btn_s0_reg[4]/C

Slack:                    inf
  Source:                 BTNL
                            (input port)
  Destination:            btn_s0_reg[3]/D
                            (rising edge-triggered cell FDRE clocked by clk_100  {rise@0.000ns fall@5.000ns period=10.000ns})
  Path Group:             (none)
  Path Type:              Setup (Max at Slow Process Corner)
  Data Path Delay:        4.752ns  (logic 1.491ns (31.371%)  route 3.261ns (68.629%))
  Logic Levels:           1  (IBUF=1)
  Clock Path Skew:        5.021ns (DCD - SCD + CPR)
    Destination Clock Delay (DCD):    5.021ns
    Source Clock Delay      (SCD):    0.000ns
    Clock Pessimism Removal (CPR):    0.000ns
  Clock Uncertainty:      0.025ns  ((TSJ^2 + TIJ^2)^1/2 + DJ) / 2 + PE
    Total System Jitter     (TSJ):    0.050ns
    Total Input Jitter      (TIJ):    0.000ns
    Discrete Jitter          (DJ):    0.000ns
    Phase Error              (PE):    0.000ns

    Location             Delay type                Incr(ns)  Path(ns)    Netlist Resource(s)
  -------------------------------------------------------------------    -------------------
    N15                                               0.000     0.000 r  BTNL (IN)
                         net (fo=0)                   0.000     0.000    BTNL
    N15                  IBUF (Prop_ibuf_I_O)         1.491     1.491 r  BTNL_IBUF_inst/O
                         net (fo=1, routed)           3.261     4.752    BTNL_IBUF
    SLICE_X68Y25         FDRE                                         r  btn_s0_reg[3]/D
  -------------------------------------------------------------------    -------------------

                         (clock clk_100 rise edge)    0.000     0.000 r  
    Y9                                                0.000     0.000 r  clk_100 (IN)
                         net (fo=0)                   0.000     0.000    i_audio/i_clocking/clk_100
    Y9                   IBUF (Prop_ibuf_I_O)         1.420     1.420 r  i_audio/i_clocking/clkin1_buf/O
                         net (fo=1, routed)           1.972     3.392    i_audio/i_clocking/o_CLK_100
    BUFGCTRL_X0Y0        BUFG (Prop_bufg_I_O)         0.091     3.483 r  i_audio/i_clocking/o_CLK_100_BUFG_inst/O
                         net (fo=1798, routed)        1.538     5.021    clk
    SLICE_X68Y25         FDRE                                         r  btn_s0_reg[3]/C

Slack:                    inf
  Source:                 BTNC
                            (input port)
  Destination:            btn_s0_reg[0]/D
                            (rising edge-triggered cell FDRE clocked by clk_100  {rise@0.000ns fall@5.000ns period=10.000ns})
  Path Group:             (none)
  Path Type:              Setup (Max at Slow Process Corner)
  Data Path Delay:        4.651ns  (logic 1.448ns (31.131%)  route 3.203ns (68.869%))
  Logic Levels:           1  (IBUF=1)
  Clock Path Skew:        5.025ns (DCD - SCD + CPR)
    Destination Clock Delay (DCD):    5.025ns
    Source Clock Delay      (SCD):    0.000ns
    Clock Pessimism Removal (CPR):    0.000ns
  Clock Uncertainty:      0.025ns  ((TSJ^2 + TIJ^2)^1/2 + DJ) / 2 + PE
    Total System Jitter     (TSJ):    0.050ns
    Total Input Jitter      (TIJ):    0.000ns
    Discrete Jitter          (DJ):    0.000ns
    Phase Error              (PE):    0.000ns

    Location             Delay type                Incr(ns)  Path(ns)    Netlist Resource(s)
  -------------------------------------------------------------------    -------------------
    P16                                               0.000     0.000 r  BTNC (IN)
                         net (fo=0)                   0.000     0.000    BTNC
    P16                  IBUF (Prop_ibuf_I_O)         1.448     1.448 r  BTNC_IBUF_inst/O
                         net (fo=1, routed)           3.203     4.651    BTNC_IBUF
    SLICE_X64Y28         FDRE                                         r  btn_s0_reg[0]/D
  -------------------------------------------------------------------    -------------------

                         (clock clk_100 rise edge)    0.000     0.000 r  
    Y9                                                0.000     0.000 r  clk_100 (IN)
                         net (fo=0)                   0.000     0.000    i_audio/i_clocking/clk_100
    Y9                   IBUF (Prop_ibuf_I_O)         1.420     1.420 r  i_audio/i_clocking/clkin1_buf/O
                         net (fo=1, routed)           1.972     3.392    i_audio/i_clocking/o_CLK_100
    BUFGCTRL_X0Y0        BUFG (Prop_bufg_I_O)         0.091     3.483 r  i_audio/i_clocking/o_CLK_100_BUFG_inst/O
                         net (fo=1798, routed)        1.542     5.025    clk
    SLICE_X64Y28         FDRE                                         r  btn_s0_reg[0]/C

Slack:                    inf
  Source:                 BTNU
                            (input port)
  Destination:            btn_s0_reg[1]/D
                            (rising edge-triggered cell FDRE clocked by clk_100  {rise@0.000ns fall@5.000ns period=10.000ns})
  Path Group:             (none)
  Path Type:              Setup (Max at Slow Process Corner)
  Data Path Delay:        4.546ns  (logic 1.470ns (32.329%)  route 3.076ns (67.671%))
  Logic Levels:           1  (IBUF=1)
  Clock Path Skew:        5.020ns (DCD - SCD + CPR)
    Destination Clock Delay (DCD):    5.020ns
    Source Clock Delay      (SCD):    0.000ns
    Clock Pessimism Removal (CPR):    0.000ns
  Clock Uncertainty:      0.025ns  ((TSJ^2 + TIJ^2)^1/2 + DJ) / 2 + PE
    Total System Jitter     (TSJ):    0.050ns
    Total Input Jitter      (TIJ):    0.000ns
    Discrete Jitter          (DJ):    0.000ns
    Phase Error              (PE):    0.000ns

    Location             Delay type                Incr(ns)  Path(ns)    Netlist Resource(s)
  -------------------------------------------------------------------    -------------------
    T18                                               0.000     0.000 r  BTNU (IN)
                         net (fo=0)                   0.000     0.000    BTNU
    T18                  IBUF (Prop_ibuf_I_O)         1.470     1.470 r  BTNU_IBUF_inst/O
                         net (fo=1, routed)           3.076     4.546    BTNU_IBUF
    SLICE_X66Y24         FDRE                                         r  btn_s0_reg[1]/D
  -------------------------------------------------------------------    -------------------

                         (clock clk_100 rise edge)    0.000     0.000 r  
    Y9                                                0.000     0.000 r  clk_100 (IN)
                         net (fo=0)                   0.000     0.000    i_audio/i_clocking/clk_100
    Y9                   IBUF (Prop_ibuf_I_O)         1.420     1.420 r  i_audio/i_clocking/clkin1_buf/O
                         net (fo=1, routed)           1.972     3.392    i_audio/i_clocking/o_CLK_100
    BUFGCTRL_X0Y0        BUFG (Prop_bufg_I_O)         0.091     3.483 r  i_audio/i_clocking/o_CLK_100_BUFG_inst/O
                         net (fo=1798, routed)        1.537     5.020    clk
    SLICE_X66Y24         FDRE                                         r  btn_s0_reg[1]/C

Slack:                    inf
  Source:                 BTND
                            (input port)
  Destination:            btn_s0_reg[2]/D
                            (rising edge-triggered cell FDRE clocked by clk_100  {rise@0.000ns fall@5.000ns period=10.000ns})
  Path Group:             (none)
  Path Type:              Setup (Max at Slow Process Corner)
  Data Path Delay:        4.509ns  (logic 1.473ns (32.662%)  route 3.036ns (67.338%))
  Logic Levels:           1  (IBUF=1)
  Clock Path Skew:        5.023ns (DCD - SCD + CPR)
    Destination Clock Delay (DCD):    5.023ns
    Source Clock Delay      (SCD):    0.000ns
    Clock Pessimism Removal (CPR):    0.000ns
  Clock Uncertainty:      0.025ns  ((TSJ^2 + TIJ^2)^1/2 + DJ) / 2 + PE
    Total System Jitter     (TSJ):    0.050ns
    Total Input Jitter      (TIJ):    0.000ns
    Discrete Jitter          (DJ):    0.000ns
    Phase Error              (PE):    0.000ns

    Location             Delay type                Incr(ns)  Path(ns)    Netlist Resource(s)
  -------------------------------------------------------------------    -------------------
    R16                                               0.000     0.000 r  BTND (IN)
                         net (fo=0)                   0.000     0.000    BTND
    R16                  IBUF (Prop_ibuf_I_O)         1.473     1.473 r  BTND_IBUF_inst/O
                         net (fo=1, routed)           3.036     4.509    BTND_IBUF
    SLICE_X54Y31         FDRE                                         r  btn_s0_reg[2]/D
  -------------------------------------------------------------------    -------------------

                         (clock clk_100 rise edge)    0.000     0.000 r  
    Y9                                                0.000     0.000 r  clk_100 (IN)
                         net (fo=0)                   0.000     0.000    i_audio/i_clocking/clk_100
    Y9                   IBUF (Prop_ibuf_I_O)         1.420     1.420 r  i_audio/i_clocking/clkin1_buf/O
                         net (fo=1, routed)           1.972     3.392    i_audio/i_clocking/o_CLK_100
    BUFGCTRL_X0Y0        BUFG (Prop_bufg_I_O)         0.091     3.483 r  i_audio/i_clocking/o_CLK_100_BUFG_inst/O
                         net (fo=1798, routed)        1.540     5.023    clk
    SLICE_X54Y31         FDRE                                         r  btn_s0_reg[2]/C





Min Delay Paths
--------------------------------------------------------------------------------------
Slack:                    inf
  Source:                 BTND
                            (input port)
  Destination:            btn_s0_reg[2]/D
                            (rising edge-triggered cell FDRE clocked by clk_100  {rise@0.000ns fall@5.000ns period=10.000ns})
  Path Group:             (none)
  Path Type:              Hold (Min at Fast Process Corner)
  Data Path Delay:        1.596ns  (logic 0.241ns (15.082%)  route 1.355ns (84.918%))
  Logic Levels:           1  (IBUF=1)
  Clock Path Skew:        2.033ns (DCD - SCD - CPR)
    Destination Clock Delay (DCD):    2.033ns
    Source Clock Delay      (SCD):    0.000ns
    Clock Pessimism Removal (CPR):    -0.000ns

    Location             Delay type                Incr(ns)  Path(ns)    Netlist Resource(s)
  -------------------------------------------------------------------    -------------------
    R16                                               0.000     0.000 r  BTND (IN)
                         net (fo=0)                   0.000     0.000    BTND
    R16                  IBUF (Prop_ibuf_I_O)         0.241     0.241 r  BTND_IBUF_inst/O
                         net (fo=1, routed)           1.355     1.596    BTND_IBUF
    SLICE_X54Y31         FDRE                                         r  btn_s0_reg[2]/D
  -------------------------------------------------------------------    -------------------

                         (clock clk_100 rise edge)    0.000     0.000 r  
    Y9                                                0.000     0.000 r  clk_100 (IN)
                         net (fo=0)                   0.000     0.000    i_audio/i_clocking/clk_100
    Y9                   IBUF (Prop_ibuf_I_O)         0.446     0.446 r  i_audio/i_clocking/clkin1_buf/O
                         net (fo=1, routed)           0.719     1.165    i_audio/i_clocking/o_CLK_100
    BUFGCTRL_X0Y0        BUFG (Prop_bufg_I_O)         0.029     1.194 r  i_audio/i_clocking/o_CLK_100_BUFG_inst/O
                         net (fo=1798, routed)        0.839     2.033    clk
    SLICE_X54Y31         FDRE                                         r  btn_s0_reg[2]/C

Slack:                    inf
  Source:                 BTNU
                            (input port)
  Destination:            btn_s0_reg[1]/D
                            (rising edge-triggered cell FDRE clocked by clk_100  {rise@0.000ns fall@5.000ns period=10.000ns})
  Path Group:             (none)
  Path Type:              Hold (Min at Fast Process Corner)
  Data Path Delay:        1.628ns  (logic 0.237ns (14.583%)  route 1.391ns (85.417%))
  Logic Levels:           1  (IBUF=1)
  Clock Path Skew:        2.029ns (DCD - SCD - CPR)
    Destination Clock Delay (DCD):    2.029ns
    Source Clock Delay      (SCD):    0.000ns
    Clock Pessimism Removal (CPR):    -0.000ns

    Location             Delay type                Incr(ns)  Path(ns)    Netlist Resource(s)
  -------------------------------------------------------------------    -------------------
    T18                                               0.000     0.000 r  BTNU (IN)
                         net (fo=0)                   0.000     0.000    BTNU
    T18                  IBUF (Prop_ibuf_I_O)         0.237     0.237 r  BTNU_IBUF_inst/O
                         net (fo=1, routed)           1.391     1.628    BTNU_IBUF
    SLICE_X66Y24         FDRE                                         r  btn_s0_reg[1]/D
  -------------------------------------------------------------------    -------------------

                         (clock clk_100 rise edge)    0.000     0.000 r  
    Y9                                                0.000     0.000 r  clk_100 (IN)
                         net (fo=0)                   0.000     0.000    i_audio/i_clocking/clk_100
    Y9                   IBUF (Prop_ibuf_I_O)         0.446     0.446 r  i_audio/i_clocking/clkin1_buf/O
                         net (fo=1, routed)           0.719     1.165    i_audio/i_clocking/o_CLK_100
    BUFGCTRL_X0Y0        BUFG (Prop_bufg_I_O)         0.029     1.194 r  i_audio/i_clocking/o_CLK_100_BUFG_inst/O
                         net (fo=1798, routed)        0.835     2.029    clk
    SLICE_X66Y24         FDRE                                         r  btn_s0_reg[1]/C

Slack:                    inf
  Source:                 BTNC
                            (input port)
  Destination:            btn_s0_reg[0]/D
                            (rising edge-triggered cell FDRE clocked by clk_100  {rise@0.000ns fall@5.000ns period=10.000ns})
  Path Group:             (none)
  Path Type:              Hold (Min at Fast Process Corner)
  Data Path Delay:        1.635ns  (logic 0.216ns (13.227%)  route 1.418ns (86.773%))
  Logic Levels:           1  (IBUF=1)
  Clock Path Skew:        2.033ns (DCD - SCD - CPR)
    Destination Clock Delay (DCD):    2.033ns
    Source Clock Delay      (SCD):    0.000ns
    Clock Pessimism Removal (CPR):    -0.000ns

    Location             Delay type                Incr(ns)  Path(ns)    Netlist Resource(s)
  -------------------------------------------------------------------    -------------------
    P16                                               0.000     0.000 r  BTNC (IN)
                         net (fo=0)                   0.000     0.000    BTNC
    P16                  IBUF (Prop_ibuf_I_O)         0.216     0.216 r  BTNC_IBUF_inst/O
                         net (fo=1, routed)           1.418     1.635    BTNC_IBUF
    SLICE_X64Y28         FDRE                                         r  btn_s0_reg[0]/D
  -------------------------------------------------------------------    -------------------

                         (clock clk_100 rise edge)    0.000     0.000 r  
    Y9                                                0.000     0.000 r  clk_100 (IN)
                         net (fo=0)                   0.000     0.000    i_audio/i_clocking/clk_100
    Y9                   IBUF (Prop_ibuf_I_O)         0.446     0.446 r  i_audio/i_clocking/clkin1_buf/O
                         net (fo=1, routed)           0.719     1.165    i_audio/i_clocking/o_CLK_100
    BUFGCTRL_X0Y0        BUFG (Prop_bufg_I_O)         0.029     1.194 r  i_audio/i_clocking/o_CLK_100_BUFG_inst/O
                         net (fo=1798, routed)        0.839     2.033    clk
    SLICE_X64Y28         FDRE                                         r  btn_s0_reg[0]/C

Slack:                    inf
  Source:                 BTNL
                            (input port)
  Destination:            btn_s0_reg[3]/D
                            (rising edge-triggered cell FDRE clocked by clk_100  {rise@0.000ns fall@5.000ns period=10.000ns})
  Path Group:             (none)
  Path Type:              Hold (Min at Fast Process Corner)
  Data Path Delay:        1.719ns  (logic 0.258ns (15.039%)  route 1.460ns (84.961%))
  Logic Levels:           1  (IBUF=1)
  Clock Path Skew:        2.030ns (DCD - SCD - CPR)
    Destination Clock Delay (DCD):    2.030ns
    Source Clock Delay      (SCD):    0.000ns
    Clock Pessimism Removal (CPR):    -0.000ns

    Location             Delay type                Incr(ns)  Path(ns)    Netlist Resource(s)
  -------------------------------------------------------------------    -------------------
    N15                                               0.000     0.000 r  BTNL (IN)
                         net (fo=0)                   0.000     0.000    BTNL
    N15                  IBUF (Prop_ibuf_I_O)         0.258     0.258 r  BTNL_IBUF_inst/O
                         net (fo=1, routed)           1.460     1.719    BTNL_IBUF
    SLICE_X68Y25         FDRE                                         r  btn_s0_reg[3]/D
  -------------------------------------------------------------------    -------------------

                         (clock clk_100 rise edge)    0.000     0.000 r  
    Y9                                                0.000     0.000 r  clk_100 (IN)
                         net (fo=0)                   0.000     0.000    i_audio/i_clocking/clk_100
    Y9                   IBUF (Prop_ibuf_I_O)         0.446     0.446 r  i_audio/i_clocking/clkin1_buf/O
                         net (fo=1, routed)           0.719     1.165    i_audio/i_clocking/o_CLK_100
    BUFGCTRL_X0Y0        BUFG (Prop_bufg_I_O)         0.029     1.194 r  i_audio/i_clocking/o_CLK_100_BUFG_inst/O
                         net (fo=1798, routed)        0.836     2.030    clk
    SLICE_X68Y25         FDRE                                         r  btn_s0_reg[3]/C

Slack:                    inf
  Source:                 BTNR
                            (input port)
  Destination:            btn_s0_reg[4]/D
                            (rising edge-triggered cell FDRE clocked by clk_100  {rise@0.000ns fall@5.000ns period=10.000ns})
  Path Group:             (none)
  Path Type:              Hold (Min at Fast Process Corner)
  Data Path Delay:        1.776ns  (logic 0.227ns (12.808%)  route 1.548ns (87.192%))
  Logic Levels:           1  (IBUF=1)
  Clock Path Skew:        2.032ns (DCD - SCD - CPR)
    Destination Clock Delay (DCD):    2.032ns
    Source Clock Delay      (SCD):    0.000ns
    Clock Pessimism Removal (CPR):    -0.000ns

    Location             Delay type                Incr(ns)  Path(ns)    Netlist Resource(s)
  -------------------------------------------------------------------    -------------------
    R18                                               0.000     0.000 r  BTNR (IN)
                         net (fo=0)                   0.000     0.000    BTNR
    R18                  IBUF (Prop_ibuf_I_O)         0.227     0.227 r  BTNR_IBUF_inst/O
                         net (fo=1, routed)           1.548     1.776    BTNR_IBUF
    SLICE_X60Y22         FDRE                                         r  btn_s0_reg[4]/D
  -------------------------------------------------------------------    -------------------

                         (clock clk_100 rise edge)    0.000     0.000 r  
    Y9                                                0.000     0.000 r  clk_100 (IN)
                         net (fo=0)                   0.000     0.000    i_audio/i_clocking/clk_100
    Y9                   IBUF (Prop_ibuf_I_O)         0.446     0.446 r  i_audio/i_clocking/clkin1_buf/O
                         net (fo=1, routed)           0.719     1.165    i_audio/i_clocking/o_CLK_100
    BUFGCTRL_X0Y0        BUFG (Prop_bufg_I_O)         0.029     1.194 r  i_audio/i_clocking/o_CLK_100_BUFG_inst/O
                         net (fo=1798, routed)        0.838     2.032    clk
    SLICE_X60Y22         FDRE                                         r  btn_s0_reg[4]/C





--------------------------------------------------------------------------------------
Path Group:  (none)
From Clock:  
  To Clock:  zed_audio_clk_48M

Max Delay           109 Endpoints
Min Delay           109 Endpoints
--------------------------------------------------------------------------------------


Max Delay Paths
--------------------------------------------------------------------------------------
Slack:                    inf
  Source:                 AC_GPIO3
                            (input port)
  Destination:            i_audio/Inst_adau1761_izedboard/Inst_i2s_data_interface/audio_l_out_reg[17]/CE
                            (rising edge-triggered cell FDRE clocked by zed_audio_clk_48M  {rise@0.000ns fall@10.417ns period=20.833ns})
  Path Group:             (none)
  Path Type:              Setup (Max at Slow Process Corner)
  Data Path Delay:        7.542ns  (logic 1.608ns (21.327%)  route 5.933ns (78.673%))
  Logic Levels:           2  (IBUF=1 LUT4=1)
  Clock Path Skew:        8.534ns (DCD - SCD + CPR)
    Destination Clock Delay (DCD):    8.534ns
    Source Clock Delay      (SCD):    0.000ns
    Clock Pessimism Removal (CPR):    0.000ns
  Clock Uncertainty:      0.433ns  ((TSJ^2 + DJ^2)^1/2) / 2 + PE
    Total System Jitter     (TSJ):    0.050ns
    Discrete Jitter          (DJ):    0.267ns
    Phase Error              (PE):    0.297ns

    Location             Delay type                Incr(ns)  Path(ns)    Netlist Resource(s)
  -------------------------------------------------------------------    -------------------
    Y6                                                0.000     0.000 r  AC_GPIO3 (IN)
                         net (fo=0)                   0.000     0.000    AC_GPIO3
    Y6                   IBUF (Prop_ibuf_I_O)         1.484     1.484 r  AC_GPIO3_IBUF_inst/O
                         net (fo=52, routed)          3.427     4.912    i_audio/Inst_adau1761_izedboard/Inst_i2s_data_interface/AC_GPIO3_IBUF
    SLICE_X47Y17         LUT4 (Prop_lut4_I1_O)        0.124     5.036 r  i_audio/Inst_adau1761_izedboard/Inst_i2s_data_interface/audio_l_out/O
                         net (fo=48, routed)          2.506     7.542    i_audio/Inst_adau1761_izedboard/Inst_i2s_data_interface/audio_l_out_n_0
    SLICE_X83Y24         FDRE                                         r  i_audio/Inst_adau1761_izedboard/Inst_i2s_data_interface/audio_l_out_reg[17]/CE
  -------------------------------------------------------------------    -------------------

                         (clock zed_audio_clk_48M rise edge)
                                                      0.000     0.000 r  
    Y9                                                0.000     0.000 r  clk_100 (IN)
                         net (fo=0)                   0.000     0.000    i_audio/i_clocking/clk_100
    Y9                   IBUF (Prop_ibuf_I_O)         1.420     1.420 r  i_audio/i_clocking/clkin1_buf/O
                         net (fo=1, routed)           1.972     3.392    i_audio/i_clocking/o_CLK_100
    BUFGCTRL_X0Y0        BUFG (Prop_bufg_I_O)         0.091     3.483 r  i_audio/i_clocking/o_CLK_100_BUFG_inst/O
                         net (fo=1798, routed)        1.609     5.092    i_audio/i_clocking/o_CLK_100_BUFG
    MMCME2_ADV_X1Y0      MMCME2_ADV (Prop_mmcme2_adv_CLKIN1_CLKOUT0)
                                                      0.083     5.175 r  i_audio/i_clocking/mmcm_adv_inst/CLKOUT0
                         net (fo=1, routed)           1.725     6.900    i_audio/i_clocking/zed_audio_clk_48M
    BUFGCTRL_X0Y1        BUFG (Prop_bufg_I_O)         0.091     6.991 r  i_audio/i_clocking/clkout1_buf/O
                         net (fo=226, routed)         1.542     8.534    i_audio/Inst_adau1761_izedboard/Inst_i2s_data_interface/CLK_48
    SLICE_X83Y24         FDRE                                         r  i_audio/Inst_adau1761_izedboard/Inst_i2s_data_interface/audio_l_out_reg[17]/C

Slack:                    inf
  Source:                 AC_GPIO3
                            (input port)
  Destination:            i_audio/Inst_adau1761_izedboard/Inst_i2s_data_interface/audio_l_out_reg[18]/CE
                            (rising edge-triggered cell FDRE clocked by zed_audio_clk_48M  {rise@0.000ns fall@10.417ns period=20.833ns})
  Path Group:             (none)
  Path Type:              Setup (Max at Slow Process Corner)
  Data Path Delay:        7.542ns  (logic 1.608ns (21.327%)  route 5.933ns (78.673%))
  Logic Levels:           2  (IBUF=1 LUT4=1)
  Clock Path Skew:        8.534ns (DCD - SCD + CPR)
    Destination Clock Delay (DCD):    8.534ns
    Source Clock Delay      (SCD):    0.000ns
    Clock Pessimism Removal (CPR):    0.000ns
  Clock Uncertainty:      0.433ns  ((TSJ^2 + DJ^2)^1/2) / 2 + PE
    Total System Jitter     (TSJ):    0.050ns
    Discrete Jitter          (DJ):    0.267ns
    Phase Error              (PE):    0.297ns

    Location             Delay type                Incr(ns)  Path(ns)    Netlist Resource(s)
  -------------------------------------------------------------------    -------------------
    Y6                                                0.000     0.000 r  AC_GPIO3 (IN)
                         net (fo=0)                   0.000     0.000    AC_GPIO3
    Y6                   IBUF (Prop_ibuf_I_O)         1.484     1.484 r  AC_GPIO3_IBUF_inst/O
                         net (fo=52, routed)          3.427     4.912    i_audio/Inst_adau1761_izedboard/Inst_i2s_data_interface/AC_GPIO3_IBUF
    SLICE_X47Y17         LUT4 (Prop_lut4_I1_O)        0.124     5.036 r  i_audio/Inst_adau1761_izedboard/Inst_i2s_data_interface/audio_l_out/O
                         net (fo=48, routed)          2.506     7.542    i_audio/Inst_adau1761_izedboard/Inst_i2s_data_interface/audio_l_out_n_0
    SLICE_X83Y24         FDRE                                         r  i_audio/Inst_adau1761_izedboard/Inst_i2s_data_interface/audio_l_out_reg[18]/CE
  -------------------------------------------------------------------    -------------------

                         (clock zed_audio_clk_48M rise edge)
                                                      0.000     0.000 r  
    Y9                                                0.000     0.000 r  clk_100 (IN)
                         net (fo=0)                   0.000     0.000    i_audio/i_clocking/clk_100
    Y9                   IBUF (Prop_ibuf_I_O)         1.420     1.420 r  i_audio/i_clocking/clkin1_buf/O
                         net (fo=1, routed)           1.972     3.392    i_audio/i_clocking/o_CLK_100
    BUFGCTRL_X0Y0        BUFG (Prop_bufg_I_O)         0.091     3.483 r  i_audio/i_clocking/o_CLK_100_BUFG_inst/O
                         net (fo=1798, routed)        1.609     5.092    i_audio/i_clocking/o_CLK_100_BUFG
    MMCME2_ADV_X1Y0      MMCME2_ADV (Prop_mmcme2_adv_CLKIN1_CLKOUT0)
                                                      0.083     5.175 r  i_audio/i_clocking/mmcm_adv_inst/CLKOUT0
                         net (fo=1, routed)           1.725     6.900    i_audio/i_clocking/zed_audio_clk_48M
    BUFGCTRL_X0Y1        BUFG (Prop_bufg_I_O)         0.091     6.991 r  i_audio/i_clocking/clkout1_buf/O
                         net (fo=226, routed)         1.542     8.534    i_audio/Inst_adau1761_izedboard/Inst_i2s_data_interface/CLK_48
    SLICE_X83Y24         FDRE                                         r  i_audio/Inst_adau1761_izedboard/Inst_i2s_data_interface/audio_l_out_reg[18]/C

Slack:                    inf
  Source:                 AC_GPIO3
                            (input port)
  Destination:            i_audio/Inst_adau1761_izedboard/Inst_i2s_data_interface/sr_out_reg[43]/D
                            (rising edge-triggered cell FDRE clocked by zed_audio_clk_48M  {rise@0.000ns fall@10.417ns period=20.833ns})
  Path Group:             (none)
  Path Type:              Setup (Max at Slow Process Corner)
  Data Path Delay:        7.492ns  (logic 1.608ns (21.469%)  route 5.884ns (78.531%))
  Logic Levels:           2  (IBUF=1 LUT4=1)
  Clock Path Skew:        8.546ns (DCD - SCD + CPR)
    Destination Clock Delay (DCD):    8.546ns
    Source Clock Delay      (SCD):    0.000ns
    Clock Pessimism Removal (CPR):    0.000ns
  Clock Uncertainty:      0.433ns  ((TSJ^2 + DJ^2)^1/2) / 2 + PE
    Total System Jitter     (TSJ):    0.050ns
    Discrete Jitter          (DJ):    0.267ns
    Phase Error              (PE):    0.297ns

    Location             Delay type                Incr(ns)  Path(ns)    Netlist Resource(s)
  -------------------------------------------------------------------    -------------------
    Y6                                                0.000     0.000 r  AC_GPIO3 (IN)
                         net (fo=0)                   0.000     0.000    AC_GPIO3
    Y6                   IBUF (Prop_ibuf_I_O)         1.484     1.484 r  AC_GPIO3_IBUF_inst/O
                         net (fo=52, routed)          5.884     7.368    i_audio/AC_GPIO3_IBUF
    SLICE_X85Y14         LUT4 (Prop_lut4_I1_O)        0.124     7.492 r  i_audio/sr_out[43]_i_1/O
                         net (fo=1, routed)           0.000     7.492    i_audio/Inst_adau1761_izedboard/Inst_i2s_data_interface/sr_out_reg[63]_0[27]
    SLICE_X85Y14         FDRE                                         r  i_audio/Inst_adau1761_izedboard/Inst_i2s_data_interface/sr_out_reg[43]/D
  -------------------------------------------------------------------    -------------------

                         (clock zed_audio_clk_48M rise edge)
                                                      0.000     0.000 r  
    Y9                                                0.000     0.000 r  clk_100 (IN)
                         net (fo=0)                   0.000     0.000    i_audio/i_clocking/clk_100
    Y9                   IBUF (Prop_ibuf_I_O)         1.420     1.420 r  i_audio/i_clocking/clkin1_buf/O
                         net (fo=1, routed)           1.972     3.392    i_audio/i_clocking/o_CLK_100
    BUFGCTRL_X0Y0        BUFG (Prop_bufg_I_O)         0.091     3.483 r  i_audio/i_clocking/o_CLK_100_BUFG_inst/O
                         net (fo=1798, routed)        1.609     5.092    i_audio/i_clocking/o_CLK_100_BUFG
    MMCME2_ADV_X1Y0      MMCME2_ADV (Prop_mmcme2_adv_CLKIN1_CLKOUT0)
                                                      0.083     5.175 r  i_audio/i_clocking/mmcm_adv_inst/CLKOUT0
                         net (fo=1, routed)           1.725     6.900    i_audio/i_clocking/zed_audio_clk_48M
    BUFGCTRL_X0Y1        BUFG (Prop_bufg_I_O)         0.091     6.991 r  i_audio/i_clocking/clkout1_buf/O
                         net (fo=226, routed)         1.554     8.546    i_audio/Inst_adau1761_izedboard/Inst_i2s_data_interface/CLK_48
    SLICE_X85Y14         FDRE                                         r  i_audio/Inst_adau1761_izedboard/Inst_i2s_data_interface/sr_out_reg[43]/C

Slack:                    inf
  Source:                 AC_GPIO3
                            (input port)
  Destination:            i_audio/Inst_adau1761_izedboard/Inst_i2s_data_interface/audio_l_out_reg[10]/CE
                            (rising edge-triggered cell FDRE clocked by zed_audio_clk_48M  {rise@0.000ns fall@10.417ns period=20.833ns})
  Path Group:             (none)
  Path Type:              Setup (Max at Slow Process Corner)
  Data Path Delay:        7.432ns  (logic 1.608ns (21.642%)  route 5.824ns (78.358%))
  Logic Levels:           2  (IBUF=1 LUT4=1)
  Clock Path Skew:        8.537ns (DCD - SCD + CPR)
    Destination Clock Delay (DCD):    8.537ns
    Source Clock Delay      (SCD):    0.000ns
    Clock Pessimism Removal (CPR):    0.000ns
  Clock Uncertainty:      0.433ns  ((TSJ^2 + DJ^2)^1/2) / 2 + PE
    Total System Jitter     (TSJ):    0.050ns
    Discrete Jitter          (DJ):    0.267ns
    Phase Error              (PE):    0.297ns

    Location             Delay type                Incr(ns)  Path(ns)    Netlist Resource(s)
  -------------------------------------------------------------------    -------------------
    Y6                                                0.000     0.000 r  AC_GPIO3 (IN)
                         net (fo=0)                   0.000     0.000    AC_GPIO3
    Y6                   IBUF (Prop_ibuf_I_O)         1.484     1.484 r  AC_GPIO3_IBUF_inst/O
                         net (fo=52, routed)          3.427     4.912    i_audio/Inst_adau1761_izedboard/Inst_i2s_data_interface/AC_GPIO3_IBUF
    SLICE_X47Y17         LUT4 (Prop_lut4_I1_O)        0.124     5.036 r  i_audio/Inst_adau1761_izedboard/Inst_i2s_data_interface/audio_l_out/O
                         net (fo=48, routed)          2.397     7.432    i_audio/Inst_adau1761_izedboard/Inst_i2s_data_interface/audio_l_out_n_0
    SLICE_X85Y22         FDRE                                         r  i_audio/Inst_adau1761_izedboard/Inst_i2s_data_interface/audio_l_out_reg[10]/CE
  -------------------------------------------------------------------    -------------------

                         (clock zed_audio_clk_48M rise edge)
                                                      0.000     0.000 r  
    Y9                                                0.000     0.000 r  clk_100 (IN)
                         net (fo=0)                   0.000     0.000    i_audio/i_clocking/clk_100
    Y9                   IBUF (Prop_ibuf_I_O)         1.420     1.420 r  i_audio/i_clocking/clkin1_buf/O
                         net (fo=1, routed)           1.972     3.392    i_audio/i_clocking/o_CLK_100
    BUFGCTRL_X0Y0        BUFG (Prop_bufg_I_O)         0.091     3.483 r  i_audio/i_clocking/o_CLK_100_BUFG_inst/O
                         net (fo=1798, routed)        1.609     5.092    i_audio/i_clocking/o_CLK_100_BUFG
    MMCME2_ADV_X1Y0      MMCME2_ADV (Prop_mmcme2_adv_CLKIN1_CLKOUT0)
                                                      0.083     5.175 r  i_audio/i_clocking/mmcm_adv_inst/CLKOUT0
                         net (fo=1, routed)           1.725     6.900    i_audio/i_clocking/zed_audio_clk_48M
    BUFGCTRL_X0Y1        BUFG (Prop_bufg_I_O)         0.091     6.991 r  i_audio/i_clocking/clkout1_buf/O
                         net (fo=226, routed)         1.545     8.537    i_audio/Inst_adau1761_izedboard/Inst_i2s_data_interface/CLK_48
    SLICE_X85Y22         FDRE                                         r  i_audio/Inst_adau1761_izedboard/Inst_i2s_data_interface/audio_l_out_reg[10]/C

Slack:                    inf
  Source:                 AC_GPIO3
                            (input port)
  Destination:            i_audio/Inst_adau1761_izedboard/Inst_i2s_data_interface/audio_l_out_reg[11]/CE
                            (rising edge-triggered cell FDRE clocked by zed_audio_clk_48M  {rise@0.000ns fall@10.417ns period=20.833ns})
  Path Group:             (none)
  Path Type:              Setup (Max at Slow Process Corner)
  Data Path Delay:        7.432ns  (logic 1.608ns (21.642%)  route 5.824ns (78.358%))
  Logic Levels:           2  (IBUF=1 LUT4=1)
  Clock Path Skew:        8.537ns (DCD - SCD + CPR)
    Destination Clock Delay (DCD):    8.537ns
    Source Clock Delay      (SCD):    0.000ns
    Clock Pessimism Removal (CPR):    0.000ns
  Clock Uncertainty:      0.433ns  ((TSJ^2 + DJ^2)^1/2) / 2 + PE
    Total System Jitter     (TSJ):    0.050ns
    Discrete Jitter          (DJ):    0.267ns
    Phase Error              (PE):    0.297ns

    Location             Delay type                Incr(ns)  Path(ns)    Netlist Resource(s)
  -------------------------------------------------------------------    -------------------
    Y6                                                0.000     0.000 r  AC_GPIO3 (IN)
                         net (fo=0)                   0.000     0.000    AC_GPIO3
    Y6                   IBUF (Prop_ibuf_I_O)         1.484     1.484 r  AC_GPIO3_IBUF_inst/O
                         net (fo=52, routed)          3.427     4.912    i_audio/Inst_adau1761_izedboard/Inst_i2s_data_interface/AC_GPIO3_IBUF
    SLICE_X47Y17         LUT4 (Prop_lut4_I1_O)        0.124     5.036 r  i_audio/Inst_adau1761_izedboard/Inst_i2s_data_interface/audio_l_out/O
                         net (fo=48, routed)          2.397     7.432    i_audio/Inst_adau1761_izedboard/Inst_i2s_data_interface/audio_l_out_n_0
    SLICE_X85Y22         FDRE                                         r  i_audio/Inst_adau1761_izedboard/Inst_i2s_data_interface/audio_l_out_reg[11]/CE
  -------------------------------------------------------------------    -------------------

                         (clock zed_audio_clk_48M rise edge)
                                                      0.000     0.000 r  
    Y9                                                0.000     0.000 r  clk_100 (IN)
                         net (fo=0)                   0.000     0.000    i_audio/i_clocking/clk_100
    Y9                   IBUF (Prop_ibuf_I_O)         1.420     1.420 r  i_audio/i_clocking/clkin1_buf/O
                         net (fo=1, routed)           1.972     3.392    i_audio/i_clocking/o_CLK_100
    BUFGCTRL_X0Y0        BUFG (Prop_bufg_I_O)         0.091     3.483 r  i_audio/i_clocking/o_CLK_100_BUFG_inst/O
                         net (fo=1798, routed)        1.609     5.092    i_audio/i_clocking/o_CLK_100_BUFG
    MMCME2_ADV_X1Y0      MMCME2_ADV (Prop_mmcme2_adv_CLKIN1_CLKOUT0)
                                                      0.083     5.175 r  i_audio/i_clocking/mmcm_adv_inst/CLKOUT0
                         net (fo=1, routed)           1.725     6.900    i_audio/i_clocking/zed_audio_clk_48M
    BUFGCTRL_X0Y1        BUFG (Prop_bufg_I_O)         0.091     6.991 r  i_audio/i_clocking/clkout1_buf/O
                         net (fo=226, routed)         1.545     8.537    i_audio/Inst_adau1761_izedboard/Inst_i2s_data_interface/CLK_48
    SLICE_X85Y22         FDRE                                         r  i_audio/Inst_adau1761_izedboard/Inst_i2s_data_interface/audio_l_out_reg[11]/C

Slack:                    inf
  Source:                 AC_GPIO3
                            (input port)
  Destination:            i_audio/Inst_adau1761_izedboard/Inst_i2s_data_interface/audio_l_out_reg[14]/CE
                            (rising edge-triggered cell FDRE clocked by zed_audio_clk_48M  {rise@0.000ns fall@10.417ns period=20.833ns})
  Path Group:             (none)
  Path Type:              Setup (Max at Slow Process Corner)
  Data Path Delay:        7.393ns  (logic 1.608ns (21.757%)  route 5.784ns (78.243%))
  Logic Levels:           2  (IBUF=1 LUT4=1)
  Clock Path Skew:        8.536ns (DCD - SCD + CPR)
    Destination Clock Delay (DCD):    8.536ns
    Source Clock Delay      (SCD):    0.000ns
    Clock Pessimism Removal (CPR):    0.000ns
  Clock Uncertainty:      0.433ns  ((TSJ^2 + DJ^2)^1/2) / 2 + PE
    Total System Jitter     (TSJ):    0.050ns
    Discrete Jitter          (DJ):    0.267ns
    Phase Error              (PE):    0.297ns

    Location             Delay type                Incr(ns)  Path(ns)    Netlist Resource(s)
  -------------------------------------------------------------------    -------------------
    Y6                                                0.000     0.000 r  AC_GPIO3 (IN)
                         net (fo=0)                   0.000     0.000    AC_GPIO3
    Y6                   IBUF (Prop_ibuf_I_O)         1.484     1.484 r  AC_GPIO3_IBUF_inst/O
                         net (fo=52, routed)          3.427     4.912    i_audio/Inst_adau1761_izedboard/Inst_i2s_data_interface/AC_GPIO3_IBUF
    SLICE_X47Y17         LUT4 (Prop_lut4_I1_O)        0.124     5.036 r  i_audio/Inst_adau1761_izedboard/Inst_i2s_data_interface/audio_l_out/O
                         net (fo=48, routed)          2.357     7.393    i_audio/Inst_adau1761_izedboard/Inst_i2s_data_interface/audio_l_out_n_0
    SLICE_X84Y23         FDRE                                         r  i_audio/Inst_adau1761_izedboard/Inst_i2s_data_interface/audio_l_out_reg[14]/CE
  -------------------------------------------------------------------    -------------------

                         (clock zed_audio_clk_48M rise edge)
                                                      0.000     0.000 r  
    Y9                                                0.000     0.000 r  clk_100 (IN)
                         net (fo=0)                   0.000     0.000    i_audio/i_clocking/clk_100
    Y9                   IBUF (Prop_ibuf_I_O)         1.420     1.420 r  i_audio/i_clocking/clkin1_buf/O
                         net (fo=1, routed)           1.972     3.392    i_audio/i_clocking/o_CLK_100
    BUFGCTRL_X0Y0        BUFG (Prop_bufg_I_O)         0.091     3.483 r  i_audio/i_clocking/o_CLK_100_BUFG_inst/O
                         net (fo=1798, routed)        1.609     5.092    i_audio/i_clocking/o_CLK_100_BUFG
    MMCME2_ADV_X1Y0      MMCME2_ADV (Prop_mmcme2_adv_CLKIN1_CLKOUT0)
                                                      0.083     5.175 r  i_audio/i_clocking/mmcm_adv_inst/CLKOUT0
                         net (fo=1, routed)           1.725     6.900    i_audio/i_clocking/zed_audio_clk_48M
    BUFGCTRL_X0Y1        BUFG (Prop_bufg_I_O)         0.091     6.991 r  i_audio/i_clocking/clkout1_buf/O
                         net (fo=226, routed)         1.544     8.536    i_audio/Inst_adau1761_izedboard/Inst_i2s_data_interface/CLK_48
    SLICE_X84Y23         FDRE                                         r  i_audio/Inst_adau1761_izedboard/Inst_i2s_data_interface/audio_l_out_reg[14]/C

Slack:                    inf
  Source:                 AC_GPIO3
                            (input port)
  Destination:            i_audio/Inst_adau1761_izedboard/Inst_i2s_data_interface/audio_l_out_reg[15]/CE
                            (rising edge-triggered cell FDRE clocked by zed_audio_clk_48M  {rise@0.000ns fall@10.417ns period=20.833ns})
  Path Group:             (none)
  Path Type:              Setup (Max at Slow Process Corner)
  Data Path Delay:        7.393ns  (logic 1.608ns (21.757%)  route 5.784ns (78.243%))
  Logic Levels:           2  (IBUF=1 LUT4=1)
  Clock Path Skew:        8.536ns (DCD - SCD + CPR)
    Destination Clock Delay (DCD):    8.536ns
    Source Clock Delay      (SCD):    0.000ns
    Clock Pessimism Removal (CPR):    0.000ns
  Clock Uncertainty:      0.433ns  ((TSJ^2 + DJ^2)^1/2) / 2 + PE
    Total System Jitter     (TSJ):    0.050ns
    Discrete Jitter          (DJ):    0.267ns
    Phase Error              (PE):    0.297ns

    Location             Delay type                Incr(ns)  Path(ns)    Netlist Resource(s)
  -------------------------------------------------------------------    -------------------
    Y6                                                0.000     0.000 r  AC_GPIO3 (IN)
                         net (fo=0)                   0.000     0.000    AC_GPIO3
    Y6                   IBUF (Prop_ibuf_I_O)         1.484     1.484 r  AC_GPIO3_IBUF_inst/O
                         net (fo=52, routed)          3.427     4.912    i_audio/Inst_adau1761_izedboard/Inst_i2s_data_interface/AC_GPIO3_IBUF
    SLICE_X47Y17         LUT4 (Prop_lut4_I1_O)        0.124     5.036 r  i_audio/Inst_adau1761_izedboard/Inst_i2s_data_interface/audio_l_out/O
                         net (fo=48, routed)          2.357     7.393    i_audio/Inst_adau1761_izedboard/Inst_i2s_data_interface/audio_l_out_n_0
    SLICE_X84Y23         FDRE                                         r  i_audio/Inst_adau1761_izedboard/Inst_i2s_data_interface/audio_l_out_reg[15]/CE
  -------------------------------------------------------------------    -------------------

                         (clock zed_audio_clk_48M rise edge)
                                                      0.000     0.000 r  
    Y9                                                0.000     0.000 r  clk_100 (IN)
                         net (fo=0)                   0.000     0.000    i_audio/i_clocking/clk_100
    Y9                   IBUF (Prop_ibuf_I_O)         1.420     1.420 r  i_audio/i_clocking/clkin1_buf/O
                         net (fo=1, routed)           1.972     3.392    i_audio/i_clocking/o_CLK_100
    BUFGCTRL_X0Y0        BUFG (Prop_bufg_I_O)         0.091     3.483 r  i_audio/i_clocking/o_CLK_100_BUFG_inst/O
                         net (fo=1798, routed)        1.609     5.092    i_audio/i_clocking/o_CLK_100_BUFG
    MMCME2_ADV_X1Y0      MMCME2_ADV (Prop_mmcme2_adv_CLKIN1_CLKOUT0)
                                                      0.083     5.175 r  i_audio/i_clocking/mmcm_adv_inst/CLKOUT0
                         net (fo=1, routed)           1.725     6.900    i_audio/i_clocking/zed_audio_clk_48M
    BUFGCTRL_X0Y1        BUFG (Prop_bufg_I_O)         0.091     6.991 r  i_audio/i_clocking/clkout1_buf/O
                         net (fo=226, routed)         1.544     8.536    i_audio/Inst_adau1761_izedboard/Inst_i2s_data_interface/CLK_48
    SLICE_X84Y23         FDRE                                         r  i_audio/Inst_adau1761_izedboard/Inst_i2s_data_interface/audio_l_out_reg[15]/C

Slack:                    inf
  Source:                 AC_GPIO3
                            (input port)
  Destination:            i_audio/Inst_adau1761_izedboard/Inst_i2s_data_interface/audio_l_out_reg[16]/CE
                            (rising edge-triggered cell FDRE clocked by zed_audio_clk_48M  {rise@0.000ns fall@10.417ns period=20.833ns})
  Path Group:             (none)
  Path Type:              Setup (Max at Slow Process Corner)
  Data Path Delay:        7.393ns  (logic 1.608ns (21.757%)  route 5.784ns (78.243%))
  Logic Levels:           2  (IBUF=1 LUT4=1)
  Clock Path Skew:        8.536ns (DCD - SCD + CPR)
    Destination Clock Delay (DCD):    8.536ns
    Source Clock Delay      (SCD):    0.000ns
    Clock Pessimism Removal (CPR):    0.000ns
  Clock Uncertainty:      0.433ns  ((TSJ^2 + DJ^2)^1/2) / 2 + PE
    Total System Jitter     (TSJ):    0.050ns
    Discrete Jitter          (DJ):    0.267ns
    Phase Error              (PE):    0.297ns

    Location             Delay type                Incr(ns)  Path(ns)    Netlist Resource(s)
  -------------------------------------------------------------------    -------------------
    Y6                                                0.000     0.000 r  AC_GPIO3 (IN)
                         net (fo=0)                   0.000     0.000    AC_GPIO3
    Y6                   IBUF (Prop_ibuf_I_O)         1.484     1.484 r  AC_GPIO3_IBUF_inst/O
                         net (fo=52, routed)          3.427     4.912    i_audio/Inst_adau1761_izedboard/Inst_i2s_data_interface/AC_GPIO3_IBUF
    SLICE_X47Y17         LUT4 (Prop_lut4_I1_O)        0.124     5.036 r  i_audio/Inst_adau1761_izedboard/Inst_i2s_data_interface/audio_l_out/O
                         net (fo=48, routed)          2.357     7.393    i_audio/Inst_adau1761_izedboard/Inst_i2s_data_interface/audio_l_out_n_0
    SLICE_X84Y23         FDRE                                         r  i_audio/Inst_adau1761_izedboard/Inst_i2s_data_interface/audio_l_out_reg[16]/CE
  -------------------------------------------------------------------    -------------------

                         (clock zed_audio_clk_48M rise edge)
                                                      0.000     0.000 r  
    Y9                                                0.000     0.000 r  clk_100 (IN)
                         net (fo=0)                   0.000     0.000    i_audio/i_clocking/clk_100
    Y9                   IBUF (Prop_ibuf_I_O)         1.420     1.420 r  i_audio/i_clocking/clkin1_buf/O
                         net (fo=1, routed)           1.972     3.392    i_audio/i_clocking/o_CLK_100
    BUFGCTRL_X0Y0        BUFG (Prop_bufg_I_O)         0.091     3.483 r  i_audio/i_clocking/o_CLK_100_BUFG_inst/O
                         net (fo=1798, routed)        1.609     5.092    i_audio/i_clocking/o_CLK_100_BUFG
    MMCME2_ADV_X1Y0      MMCME2_ADV (Prop_mmcme2_adv_CLKIN1_CLKOUT0)
                                                      0.083     5.175 r  i_audio/i_clocking/mmcm_adv_inst/CLKOUT0
                         net (fo=1, routed)           1.725     6.900    i_audio/i_clocking/zed_audio_clk_48M
    BUFGCTRL_X0Y1        BUFG (Prop_bufg_I_O)         0.091     6.991 r  i_audio/i_clocking/clkout1_buf/O
                         net (fo=226, routed)         1.544     8.536    i_audio/Inst_adau1761_izedboard/Inst_i2s_data_interface/CLK_48
    SLICE_X84Y23         FDRE                                         r  i_audio/Inst_adau1761_izedboard/Inst_i2s_data_interface/audio_l_out_reg[16]/C

Slack:                    inf
  Source:                 AC_GPIO3
                            (input port)
  Destination:            i_audio/Inst_adau1761_izedboard/Inst_i2s_data_interface/audio_l_out_reg[19]/CE
                            (rising edge-triggered cell FDRE clocked by zed_audio_clk_48M  {rise@0.000ns fall@10.417ns period=20.833ns})
  Path Group:             (none)
  Path Type:              Setup (Max at Slow Process Corner)
  Data Path Delay:        7.393ns  (logic 1.608ns (21.757%)  route 5.784ns (78.243%))
  Logic Levels:           2  (IBUF=1 LUT4=1)
  Clock Path Skew:        8.536ns (DCD - SCD + CPR)
    Destination Clock Delay (DCD):    8.536ns
    Source Clock Delay      (SCD):    0.000ns
    Clock Pessimism Removal (CPR):    0.000ns
  Clock Uncertainty:      0.433ns  ((TSJ^2 + DJ^2)^1/2) / 2 + PE
    Total System Jitter     (TSJ):    0.050ns
    Discrete Jitter          (DJ):    0.267ns
    Phase Error              (PE):    0.297ns

    Location             Delay type                Incr(ns)  Path(ns)    Netlist Resource(s)
  -------------------------------------------------------------------    -------------------
    Y6                                                0.000     0.000 r  AC_GPIO3 (IN)
                         net (fo=0)                   0.000     0.000    AC_GPIO3
    Y6                   IBUF (Prop_ibuf_I_O)         1.484     1.484 r  AC_GPIO3_IBUF_inst/O
                         net (fo=52, routed)          3.427     4.912    i_audio/Inst_adau1761_izedboard/Inst_i2s_data_interface/AC_GPIO3_IBUF
    SLICE_X47Y17         LUT4 (Prop_lut4_I1_O)        0.124     5.036 r  i_audio/Inst_adau1761_izedboard/Inst_i2s_data_interface/audio_l_out/O
                         net (fo=48, routed)          2.357     7.393    i_audio/Inst_adau1761_izedboard/Inst_i2s_data_interface/audio_l_out_n_0
    SLICE_X84Y23         FDRE                                         r  i_audio/Inst_adau1761_izedboard/Inst_i2s_data_interface/audio_l_out_reg[19]/CE
  -------------------------------------------------------------------    -------------------

                         (clock zed_audio_clk_48M rise edge)
                                                      0.000     0.000 r  
    Y9                                                0.000     0.000 r  clk_100 (IN)
                         net (fo=0)                   0.000     0.000    i_audio/i_clocking/clk_100
    Y9                   IBUF (Prop_ibuf_I_O)         1.420     1.420 r  i_audio/i_clocking/clkin1_buf/O
                         net (fo=1, routed)           1.972     3.392    i_audio/i_clocking/o_CLK_100
    BUFGCTRL_X0Y0        BUFG (Prop_bufg_I_O)         0.091     3.483 r  i_audio/i_clocking/o_CLK_100_BUFG_inst/O
                         net (fo=1798, routed)        1.609     5.092    i_audio/i_clocking/o_CLK_100_BUFG
    MMCME2_ADV_X1Y0      MMCME2_ADV (Prop_mmcme2_adv_CLKIN1_CLKOUT0)
                                                      0.083     5.175 r  i_audio/i_clocking/mmcm_adv_inst/CLKOUT0
                         net (fo=1, routed)           1.725     6.900    i_audio/i_clocking/zed_audio_clk_48M
    BUFGCTRL_X0Y1        BUFG (Prop_bufg_I_O)         0.091     6.991 r  i_audio/i_clocking/clkout1_buf/O
                         net (fo=226, routed)         1.544     8.536    i_audio/Inst_adau1761_izedboard/Inst_i2s_data_interface/CLK_48
    SLICE_X84Y23         FDRE                                         r  i_audio/Inst_adau1761_izedboard/Inst_i2s_data_interface/audio_l_out_reg[19]/C

Slack:                    inf
  Source:                 AC_GPIO3
                            (input port)
  Destination:            i_audio/Inst_adau1761_izedboard/Inst_i2s_data_interface/sr_out_reg[52]/D
                            (rising edge-triggered cell FDRE clocked by zed_audio_clk_48M  {rise@0.000ns fall@10.417ns period=20.833ns})
  Path Group:             (none)
  Path Type:              Setup (Max at Slow Process Corner)
  Data Path Delay:        7.328ns  (logic 1.608ns (21.948%)  route 5.720ns (78.052%))
  Logic Levels:           2  (IBUF=1 LUT4=1)
  Clock Path Skew:        8.544ns (DCD - SCD + CPR)
    Destination Clock Delay (DCD):    8.544ns
    Source Clock Delay      (SCD):    0.000ns
    Clock Pessimism Removal (CPR):    0.000ns
  Clock Uncertainty:      0.433ns  ((TSJ^2 + DJ^2)^1/2) / 2 + PE
    Total System Jitter     (TSJ):    0.050ns
    Discrete Jitter          (DJ):    0.267ns
    Phase Error              (PE):    0.297ns

    Location             Delay type                Incr(ns)  Path(ns)    Netlist Resource(s)
  -------------------------------------------------------------------    -------------------
    Y6                                                0.000     0.000 r  AC_GPIO3 (IN)
                         net (fo=0)                   0.000     0.000    AC_GPIO3
    Y6                   IBUF (Prop_ibuf_I_O)         1.484     1.484 r  AC_GPIO3_IBUF_inst/O
                         net (fo=52, routed)          5.720     7.204    i_audio/AC_GPIO3_IBUF
    SLICE_X85Y16         LUT4 (Prop_lut4_I1_O)        0.124     7.328 r  i_audio/sr_out[52]_i_1/O
                         net (fo=1, routed)           0.000     7.328    i_audio/Inst_adau1761_izedboard/Inst_i2s_data_interface/sr_out_reg[63]_0[36]
    SLICE_X85Y16         FDRE                                         r  i_audio/Inst_adau1761_izedboard/Inst_i2s_data_interface/sr_out_reg[52]/D
  -------------------------------------------------------------------    -------------------

                         (clock zed_audio_clk_48M rise edge)
                                                      0.000     0.000 r  
    Y9                                                0.000     0.000 r  clk_100 (IN)
                         net (fo=0)                   0.000     0.000    i_audio/i_clocking/clk_100
    Y9                   IBUF (Prop_ibuf_I_O)         1.420     1.420 r  i_audio/i_clocking/clkin1_buf/O
                         net (fo=1, routed)           1.972     3.392    i_audio/i_clocking/o_CLK_100
    BUFGCTRL_X0Y0        BUFG (Prop_bufg_I_O)         0.091     3.483 r  i_audio/i_clocking/o_CLK_100_BUFG_inst/O
                         net (fo=1798, routed)        1.609     5.092    i_audio/i_clocking/o_CLK_100_BUFG
    MMCME2_ADV_X1Y0      MMCME2_ADV (Prop_mmcme2_adv_CLKIN1_CLKOUT0)
                                                      0.083     5.175 r  i_audio/i_clocking/mmcm_adv_inst/CLKOUT0
                         net (fo=1, routed)           1.725     6.900    i_audio/i_clocking/zed_audio_clk_48M
    BUFGCTRL_X0Y1        BUFG (Prop_bufg_I_O)         0.091     6.991 r  i_audio/i_clocking/clkout1_buf/O
                         net (fo=226, routed)         1.552     8.544    i_audio/Inst_adau1761_izedboard/Inst_i2s_data_interface/CLK_48
    SLICE_X85Y16         FDRE                                         r  i_audio/Inst_adau1761_izedboard/Inst_i2s_data_interface/sr_out_reg[52]/C





Min Delay Paths
--------------------------------------------------------------------------------------
Slack:                    inf
  Source:                 AC_SDA
                            (input port)
  Destination:            i_audio/Inst_adau1761_izedboard/Inst_i2c/Inst_i3c2/i2c_data_reg[0]/D
                            (rising edge-triggered cell FDRE clocked by zed_audio_clk_48M  {rise@0.000ns fall@10.417ns period=20.833ns})
  Path Group:             (none)
  Path Type:              Hold (Min at Fast Process Corner)
  Data Path Delay:        1.113ns  (logic 0.294ns (26.379%)  route 0.819ns (73.621%))
  Logic Levels:           2  (IBUF=1 LUT2=1)
  Clock Path Skew:        3.608ns (DCD - SCD - CPR)
    Destination Clock Delay (DCD):    3.608ns
    Source Clock Delay      (SCD):    0.000ns
    Clock Pessimism Removal (CPR):    -0.000ns

    Location             Delay type                Incr(ns)  Path(ns)    Netlist Resource(s)
  -------------------------------------------------------------------    -------------------
    AB5                                               0.000     0.000 r  AC_SDA (INOUT)
                         net (fo=1, unset)            0.000     0.000    i_audio/Inst_adau1761_izedboard/i_i2s_sda_obuf/IO
    AB5                  IBUF (Prop_ibuf_I_O)         0.249     0.249 r  i_audio/Inst_adau1761_izedboard/i_i2s_sda_obuf/IBUF/O
                         net (fo=1, routed)           0.819     1.068    i_audio/Inst_adau1761_izedboard/Inst_i2c/Inst_i3c2/i2c_sda_i
    SLICE_X3Y47          LUT2 (Prop_lut2_I0_O)        0.045     1.113 r  i_audio/Inst_adau1761_izedboard/Inst_i2c/Inst_i3c2/i2c_data[0]_i_1/O
                         net (fo=1, routed)           0.000     1.113    i_audio/Inst_adau1761_izedboard/Inst_i2c/Inst_i3c2/i2c_data[0]_i_1_n_0
    SLICE_X3Y47          FDRE                                         r  i_audio/Inst_adau1761_izedboard/Inst_i2c/Inst_i3c2/i2c_data_reg[0]/D
  -------------------------------------------------------------------    -------------------

                         (clock zed_audio_clk_48M rise edge)
                                                      0.000     0.000 r  
    Y9                                                0.000     0.000 r  clk_100 (IN)
                         net (fo=0)                   0.000     0.000    i_audio/i_clocking/clk_100
    Y9                   IBUF (Prop_ibuf_I_O)         0.446     0.446 r  i_audio/i_clocking/clkin1_buf/O
                         net (fo=1, routed)           0.719     1.165    i_audio/i_clocking/o_CLK_100
    BUFGCTRL_X0Y0        BUFG (Prop_bufg_I_O)         0.029     1.194 r  i_audio/i_clocking/o_CLK_100_BUFG_inst/O
                         net (fo=1798, routed)        0.862     2.056    i_audio/i_clocking/o_CLK_100_BUFG
    MMCME2_ADV_X1Y0      MMCME2_ADV (Prop_mmcme2_adv_CLKIN1_CLKOUT0)
                                                      0.053     2.109 r  i_audio/i_clocking/mmcm_adv_inst/CLKOUT0
                         net (fo=1, routed)           0.576     2.685    i_audio/i_clocking/zed_audio_clk_48M
    BUFGCTRL_X0Y1        BUFG (Prop_bufg_I_O)         0.029     2.714 r  i_audio/i_clocking/clkout1_buf/O
                         net (fo=226, routed)         0.894     3.608    i_audio/Inst_adau1761_izedboard/Inst_i2c/Inst_i3c2/CLK_48
    SLICE_X3Y47          FDRE                                         r  i_audio/Inst_adau1761_izedboard/Inst_i2c/Inst_i3c2/i2c_data_reg[0]/C

Slack:                    inf
  Source:                 AC_GPIO1
                            (input port)
  Destination:            i_audio/Inst_adau1761_izedboard/Inst_i2s_data_interface/i2s_d_in_last_reg/D
                            (rising edge-triggered cell FDRE clocked by zed_audio_clk_48M  {rise@0.000ns fall@10.417ns period=20.833ns})
  Path Group:             (none)
  Path Type:              Hold (Min at Fast Process Corner)
  Data Path Delay:        1.152ns  (logic 0.269ns (23.382%)  route 0.883ns (76.618%))
  Logic Levels:           1  (IBUF=1)
  Clock Path Skew:        3.558ns (DCD - SCD - CPR)
    Destination Clock Delay (DCD):    3.558ns
    Source Clock Delay      (SCD):    0.000ns
    Clock Pessimism Removal (CPR):    -0.000ns

    Location             Delay type                Incr(ns)  Path(ns)    Netlist Resource(s)
  -------------------------------------------------------------------    -------------------
    AA7                                               0.000     0.000 r  AC_GPIO1 (IN)
                         net (fo=0)                   0.000     0.000    AC_GPIO1
    AA7                  IBUF (Prop_ibuf_I_O)         0.269     0.269 r  AC_GPIO1_IBUF_inst/O
                         net (fo=1, routed)           0.883     1.152    i_audio/Inst_adau1761_izedboard/Inst_i2s_data_interface/AC_GPIO1
    SLICE_X26Y22         FDRE                                         r  i_audio/Inst_adau1761_izedboard/Inst_i2s_data_interface/i2s_d_in_last_reg/D
  -------------------------------------------------------------------    -------------------

                         (clock zed_audio_clk_48M rise edge)
                                                      0.000     0.000 r  
    Y9                                                0.000     0.000 r  clk_100 (IN)
                         net (fo=0)                   0.000     0.000    i_audio/i_clocking/clk_100
    Y9                   IBUF (Prop_ibuf_I_O)         0.446     0.446 r  i_audio/i_clocking/clkin1_buf/O
                         net (fo=1, routed)           0.719     1.165    i_audio/i_clocking/o_CLK_100
    BUFGCTRL_X0Y0        BUFG (Prop_bufg_I_O)         0.029     1.194 r  i_audio/i_clocking/o_CLK_100_BUFG_inst/O
                         net (fo=1798, routed)        0.862     2.056    i_audio/i_clocking/o_CLK_100_BUFG
    MMCME2_ADV_X1Y0      MMCME2_ADV (Prop_mmcme2_adv_CLKIN1_CLKOUT0)
                                                      0.053     2.109 r  i_audio/i_clocking/mmcm_adv_inst/CLKOUT0
                         net (fo=1, routed)           0.576     2.685    i_audio/i_clocking/zed_audio_clk_48M
    BUFGCTRL_X0Y1        BUFG (Prop_bufg_I_O)         0.029     2.714 r  i_audio/i_clocking/clkout1_buf/O
                         net (fo=226, routed)         0.844     3.558    i_audio/Inst_adau1761_izedboard/Inst_i2s_data_interface/CLK_48
    SLICE_X26Y22         FDRE                                         r  i_audio/Inst_adau1761_izedboard/Inst_i2s_data_interface/i2s_d_in_last_reg/C

Slack:                    inf
  Source:                 AC_GPIO3
                            (input port)
  Destination:            i_audio/Inst_adau1761_izedboard/Inst_i2s_data_interface/sr_out_reg[13]/D
                            (rising edge-triggered cell FDRE clocked by zed_audio_clk_48M  {rise@0.000ns fall@10.417ns period=20.833ns})
  Path Group:             (none)
  Path Type:              Hold (Min at Fast Process Corner)
  Data Path Delay:        1.426ns  (logic 0.297ns (20.844%)  route 1.129ns (79.156%))
  Logic Levels:           2  (IBUF=1 LUT4=1)
  Clock Path Skew:        3.537ns (DCD - SCD - CPR)
    Destination Clock Delay (DCD):    3.537ns
    Source Clock Delay      (SCD):    0.000ns
    Clock Pessimism Removal (CPR):    -0.000ns

    Location             Delay type                Incr(ns)  Path(ns)    Netlist Resource(s)
  -------------------------------------------------------------------    -------------------
    Y6                                                0.000     0.000 r  AC_GPIO3 (IN)
                         net (fo=0)                   0.000     0.000    AC_GPIO3
    Y6                   IBUF (Prop_ibuf_I_O)         0.252     0.252 r  AC_GPIO3_IBUF_inst/O
                         net (fo=52, routed)          1.129     1.381    i_audio/AC_GPIO3_IBUF
    SLICE_X35Y14         LUT4 (Prop_lut4_I1_O)        0.045     1.426 r  i_audio/sr_out[13]_i_1/O
                         net (fo=1, routed)           0.000     1.426    i_audio/Inst_adau1761_izedboard/Inst_i2s_data_interface/sr_out_reg[63]_0[5]
    SLICE_X35Y14         FDRE                                         r  i_audio/Inst_adau1761_izedboard/Inst_i2s_data_interface/sr_out_reg[13]/D
  -------------------------------------------------------------------    -------------------

                         (clock zed_audio_clk_48M rise edge)
                                                      0.000     0.000 r  
    Y9                                                0.000     0.000 r  clk_100 (IN)
                         net (fo=0)                   0.000     0.000    i_audio/i_clocking/clk_100
    Y9                   IBUF (Prop_ibuf_I_O)         0.446     0.446 r  i_audio/i_clocking/clkin1_buf/O
                         net (fo=1, routed)           0.719     1.165    i_audio/i_clocking/o_CLK_100
    BUFGCTRL_X0Y0        BUFG (Prop_bufg_I_O)         0.029     1.194 r  i_audio/i_clocking/o_CLK_100_BUFG_inst/O
                         net (fo=1798, routed)        0.862     2.056    i_audio/i_clocking/o_CLK_100_BUFG
    MMCME2_ADV_X1Y0      MMCME2_ADV (Prop_mmcme2_adv_CLKIN1_CLKOUT0)
                                                      0.053     2.109 r  i_audio/i_clocking/mmcm_adv_inst/CLKOUT0
                         net (fo=1, routed)           0.576     2.685    i_audio/i_clocking/zed_audio_clk_48M
    BUFGCTRL_X0Y1        BUFG (Prop_bufg_I_O)         0.029     2.714 r  i_audio/i_clocking/clkout1_buf/O
                         net (fo=226, routed)         0.823     3.537    i_audio/Inst_adau1761_izedboard/Inst_i2s_data_interface/CLK_48
    SLICE_X35Y14         FDRE                                         r  i_audio/Inst_adau1761_izedboard/Inst_i2s_data_interface/sr_out_reg[13]/C

Slack:                    inf
  Source:                 AC_GPIO2
                            (input port)
  Destination:            i_audio/Inst_adau1761_izedboard/Inst_i2s_data_interface/bclk_delay_reg[9]/D
                            (rising edge-triggered cell FDRE clocked by zed_audio_clk_48M  {rise@0.000ns fall@10.417ns period=20.833ns})
  Path Group:             (none)
  Path Type:              Hold (Min at Fast Process Corner)
  Data Path Delay:        1.433ns  (logic 0.262ns (18.320%)  route 1.170ns (81.680%))
  Logic Levels:           1  (IBUF=1)
  Clock Path Skew:        3.530ns (DCD - SCD - CPR)
    Destination Clock Delay (DCD):    3.530ns
    Source Clock Delay      (SCD):    0.000ns
    Clock Pessimism Removal (CPR):    -0.000ns

    Location             Delay type                Incr(ns)  Path(ns)    Netlist Resource(s)
  -------------------------------------------------------------------    -------------------
    AA6                                               0.000     0.000 r  AC_GPIO2 (IN)
                         net (fo=0)                   0.000     0.000    AC_GPIO2
    AA6                  IBUF (Prop_ibuf_I_O)         0.262     0.262 r  AC_GPIO2_IBUF_inst/O
                         net (fo=1, routed)           1.170     1.433    i_audio/Inst_adau1761_izedboard/Inst_i2s_data_interface/D[0]
    SLICE_X47Y20         FDRE                                         r  i_audio/Inst_adau1761_izedboard/Inst_i2s_data_interface/bclk_delay_reg[9]/D
  -------------------------------------------------------------------    -------------------

                         (clock zed_audio_clk_48M rise edge)
                                                      0.000     0.000 r  
    Y9                                                0.000     0.000 r  clk_100 (IN)
                         net (fo=0)                   0.000     0.000    i_audio/i_clocking/clk_100
    Y9                   IBUF (Prop_ibuf_I_O)         0.446     0.446 r  i_audio/i_clocking/clkin1_buf/O
                         net (fo=1, routed)           0.719     1.165    i_audio/i_clocking/o_CLK_100
    BUFGCTRL_X0Y0        BUFG (Prop_bufg_I_O)         0.029     1.194 r  i_audio/i_clocking/o_CLK_100_BUFG_inst/O
                         net (fo=1798, routed)        0.862     2.056    i_audio/i_clocking/o_CLK_100_BUFG
    MMCME2_ADV_X1Y0      MMCME2_ADV (Prop_mmcme2_adv_CLKIN1_CLKOUT0)
                                                      0.053     2.109 r  i_audio/i_clocking/mmcm_adv_inst/CLKOUT0
                         net (fo=1, routed)           0.576     2.685    i_audio/i_clocking/zed_audio_clk_48M
    BUFGCTRL_X0Y1        BUFG (Prop_bufg_I_O)         0.029     2.714 r  i_audio/i_clocking/clkout1_buf/O
                         net (fo=226, routed)         0.816     3.530    i_audio/Inst_adau1761_izedboard/Inst_i2s_data_interface/CLK_48
    SLICE_X47Y20         FDRE                                         r  i_audio/Inst_adau1761_izedboard/Inst_i2s_data_interface/bclk_delay_reg[9]/C

Slack:                    inf
  Source:                 AC_GPIO3
                            (input port)
  Destination:            i_audio/Inst_adau1761_izedboard/Inst_i2s_data_interface/sr_out_reg[19]/D
                            (rising edge-triggered cell FDRE clocked by zed_audio_clk_48M  {rise@0.000ns fall@10.417ns period=20.833ns})
  Path Group:             (none)
  Path Type:              Hold (Min at Fast Process Corner)
  Data Path Delay:        1.467ns  (logic 0.297ns (20.262%)  route 1.170ns (79.738%))
  Logic Levels:           2  (IBUF=1 LUT4=1)
  Clock Path Skew:        3.537ns (DCD - SCD - CPR)
    Destination Clock Delay (DCD):    3.537ns
    Source Clock Delay      (SCD):    0.000ns
    Clock Pessimism Removal (CPR):    -0.000ns

    Location             Delay type                Incr(ns)  Path(ns)    Netlist Resource(s)
  -------------------------------------------------------------------    -------------------
    Y6                                                0.000     0.000 r  AC_GPIO3 (IN)
                         net (fo=0)                   0.000     0.000    AC_GPIO3
    Y6                   IBUF (Prop_ibuf_I_O)         0.252     0.252 r  AC_GPIO3_IBUF_inst/O
                         net (fo=52, routed)          1.170     1.422    i_audio/AC_GPIO3_IBUF
    SLICE_X35Y14         LUT4 (Prop_lut4_I1_O)        0.045     1.467 r  i_audio/sr_out[19]_i_1/O
                         net (fo=1, routed)           0.000     1.467    i_audio/Inst_adau1761_izedboard/Inst_i2s_data_interface/sr_out_reg[63]_0[11]
    SLICE_X35Y14         FDRE                                         r  i_audio/Inst_adau1761_izedboard/Inst_i2s_data_interface/sr_out_reg[19]/D
  -------------------------------------------------------------------    -------------------

                         (clock zed_audio_clk_48M rise edge)
                                                      0.000     0.000 r  
    Y9                                                0.000     0.000 r  clk_100 (IN)
                         net (fo=0)                   0.000     0.000    i_audio/i_clocking/clk_100
    Y9                   IBUF (Prop_ibuf_I_O)         0.446     0.446 r  i_audio/i_clocking/clkin1_buf/O
                         net (fo=1, routed)           0.719     1.165    i_audio/i_clocking/o_CLK_100
    BUFGCTRL_X0Y0        BUFG (Prop_bufg_I_O)         0.029     1.194 r  i_audio/i_clocking/o_CLK_100_BUFG_inst/O
                         net (fo=1798, routed)        0.862     2.056    i_audio/i_clocking/o_CLK_100_BUFG
    MMCME2_ADV_X1Y0      MMCME2_ADV (Prop_mmcme2_adv_CLKIN1_CLKOUT0)
                                                      0.053     2.109 r  i_audio/i_clocking/mmcm_adv_inst/CLKOUT0
                         net (fo=1, routed)           0.576     2.685    i_audio/i_clocking/zed_audio_clk_48M
    BUFGCTRL_X0Y1        BUFG (Prop_bufg_I_O)         0.029     2.714 r  i_audio/i_clocking/clkout1_buf/O
                         net (fo=226, routed)         0.823     3.537    i_audio/Inst_adau1761_izedboard/Inst_i2s_data_interface/CLK_48
    SLICE_X35Y14         FDRE                                         r  i_audio/Inst_adau1761_izedboard/Inst_i2s_data_interface/sr_out_reg[19]/C

Slack:                    inf
  Source:                 AC_GPIO3
                            (input port)
  Destination:            i_audio/Inst_adau1761_izedboard/Inst_i2s_data_interface/sr_out_reg[12]/D
                            (rising edge-triggered cell FDRE clocked by zed_audio_clk_48M  {rise@0.000ns fall@10.417ns period=20.833ns})
  Path Group:             (none)
  Path Type:              Hold (Min at Fast Process Corner)
  Data Path Delay:        1.478ns  (logic 0.297ns (20.111%)  route 1.181ns (79.889%))
  Logic Levels:           2  (IBUF=1 LUT4=1)
  Clock Path Skew:        3.537ns (DCD - SCD - CPR)
    Destination Clock Delay (DCD):    3.537ns
    Source Clock Delay      (SCD):    0.000ns
    Clock Pessimism Removal (CPR):    -0.000ns

    Location             Delay type                Incr(ns)  Path(ns)    Netlist Resource(s)
  -------------------------------------------------------------------    -------------------
    Y6                                                0.000     0.000 r  AC_GPIO3 (IN)
                         net (fo=0)                   0.000     0.000    AC_GPIO3
    Y6                   IBUF (Prop_ibuf_I_O)         0.252     0.252 r  AC_GPIO3_IBUF_inst/O
                         net (fo=52, routed)          1.181     1.433    i_audio/AC_GPIO3_IBUF
    SLICE_X35Y14         LUT4 (Prop_lut4_I1_O)        0.045     1.478 r  i_audio/sr_out[12]_i_1/O
                         net (fo=1, routed)           0.000     1.478    i_audio/Inst_adau1761_izedboard/Inst_i2s_data_interface/sr_out_reg[63]_0[4]
    SLICE_X35Y14         FDRE                                         r  i_audio/Inst_adau1761_izedboard/Inst_i2s_data_interface/sr_out_reg[12]/D
  -------------------------------------------------------------------    -------------------

                         (clock zed_audio_clk_48M rise edge)
                                                      0.000     0.000 r  
    Y9                                                0.000     0.000 r  clk_100 (IN)
                         net (fo=0)                   0.000     0.000    i_audio/i_clocking/clk_100
    Y9                   IBUF (Prop_ibuf_I_O)         0.446     0.446 r  i_audio/i_clocking/clkin1_buf/O
                         net (fo=1, routed)           0.719     1.165    i_audio/i_clocking/o_CLK_100
    BUFGCTRL_X0Y0        BUFG (Prop_bufg_I_O)         0.029     1.194 r  i_audio/i_clocking/o_CLK_100_BUFG_inst/O
                         net (fo=1798, routed)        0.862     2.056    i_audio/i_clocking/o_CLK_100_BUFG
    MMCME2_ADV_X1Y0      MMCME2_ADV (Prop_mmcme2_adv_CLKIN1_CLKOUT0)
                                                      0.053     2.109 r  i_audio/i_clocking/mmcm_adv_inst/CLKOUT0
                         net (fo=1, routed)           0.576     2.685    i_audio/i_clocking/zed_audio_clk_48M
    BUFGCTRL_X0Y1        BUFG (Prop_bufg_I_O)         0.029     2.714 r  i_audio/i_clocking/clkout1_buf/O
                         net (fo=226, routed)         0.823     3.537    i_audio/Inst_adau1761_izedboard/Inst_i2s_data_interface/CLK_48
    SLICE_X35Y14         FDRE                                         r  i_audio/Inst_adau1761_izedboard/Inst_i2s_data_interface/sr_out_reg[12]/C

Slack:                    inf
  Source:                 AC_GPIO3
                            (input port)
  Destination:            i_audio/Inst_adau1761_izedboard/Inst_i2s_data_interface/sr_out_reg[16]/D
                            (rising edge-triggered cell FDRE clocked by zed_audio_clk_48M  {rise@0.000ns fall@10.417ns period=20.833ns})
  Path Group:             (none)
  Path Type:              Hold (Min at Fast Process Corner)
  Data Path Delay:        1.514ns  (logic 0.297ns (19.633%)  route 1.217ns (80.367%))
  Logic Levels:           2  (IBUF=1 LUT4=1)
  Clock Path Skew:        3.537ns (DCD - SCD - CPR)
    Destination Clock Delay (DCD):    3.537ns
    Source Clock Delay      (SCD):    0.000ns
    Clock Pessimism Removal (CPR):    -0.000ns

    Location             Delay type                Incr(ns)  Path(ns)    Netlist Resource(s)
  -------------------------------------------------------------------    -------------------
    Y6                                                0.000     0.000 r  AC_GPIO3 (IN)
                         net (fo=0)                   0.000     0.000    AC_GPIO3
    Y6                   IBUF (Prop_ibuf_I_O)         0.252     0.252 r  AC_GPIO3_IBUF_inst/O
                         net (fo=52, routed)          1.217     1.469    i_audio/AC_GPIO3_IBUF
    SLICE_X34Y13         LUT4 (Prop_lut4_I1_O)        0.045     1.514 r  i_audio/sr_out[16]_i_1/O
                         net (fo=1, routed)           0.000     1.514    i_audio/Inst_adau1761_izedboard/Inst_i2s_data_interface/sr_out_reg[63]_0[8]
    SLICE_X34Y13         FDRE                                         r  i_audio/Inst_adau1761_izedboard/Inst_i2s_data_interface/sr_out_reg[16]/D
  -------------------------------------------------------------------    -------------------

                         (clock zed_audio_clk_48M rise edge)
                                                      0.000     0.000 r  
    Y9                                                0.000     0.000 r  clk_100 (IN)
                         net (fo=0)                   0.000     0.000    i_audio/i_clocking/clk_100
    Y9                   IBUF (Prop_ibuf_I_O)         0.446     0.446 r  i_audio/i_clocking/clkin1_buf/O
                         net (fo=1, routed)           0.719     1.165    i_audio/i_clocking/o_CLK_100
    BUFGCTRL_X0Y0        BUFG (Prop_bufg_I_O)         0.029     1.194 r  i_audio/i_clocking/o_CLK_100_BUFG_inst/O
                         net (fo=1798, routed)        0.862     2.056    i_audio/i_clocking/o_CLK_100_BUFG
    MMCME2_ADV_X1Y0      MMCME2_ADV (Prop_mmcme2_adv_CLKIN1_CLKOUT0)
                                                      0.053     2.109 r  i_audio/i_clocking/mmcm_adv_inst/CLKOUT0
                         net (fo=1, routed)           0.576     2.685    i_audio/i_clocking/zed_audio_clk_48M
    BUFGCTRL_X0Y1        BUFG (Prop_bufg_I_O)         0.029     2.714 r  i_audio/i_clocking/clkout1_buf/O
                         net (fo=226, routed)         0.823     3.537    i_audio/Inst_adau1761_izedboard/Inst_i2s_data_interface/CLK_48
    SLICE_X34Y13         FDRE                                         r  i_audio/Inst_adau1761_izedboard/Inst_i2s_data_interface/sr_out_reg[16]/C

Slack:                    inf
  Source:                 AC_GPIO3
                            (input port)
  Destination:            i_audio/Inst_adau1761_izedboard/Inst_i2s_data_interface/sr_out_reg[18]/D
                            (rising edge-triggered cell FDRE clocked by zed_audio_clk_48M  {rise@0.000ns fall@10.417ns period=20.833ns})
  Path Group:             (none)
  Path Type:              Hold (Min at Fast Process Corner)
  Data Path Delay:        1.536ns  (logic 0.297ns (19.358%)  route 1.238ns (80.642%))
  Logic Levels:           2  (IBUF=1 LUT4=1)
  Clock Path Skew:        3.537ns (DCD - SCD - CPR)
    Destination Clock Delay (DCD):    3.537ns
    Source Clock Delay      (SCD):    0.000ns
    Clock Pessimism Removal (CPR):    -0.000ns

    Location             Delay type                Incr(ns)  Path(ns)    Netlist Resource(s)
  -------------------------------------------------------------------    -------------------
    Y6                                                0.000     0.000 r  AC_GPIO3 (IN)
                         net (fo=0)                   0.000     0.000    AC_GPIO3
    Y6                   IBUF (Prop_ibuf_I_O)         0.252     0.252 r  AC_GPIO3_IBUF_inst/O
                         net (fo=52, routed)          1.238     1.491    i_audio/AC_GPIO3_IBUF
    SLICE_X34Y13         LUT4 (Prop_lut4_I1_O)        0.045     1.536 r  i_audio/sr_out[18]_i_1/O
                         net (fo=1, routed)           0.000     1.536    i_audio/Inst_adau1761_izedboard/Inst_i2s_data_interface/sr_out_reg[63]_0[10]
    SLICE_X34Y13         FDRE                                         r  i_audio/Inst_adau1761_izedboard/Inst_i2s_data_interface/sr_out_reg[18]/D
  -------------------------------------------------------------------    -------------------

                         (clock zed_audio_clk_48M rise edge)
                                                      0.000     0.000 r  
    Y9                                                0.000     0.000 r  clk_100 (IN)
                         net (fo=0)                   0.000     0.000    i_audio/i_clocking/clk_100
    Y9                   IBUF (Prop_ibuf_I_O)         0.446     0.446 r  i_audio/i_clocking/clkin1_buf/O
                         net (fo=1, routed)           0.719     1.165    i_audio/i_clocking/o_CLK_100
    BUFGCTRL_X0Y0        BUFG (Prop_bufg_I_O)         0.029     1.194 r  i_audio/i_clocking/o_CLK_100_BUFG_inst/O
                         net (fo=1798, routed)        0.862     2.056    i_audio/i_clocking/o_CLK_100_BUFG
    MMCME2_ADV_X1Y0      MMCME2_ADV (Prop_mmcme2_adv_CLKIN1_CLKOUT0)
                                                      0.053     2.109 r  i_audio/i_clocking/mmcm_adv_inst/CLKOUT0
                         net (fo=1, routed)           0.576     2.685    i_audio/i_clocking/zed_audio_clk_48M
    BUFGCTRL_X0Y1        BUFG (Prop_bufg_I_O)         0.029     2.714 r  i_audio/i_clocking/clkout1_buf/O
                         net (fo=226, routed)         0.823     3.537    i_audio/Inst_adau1761_izedboard/Inst_i2s_data_interface/CLK_48
    SLICE_X34Y13         FDRE                                         r  i_audio/Inst_adau1761_izedboard/Inst_i2s_data_interface/sr_out_reg[18]/C

Slack:                    inf
  Source:                 AC_GPIO3
                            (input port)
  Destination:            i_audio/Inst_adau1761_izedboard/Inst_i2s_data_interface/sr_out_reg[15]/D
                            (rising edge-triggered cell FDRE clocked by zed_audio_clk_48M  {rise@0.000ns fall@10.417ns period=20.833ns})
  Path Group:             (none)
  Path Type:              Hold (Min at Fast Process Corner)
  Data Path Delay:        1.586ns  (logic 0.297ns (18.742%)  route 1.289ns (81.258%))
  Logic Levels:           2  (IBUF=1 LUT4=1)
  Clock Path Skew:        3.537ns (DCD - SCD - CPR)
    Destination Clock Delay (DCD):    3.537ns
    Source Clock Delay      (SCD):    0.000ns
    Clock Pessimism Removal (CPR):    -0.000ns

    Location             Delay type                Incr(ns)  Path(ns)    Netlist Resource(s)
  -------------------------------------------------------------------    -------------------
    Y6                                                0.000     0.000 r  AC_GPIO3 (IN)
                         net (fo=0)                   0.000     0.000    AC_GPIO3
    Y6                   IBUF (Prop_ibuf_I_O)         0.252     0.252 r  AC_GPIO3_IBUF_inst/O
                         net (fo=52, routed)          1.289     1.541    i_audio/AC_GPIO3_IBUF
    SLICE_X34Y13         LUT4 (Prop_lut4_I1_O)        0.045     1.586 r  i_audio/sr_out[15]_i_1/O
                         net (fo=1, routed)           0.000     1.586    i_audio/Inst_adau1761_izedboard/Inst_i2s_data_interface/sr_out_reg[63]_0[7]
    SLICE_X34Y13         FDRE                                         r  i_audio/Inst_adau1761_izedboard/Inst_i2s_data_interface/sr_out_reg[15]/D
  -------------------------------------------------------------------    -------------------

                         (clock zed_audio_clk_48M rise edge)
                                                      0.000     0.000 r  
    Y9                                                0.000     0.000 r  clk_100 (IN)
                         net (fo=0)                   0.000     0.000    i_audio/i_clocking/clk_100
    Y9                   IBUF (Prop_ibuf_I_O)         0.446     0.446 r  i_audio/i_clocking/clkin1_buf/O
                         net (fo=1, routed)           0.719     1.165    i_audio/i_clocking/o_CLK_100
    BUFGCTRL_X0Y0        BUFG (Prop_bufg_I_O)         0.029     1.194 r  i_audio/i_clocking/o_CLK_100_BUFG_inst/O
                         net (fo=1798, routed)        0.862     2.056    i_audio/i_clocking/o_CLK_100_BUFG
    MMCME2_ADV_X1Y0      MMCME2_ADV (Prop_mmcme2_adv_CLKIN1_CLKOUT0)
                                                      0.053     2.109 r  i_audio/i_clocking/mmcm_adv_inst/CLKOUT0
                         net (fo=1, routed)           0.576     2.685    i_audio/i_clocking/zed_audio_clk_48M
    BUFGCTRL_X0Y1        BUFG (Prop_bufg_I_O)         0.029     2.714 r  i_audio/i_clocking/clkout1_buf/O
                         net (fo=226, routed)         0.823     3.537    i_audio/Inst_adau1761_izedboard/Inst_i2s_data_interface/CLK_48
    SLICE_X34Y13         FDRE                                         r  i_audio/Inst_adau1761_izedboard/Inst_i2s_data_interface/sr_out_reg[15]/C

Slack:                    inf
  Source:                 AC_GPIO3
                            (input port)
  Destination:            i_audio/Inst_adau1761_izedboard/Inst_i2s_data_interface/sr_out_reg[14]/D
                            (rising edge-triggered cell FDRE clocked by zed_audio_clk_48M  {rise@0.000ns fall@10.417ns period=20.833ns})
  Path Group:             (none)
  Path Type:              Hold (Min at Fast Process Corner)
  Data Path Delay:        1.635ns  (logic 0.297ns (18.180%)  route 1.338ns (81.820%))
  Logic Levels:           2  (IBUF=1 LUT4=1)
  Clock Path Skew:        3.537ns (DCD - SCD - CPR)
    Destination Clock Delay (DCD):    3.537ns
    Source Clock Delay      (SCD):    0.000ns
    Clock Pessimism Removal (CPR):    -0.000ns

    Location             Delay type                Incr(ns)  Path(ns)    Netlist Resource(s)
  -------------------------------------------------------------------    -------------------
    Y6                                                0.000     0.000 r  AC_GPIO3 (IN)
                         net (fo=0)                   0.000     0.000    AC_GPIO3
    Y6                   IBUF (Prop_ibuf_I_O)         0.252     0.252 r  AC_GPIO3_IBUF_inst/O
                         net (fo=52, routed)          1.338     1.590    i_audio/AC_GPIO3_IBUF
    SLICE_X35Y14         LUT4 (Prop_lut4_I1_O)        0.045     1.635 r  i_audio/sr_out[14]_i_1/O
                         net (fo=1, routed)           0.000     1.635    i_audio/Inst_adau1761_izedboard/Inst_i2s_data_interface/sr_out_reg[63]_0[6]
    SLICE_X35Y14         FDRE                                         r  i_audio/Inst_adau1761_izedboard/Inst_i2s_data_interface/sr_out_reg[14]/D
  -------------------------------------------------------------------    -------------------

                         (clock zed_audio_clk_48M rise edge)
                                                      0.000     0.000 r  
    Y9                                                0.000     0.000 r  clk_100 (IN)
                         net (fo=0)                   0.000     0.000    i_audio/i_clocking/clk_100
    Y9                   IBUF (Prop_ibuf_I_O)         0.446     0.446 r  i_audio/i_clocking/clkin1_buf/O
                         net (fo=1, routed)           0.719     1.165    i_audio/i_clocking/o_CLK_100
    BUFGCTRL_X0Y0        BUFG (Prop_bufg_I_O)         0.029     1.194 r  i_audio/i_clocking/o_CLK_100_BUFG_inst/O
                         net (fo=1798, routed)        0.862     2.056    i_audio/i_clocking/o_CLK_100_BUFG
    MMCME2_ADV_X1Y0      MMCME2_ADV (Prop_mmcme2_adv_CLKIN1_CLKOUT0)
                                                      0.053     2.109 r  i_audio/i_clocking/mmcm_adv_inst/CLKOUT0
                         net (fo=1, routed)           0.576     2.685    i_audio/i_clocking/zed_audio_clk_48M
    BUFGCTRL_X0Y1        BUFG (Prop_bufg_I_O)         0.029     2.714 r  i_audio/i_clocking/clkout1_buf/O
                         net (fo=226, routed)         0.823     3.537    i_audio/Inst_adau1761_izedboard/Inst_i2s_data_interface/CLK_48
    SLICE_X35Y14         FDRE                                         r  i_audio/Inst_adau1761_izedboard/Inst_i2s_data_interface/sr_out_reg[14]/C





